{"type":"FeatureCollection","features":[{"type":"Feature","properties":{"distrito_f":1},"geometry":{"type":"Polygon","coordinates":[[[-103.585651,18.865451],[-103.585249,18.865478],[-103.58457,18.86577],[-103.584494,18.865802],[-103.583526,18.870999],[-103.583347,18.8717],[-103.583342,18.87232],[-103.583629,18.872652],[-103.583856,18.87315],[-103.583908,18.873853],[-103.583674,18.874264],[-103.583207,18.874714],[-103.582682,18.875164],[-103.581985,18.875448],[-103.581231,18.875648],[-103.580131,18.875681],[-103.578918,18.87534],[-103.577938,18.874878],[-103.577656,18.873967],[-103.577315,18.873179],[-103.576509,18.872594],[-103.575701,18.872299],[-103.575298,18.872006],[-103.575013,18.871425],[-103.574727,18.870969],[-103.574151,18.870675],[-103.573282,18.870709],[-103.5727,18.871159],[-103.572695,18.871778],[-103.572518,18.872149],[-103.572341,18.872601],[-103.572395,18.873098],[-103.57238,18.874874],[-103.572463,18.878923],[-103.572106,18.880076],[-103.571698,18.880527],[-103.571114,18.881142],[-103.570473,18.881632],[-103.569833,18.88204],[-103.569251,18.882366],[-103.568841,18.882941],[-103.568662,18.883642],[-103.568712,18.884551],[-103.568761,18.885625],[-103.568812,18.886534],[-103.568979,18.887403],[-103.569147,18.888066],[-103.568969,18.888601],[-103.568847,18.889302],[-103.568958,18.889964],[-103.568594,18.891944],[-103.568995,18.892526],[-103.568747,18.892701],[-103.567703,18.89298],[-103.567068,18.89285],[-103.566257,18.892884],[-103.565215,18.892915],[-103.564461,18.893156],[-103.563824,18.893191],[-103.56313,18.893143],[-103.562374,18.893549],[-103.561792,18.894039],[-103.561325,18.894488],[-103.560744,18.894772],[-103.560452,18.895182],[-103.55981,18.895795],[-103.559402,18.896286],[-103.559166,18.896821],[-103.559452,18.897236],[-103.559275,18.897771],[-103.55927,18.898432],[-103.559206,18.899174],[-103.558967,18.900121],[-103.558788,18.900945],[-103.558607,18.901851],[-103.558947,18.902804],[-103.558998,18.903713],[-103.559051,18.904374],[-103.558931,18.904909],[-103.55858,18.905484],[-103.558403,18.905936],[-103.558225,18.90643],[-103.557757,18.907086],[-103.557005,18.907079],[-103.556542,18.906992],[-103.556138,18.906905],[-103.555676,18.906695],[-103.555158,18.906318],[-103.554523,18.906147],[-103.554004,18.905812],[-103.553718,18.905355],[-103.553253,18.905598],[-103.552671,18.906088],[-103.552088,18.906578],[-103.551274,18.907065],[-103.550576,18.907513],[-103.549937,18.907796],[-103.549358,18.907873],[-103.54872,18.907991],[-103.547967,18.908066],[-103.546692,18.908301],[-103.545997,18.908336],[-103.545071,18.908711],[-103.544198,18.908938],[-103.542975,18.909834],[-103.542222,18.90991],[-103.542225,18.909621],[-103.542399,18.90954],[-103.542516,18.909335],[-103.541937,18.909329],[-103.541473,18.909449],[-103.541068,18.909403],[-103.540549,18.909233],[-103.539915,18.908897],[-103.538068,18.908177],[-103.536518,18.90647],[-103.535653,18.906049],[-103.534844,18.905835],[-103.534152,18.905539],[-103.533693,18.904957],[-103.533115,18.904869],[-103.532739,18.904927],[-103.532362,18.904985],[-103.531314,18.905718],[-103.530788,18.906415],[-103.530667,18.907074],[-103.530374,18.907567],[-103.530022,18.908141],[-103.529611,18.908963],[-103.529606,18.909582],[-103.529599,18.91049],[-103.529246,18.91123],[-103.52872,18.911803],[-103.528195,18.912417],[-103.528249,18.912913],[-103.528534,18.913493],[-103.52882,18.913909],[-103.52905,18.914076],[-103.529454,18.914245],[-103.5298,18.914414],[-103.530145,18.914747],[-103.532092,18.91749],[-103.532261,18.91807],[-103.53243,18.918608],[-103.532543,18.91896],[-103.532656,18.919312],[-103.533055,18.920141],[-103.533401,18.920351],[-103.533511,18.921095],[-103.533507,18.921673],[-103.533617,18.922335],[-103.533904,18.922709],[-103.534133,18.923],[-103.53401,18.923907],[-103.533947,18.924567],[-103.533942,18.925269],[-103.533995,18.92593],[-103.534046,18.926797],[-103.533868,18.927332],[-103.533345,18.927574],[-103.532881,18.927776],[-103.532185,18.927893],[-103.531374,18.927968],[-103.530913,18.927716],[-103.530218,18.927668],[-103.529234,18.927741],[-103.528307,18.927815],[-103.527322,18.927888],[-103.526397,18.927755],[-103.525128,18.927206],[-103.524434,18.926993],[-103.523972,18.926947],[-103.523274,18.927353],[-103.52275,18.92772],[-103.522517,18.927841],[-103.521588,18.928286],[-103.520711,18.929351],[-103.520763,18.930053],[-103.520816,18.930797],[-103.520461,18.93166],[-103.51982,18.932314],[-103.519005,18.932843],[-103.518076,18.933206],[-103.517265,18.933239],[-103.516743,18.933317],[-103.516104,18.933599],[-103.515466,18.933841],[-103.51471,18.934164],[-103.514071,18.934529],[-103.513835,18.935063],[-103.513714,18.935764],[-103.513708,18.936465],[-103.514106,18.93746],[-103.514509,18.937712],[-103.514736,18.938292],[-103.514963,18.938872],[-103.515537,18.939538],[-103.515939,18.939955],[-103.516398,18.940496],[-103.516857,18.940954],[-103.517776,18.941913],[-103.51858,18.942787],[-103.519328,18.943414],[-103.520187,18.944537],[-103.520528,18.945365],[-103.520929,18.945947],[-103.521736,18.946409],[-103.52231,18.947034],[-103.522596,18.947532],[-103.522301,18.948148],[-103.521775,18.948804],[-103.521307,18.949501],[-103.520549,18.950071],[-103.519969,18.950313],[-103.518867,18.950468],[-103.518347,18.95038],[-103.51771,18.950374],[-103.517131,18.950368],[-103.516784,18.950282],[-103.51696,18.950037],[-103.516671,18.94991],[-103.516267,18.949823],[-103.515632,18.94957],[-103.514879,18.949562],[-103.514184,18.949679],[-103.513259,18.949505],[-103.512624,18.949251],[-103.512049,18.94875],[-103.511704,18.948375],[-103.511882,18.947882],[-103.511715,18.947013],[-103.511372,18.946473],[-103.510622,18.946095],[-103.509986,18.946047],[-103.508823,18.946572],[-103.507835,18.947099],[-103.507078,18.947587],[-103.506613,18.947872],[-103.505914,18.94836],[-103.505563,18.948811],[-103.505154,18.949385],[-103.504916,18.950125],[-103.504852,18.95095],[-103.504647,18.951217],[-103.504442,18.951483],[-103.504495,18.952185],[-103.504349,18.952935],[-103.504229,18.954282],[-103.504183,18.95503],[-103.504005,18.955483],[-103.503945,18.955812],[-103.503536,18.956304],[-103.503302,18.95659],[-103.502951,18.956958],[-103.502774,18.957411],[-103.502942,18.958197],[-103.503341,18.958985],[-103.504033,18.95928],[-103.504321,18.959531],[-103.504551,18.95974],[-103.505362,18.959665],[-103.506057,18.959631],[-103.507099,18.959641],[-103.507967,18.959773],[-103.508541,18.960398],[-103.508767,18.961143],[-103.508993,18.961806],[-103.509278,18.962304],[-103.509334,18.962593],[-103.509158,18.962881],[-103.509038,18.963375],[-103.506837,18.963477],[-103.505742,18.962847],[-103.504992,18.96251],[-103.504184,18.962171],[-103.50332,18.961668],[-103.502277,18.961699],[-103.501525,18.96165],[-103.501122,18.961316],[-103.500429,18.96102],[-103.499793,18.960973],[-103.499098,18.960966],[-103.498522,18.96063],[-103.497945,18.960376],[-103.49754,18.960249],[-103.496566,18.959001],[-103.496104,18.958914],[-103.49541,18.9587],[-103.494834,18.958406],[-103.494488,18.958196],[-103.49362,18.958105],[-103.492578,18.958095],[-103.491883,18.958129],[-103.491186,18.958411],[-103.490489,18.958693],[-103.490023,18.95906],[-103.48996,18.959679],[-103.489953,18.960504],[-103.489661,18.960873],[-103.48931,18.961323],[-103.488959,18.961733],[-103.48884,18.962185],[-103.48872,18.962721],[-103.488656,18.963422],[-103.488592,18.964247],[-103.488529,18.964824],[-103.488532,18.965896],[-103.488914,18.967428],[-103.489485,18.968342],[-103.490116,18.969091],[-103.491273,18.969268],[-103.492662,18.969323],[-103.493587,18.969539],[-103.494508,18.970167],[-103.495082,18.970833],[-103.495539,18.971622],[-103.495764,18.972449],[-103.495412,18.972983],[-103.49448,18.973758],[-103.494008,18.974785],[-103.49261,18.975844],[-103.49231,18.977121],[-103.491957,18.977861],[-103.491426,18.979052],[-103.490839,18.98012],[-103.490137,18.981021],[-103.490595,18.981603],[-103.490824,18.981977],[-103.491052,18.982434],[-103.491278,18.983055],[-103.491446,18.9838],[-103.491671,18.984627],[-103.491837,18.985578],[-103.492006,18.986282],[-103.492292,18.986697],[-103.492461,18.987318],[-103.492515,18.987773],[-103.492278,18.98839],[-103.492037,18.989626],[-103.491973,18.990409],[-103.491617,18.991438],[-103.491554,18.992056],[-103.491317,18.992673],[-103.491136,18.993662],[-103.490951,18.994981],[-103.490998,18.996426],[-103.491277,18.997667],[-103.491736,18.998291],[-103.492364,18.999329],[-103.492763,19.000159],[-103.492991,19.000615],[-103.492984,19.001523],[-103.49292,19.002307],[-103.493029,19.003092],[-103.49314,19.003712],[-103.493192,19.004456],[-103.493185,19.005323],[-103.493412,19.005944],[-103.49364,19.006442],[-103.493753,19.006814],[-103.49421,19.007562],[-103.494668,19.008227],[-103.495126,19.008892],[-103.495583,19.009681],[-103.496041,19.010346],[-103.496327,19.010844],[-103.496612,19.011342],[-103.496842,19.011551],[-103.497068,19.011622],[-103.497247,19.011678],[-103.49771,19.011724],[-103.498231,19.011729],[-103.498519,19.011897],[-103.498575,19.012228],[-103.498398,19.012557],[-103.498164,19.012843],[-103.498046,19.013131],[-103.497871,19.013336],[-103.497405,19.01362],[-103.496765,19.014026],[-103.496126,19.014185],[-103.49543,19.014302],[-103.494792,19.014461],[-103.494442,19.014746],[-103.494149,19.015156],[-103.494029,19.015651],[-103.494025,19.016187],[-103.49402,19.016848],[-103.493898,19.017548],[-103.493836,19.018084],[-103.493946,19.018787],[-103.493883,19.019488],[-103.493879,19.020025],[-103.493759,19.020436],[-103.49358,19.021136],[-103.493456,19.022126],[-103.493452,19.022621],[-103.493334,19.02295],[-103.493042,19.023277],[-103.491644,19.024213],[-103.489955,19.025311],[-103.489432,19.025553],[-103.489082,19.025921],[-103.488847,19.026332],[-103.488609,19.027113],[-103.488714,19.028435],[-103.489977,19.02981],[-103.490382,19.029855],[-103.490556,19.029898],[-103.490903,19.029984],[-103.491132,19.030276],[-103.491186,19.030771],[-103.491182,19.031225],[-103.491007,19.031389],[-103.490832,19.031552],[-103.490715,19.031757],[-103.490653,19.03217],[-103.490766,19.032583],[-103.49088,19.03275],[-103.491169,19.032876],[-103.491457,19.033044],[-103.491978,19.033173],[-103.492613,19.033386],[-103.493133,19.033598],[-103.493653,19.033768],[-103.494403,19.034105],[-103.495039,19.034277],[-103.4955,19.034529],[-103.495847,19.034698],[-103.496308,19.03495],[-103.496653,19.035201],[-103.496709,19.03549],[-103.496591,19.035819],[-103.49653,19.03619],[-103.496467,19.036809],[-103.496404,19.037386],[-103.496284,19.037963],[-103.49622,19.038747],[-103.496329,19.039532],[-103.496381,19.040275],[-103.496494,19.040689],[-103.496601,19.041722],[-103.496714,19.042095],[-103.496884,19.042633],[-103.497282,19.043545],[-103.497482,19.043939],[-103.497681,19.044334],[-103.497967,19.044832],[-103.498254,19.045165],[-103.498541,19.045456],[-103.498886,19.045831],[-103.499172,19.046206],[-103.499632,19.046706],[-103.500035,19.046999],[-103.500381,19.04725],[-103.500784,19.047584],[-103.500896,19.047956],[-103.501124,19.048537],[-103.501294,19.04891],[-103.501524,19.049118],[-103.501756,19.049203],[-103.502045,19.049165],[-103.502566,19.049252],[-103.502971,19.049339],[-103.503723,19.049429],[-103.504302,19.049476],[-103.505171,19.049484],[-103.505865,19.049656],[-103.506152,19.049989],[-103.506549,19.051149],[-103.506651,19.051424],[-103.507408,19.052084],[-103.508086,19.053372],[-103.508534,19.054493],[-103.508757,19.055156],[-103.509091,19.056151],[-103.509703,19.058017],[-103.510395,19.058355],[-103.511378,19.058572],[-103.511609,19.058657],[-103.512358,19.059078],[-103.512758,19.059496],[-103.513334,19.059832],[-103.514023,19.060335],[-103.514428,19.060464],[-103.514774,19.060633],[-103.515353,19.06068],[-103.516337,19.060897],[-103.516684,19.060983],[-103.516914,19.06111],[-103.51726,19.06132],[-103.517771,19.062069],[-103.51822,19.063148],[-103.518505,19.063523],[-103.519364,19.064358],[-103.519764,19.064776],[-103.520915,19.06549],[-103.522353,19.066415],[-103.522696,19.06679],[-103.522915,19.067743],[-103.522909,19.068156],[-103.522954,19.069107],[-103.522998,19.070099],[-103.522989,19.070719],[-103.522743,19.071666],[-103.522384,19.072489],[-103.522019,19.073642],[-103.522296,19.074554],[-103.522573,19.075549],[-103.522845,19.076832],[-103.523306,19.077044],[-103.523652,19.077213],[-103.52394,19.07734],[-103.524344,19.077551],[-103.524803,19.077886],[-103.52549,19.078554],[-103.525774,19.079012],[-103.525882,19.079591],[-103.525754,19.080416],[-103.525635,19.080622],[-103.525048,19.081111],[-103.524695,19.08148],[-103.524685,19.082141],[-103.524793,19.08272],[-103.524722,19.083629],[-103.524539,19.084246],[-103.524475,19.0847],[-103.524294,19.085194],[-103.524122,19.085623],[-103.523632,19.086881],[-103.523501,19.087872],[-103.523439,19.08816],[-103.523081,19.088859],[-103.522605,19.08968],[-103.522542,19.090052],[-103.522591,19.090672],[-103.52269,19.091871],[-103.522212,19.092858],[-103.521856,19.093433],[-103.521205,19.094252],[-103.520735,19.09466],[-103.51979,19.095807],[-103.519258,19.096463],[-103.518024,19.097565],[-103.51749,19.098345],[-103.517596,19.09909],[-103.518674,19.10043],[-103.519596,19.101058],[-103.520458,19.102016],[-103.521034,19.102517],[-103.521483,19.104296],[-103.521248,19.104748],[-103.521301,19.105285],[-103.520881,19.107221],[-103.520756,19.108335],[-103.52075,19.109077],[-103.520627,19.109984],[-103.520617,19.111223],[-103.520664,19.112627],[-103.521529,19.11313],[-103.522163,19.113591],[-103.523028,19.114177],[-103.523369,19.115047],[-103.523301,19.116285],[-103.52295,19.116694],[-103.522656,19.117269],[-103.522245,19.117884],[-103.522066,19.118626],[-103.521887,19.119284],[-103.521532,19.120148],[-103.521064,19.12068],[-103.520361,19.121705],[-103.519888,19.122856],[-103.519183,19.124087],[-103.51854,19.124783],[-103.517779,19.125642],[-103.517255,19.126009],[-103.517077,19.126543],[-103.516552,19.126992],[-103.515792,19.127769],[-103.515089,19.128629],[-103.514327,19.129819],[-103.513625,19.130596],[-103.512578,19.13104],[-103.512229,19.131202],[-103.511878,19.131611],[-103.511296,19.131935],[-103.510948,19.131891],[-103.510887,19.132344],[-103.510883,19.132839],[-103.51105,19.133625],[-103.511798,19.134376],[-103.512827,19.136119],[-103.513571,19.137365],[-103.513563,19.138397],[-103.512976,19.139258],[-103.512916,19.139588],[-103.512969,19.140207],[-103.513022,19.140868],[-103.512785,19.141403],[-103.512197,19.142553],[-103.511707,19.145767],[-103.511409,19.146796],[-103.510709,19.147409],[-103.509948,19.148268],[-103.509421,19.148923],[-103.50924,19.14983],[-103.509348,19.150863],[-103.509456,19.151813],[-103.509147,19.154204],[-103.508971,19.154533],[-103.508678,19.154901],[-103.508558,19.155395],[-103.508613,19.155809],[-103.508609,19.156345],[-103.508604,19.156882],[-103.508543,19.157335],[-103.508134,19.157703],[-103.50767,19.157698],[-103.507205,19.1579],[-103.506739,19.158226],[-103.506098,19.158591],[-103.505457,19.159039],[-103.504935,19.159033],[-103.504639,19.159773],[-103.50452,19.160144],[-103.504111,19.160635],[-103.503585,19.161125],[-103.503174,19.161699],[-103.502591,19.162147],[-103.501948,19.162801],[-103.50168,19.164235],[-103.501593,19.164548],[-103.501429,19.165143],[-103.501643,19.166635],[-103.501853,19.168541],[-103.502343,19.17035],[-103.501841,19.170603],[-103.500655,19.171422],[-103.498778,19.172803],[-103.49771,19.174609],[-103.497338,19.176508],[-103.49778,19.178417],[-103.498336,19.180493],[-103.498316,19.182147],[-103.498634,19.184634],[-103.499541,19.186549],[-103.500451,19.188216],[-103.501127,19.189963],[-103.502151,19.191797],[-103.502949,19.193131],[-103.504557,19.194808],[-103.505464,19.196723],[-103.506386,19.197397],[-103.509046,19.198591],[-103.510764,19.200682],[-103.511543,19.203589],[-103.512321,19.206578],[-103.513672,19.210236],[-103.51377,19.211727],[-103.512834,19.212211],[-103.511436,19.212441],[-103.51061,19.213423],[-103.510944,19.214669],[-103.511979,19.215592],[-103.513596,19.216524],[-103.513337,19.218755],[-103.512158,19.220063],[-103.510397,19.221446],[-103.50933,19.223087],[-103.508034,19.224477],[-103.506022,19.227346],[-103.506912,19.230667],[-103.506302,19.232976],[-103.506032,19.236117],[-103.508446,19.238466],[-103.509565,19.242039],[-103.50907,19.244515],[-103.507655,19.246068],[-103.507867,19.247808],[-103.507264,19.249538],[-103.506187,19.252006],[-103.505929,19.254154],[-103.506598,19.25648],[-103.507389,19.258393],[-103.507007,19.261119],[-103.506746,19.263432],[-103.507068,19.265671],[-103.507755,19.26659],[-103.508894,19.268591],[-103.507819,19.270893],[-103.507087,19.273697],[-103.50691,19.278659],[-103.506977,19.279183],[-103.507441,19.282804],[-103.507226,19.29091],[-103.508927,19.294573],[-103.506934,19.295788],[-103.506937,19.296314],[-103.50624,19.29706],[-103.505776,19.297765],[-103.505312,19.298718],[-103.504905,19.298802],[-103.504265,19.298597],[-103.503451,19.2986],[-103.502405,19.29881],[-103.50194,19.298894],[-103.501302,19.300468],[-103.501245,19.301378],[-103.501188,19.302536],[-103.501015,19.303571],[-103.50055,19.30382],[-103.50026,19.304028],[-103.500318,19.304607],[-103.50061,19.305226],[-103.501134,19.306465],[-103.50096,19.307169],[-103.499799,19.308331],[-103.497707,19.309082],[-103.496602,19.309085],[-103.495498,19.309751],[-103.494743,19.310001],[-103.494161,19.309383],[-103.493346,19.307772],[-103.493055,19.307856],[-103.492358,19.308644],[-103.491952,19.309431],[-103.491487,19.310136],[-103.491081,19.310964],[-103.490675,19.311586],[-103.490385,19.311959],[-103.49027,19.313324],[-103.490678,19.314481],[-103.49126,19.315471],[-103.49254,19.316832],[-103.494111,19.317902],[-103.49539,19.318146],[-103.496902,19.31872],[-103.496787,19.319713],[-103.495741,19.320668],[-103.494987,19.321952],[-103.494173,19.322245],[-103.493185,19.322496],[-103.492662,19.32258],[-103.492139,19.322623],[-103.491615,19.32279],[-103.491093,19.323578],[-103.490571,19.324613],[-103.490048,19.325814],[-103.489468,19.326313],[-103.488828,19.326108],[-103.488014,19.3264],[-103.487607,19.326691],[-103.487608,19.327849],[-103.487842,19.32942],[-103.488309,19.331196],[-103.488543,19.332312],[-103.488456,19.33254],[-103.488369,19.332768],[-103.487615,19.334921],[-103.487093,19.336866],[-103.48692,19.338645],[-103.488294,19.339655],[-103.488979,19.340159],[-103.490289,19.341123],[-103.490295,19.341537],[-103.490243,19.341951],[-103.490654,19.342194],[-103.491539,19.34305],[-103.491658,19.343214],[-103.492244,19.343496],[-103.492894,19.344149],[-103.492785,19.344647],[-103.492673,19.344938],[-103.492626,19.345725],[-103.492629,19.345891],[-103.49275,19.34622],[-103.493451,19.346459],[-103.4938,19.346412],[-103.495202,19.346806],[-103.495674,19.347213],[-103.49614,19.347289],[-103.497011,19.347153],[-103.497475,19.347063],[-103.497768,19.347183],[-103.497996,19.34689],[-103.498268,19.345603],[-103.499014,19.344889],[-103.499774,19.345126],[-103.500881,19.345235],[-103.501232,19.345395],[-103.501767,19.346133],[-103.50299,19.346198],[-103.503517,19.34648],[-103.504111,19.347258],[-103.504824,19.348283],[-103.505295,19.348607],[-103.505412,19.348688],[-103.505999,19.349052],[-103.50635,19.349171],[-103.507058,19.349782],[-103.507819,19.350144],[-103.508336,19.349681],[-103.508852,19.349135],[-103.509393,19.350328],[-103.509928,19.351065],[-103.510927,19.351755],[-103.511159,19.35171],[-103.512326,19.351942],[-103.51361,19.352171],[-103.514482,19.352159],[-103.514893,19.35236],[-103.515073,19.35273],[-103.515026,19.353517],[-103.515096,19.354261],[-103.516153,19.354908],[-103.516852,19.354981],[-103.517836,19.354594],[-103.518357,19.354421],[-103.518766,19.354581],[-103.518423,19.355],[-103.517611,19.355177],[-103.517275,19.35601],[-103.517746,19.356375],[-103.518618,19.356363],[-103.519491,19.35635],[-103.520481,19.356419],[-103.520433,19.357082],[-103.520611,19.357327],[-103.521545,19.357521],[-103.521661,19.357498],[-103.521777,19.357476],[-103.5223,19.357427],[-103.522303,19.357593],[-103.522482,19.35788],[-103.522572,19.358106],[-103.522663,19.358333],[-103.522733,19.359118],[-103.523323,19.359689],[-103.52409,19.360382],[-103.524093,19.360589],[-103.52434,19.361537],[-103.52452,19.361907],[-103.524884,19.362895],[-103.524835,19.363475],[-103.524729,19.36418],[-103.524789,19.364304],[-103.524745,19.365215],[-103.524462,19.365757],[-103.524529,19.366336],[-103.525414,19.367192],[-103.525477,19.367481],[-103.525319,19.368601],[-103.526309,19.368669],[-103.526657,19.368582],[-103.526831,19.368496],[-103.526782,19.369159],[-103.526443,19.369826],[-103.52669,19.370775],[-103.526992,19.371516],[-103.527461,19.371716],[-103.527467,19.37213],[-103.52776,19.37225],[-103.527826,19.372787],[-103.528592,19.373438],[-103.529128,19.374217],[-103.529661,19.37483],[-103.530082,19.375734],[-103.530261,19.376022],[-103.530447,19.376805],[-103.53115,19.377085],[-103.531442,19.377163],[-103.531567,19.377741],[-103.532154,19.378064],[-103.532509,19.378473],[-103.532924,19.378963],[-103.533507,19.379079],[-103.533631,19.379574],[-103.53387,19.379984],[-103.534564,19.379685],[-103.534694,19.380552],[-103.535572,19.380912],[-103.536096,19.380946],[-103.536328,19.380901],[-103.536979,19.381595],[-103.537163,19.382213],[-103.537357,19.383494],[-103.537655,19.383986],[-103.537658,19.384152],[-103.537317,19.384695],[-103.537319,19.384881],[-103.537322,19.385067],[-103.537502,19.385396],[-103.5381,19.386463],[-103.538399,19.386997],[-103.538582,19.387532],[-103.538468,19.3877],[-103.538442,19.387928],[-103.538416,19.388156],[-103.538767,19.388233],[-103.539467,19.388389],[-103.540286,19.388625],[-103.540823,19.389487],[-103.540772,19.389984],[-103.540831,19.390066],[-103.540922,19.390054],[-103.54118,19.39002],[-103.541991,19.389836],[-103.543249,19.391673],[-103.543541,19.392179],[-103.543542,19.392262],[-103.543669,19.392964],[-103.543672,19.393171],[-103.543793,19.393459],[-103.544204,19.393742],[-103.544798,19.39452],[-103.546675,19.395445],[-103.547206,19.395934],[-103.54774,19.39663],[-103.54803,19.396584],[-103.548438,19.396578],[-103.548619,19.39699],[-103.548625,19.397445],[-103.548919,19.397606],[-103.549391,19.398013],[-103.549981,19.398543],[-103.550339,19.399117],[-103.550628,19.39903],[-103.551676,19.399056],[-103.551913,19.399301],[-103.552387,19.399832],[-103.552447,19.399955],[-103.552573,19.400616],[-103.552462,19.400949],[-103.552524,19.401237],[-103.552583,19.401237],[-103.55334,19.401267],[-103.553926,19.401548],[-103.554456,19.401954],[-103.55484,19.402896],[-103.554852,19.402924],[-103.554903,19.403049],[-103.555061,19.403436],[-103.555007,19.403768],[-103.554904,19.404597],[-103.555605,19.404794],[-103.555827,19.404902],[-103.555957,19.404954],[-103.556315,19.40557],[-103.556378,19.4059],[-103.556618,19.406311],[-103.556914,19.406679],[-103.557556,19.406752],[-103.558492,19.407111],[-103.559077,19.407309],[-103.559269,19.408424],[-103.559462,19.408384],[-103.559907,19.408291],[-103.560256,19.408286],[-103.560343,19.408243],[-103.56043,19.4082],[-103.561182,19.407941],[-103.562052,19.407721],[-103.562632,19.407547],[-103.563856,19.407695],[-103.563974,19.407776],[-103.565016,19.407388],[-103.565357,19.406886],[-103.565756,19.406301],[-103.56599,19.40638],[-103.566751,19.4067],[-103.567212,19.406404],[-103.568264,19.406678],[-103.568846,19.406628],[-103.569311,19.406621],[-103.569428,19.406661],[-103.569844,19.407234],[-103.570433,19.40764],[-103.57061,19.407803],[-103.571437,19.408618],[-103.571613,19.408699],[-103.572558,19.409595],[-103.573504,19.410534],[-103.573428,19.411601],[-103.574635,19.41191],[-103.574689,19.411924],[-103.57487,19.412335],[-103.57517,19.41291],[-103.575189,19.414151],[-103.575314,19.414729],[-103.575435,19.415017],[-103.575674,19.415428],[-103.576314,19.415418],[-103.576544,19.415249],[-103.577368,19.415817],[-103.577612,19.416558],[-103.577445,19.417016],[-103.577051,19.417932],[-103.576605,19.419181],[-103.576494,19.419555],[-103.576563,19.420299],[-103.576576,19.421085],[-103.576704,19.42187],[-103.577002,19.422321],[-103.577358,19.422771],[-103.577712,19.423097],[-103.578246,19.423751],[-103.57841,19.423864],[-103.578776,19.424116],[-103.578785,19.424737],[-103.579201,19.425269],[-103.579497,19.425595],[-103.579328,19.42597],[-103.578928,19.426432],[-103.578591,19.427265],[-103.578849,19.428875],[-103.579104,19.429127],[-103.579359,19.429379],[-103.579934,19.430049],[-103.579579,19.430934],[-103.579699,19.431181],[-103.580002,19.431963],[-103.580541,19.432907],[-103.58085,19.434103],[-103.580854,19.434392],[-103.580803,19.434848],[-103.580811,19.435345],[-103.581233,19.436332],[-103.582464,19.436852],[-103.583166,19.437049],[-103.583748,19.437082],[-103.583924,19.437162],[-103.584576,19.437897],[-103.584988,19.438181],[-103.586219,19.438742],[-103.58657,19.438861],[-103.587106,19.43964],[-103.58711,19.439888],[-103.58689,19.440719],[-103.586902,19.441547],[-103.586848,19.441796],[-103.586691,19.442916],[-103.587283,19.44357],[-103.587462,19.443857],[-103.587466,19.444146],[-103.587938,19.444512],[-103.588758,19.444872],[-103.589114,19.445281],[-103.589471,19.445773],[-103.589949,19.446593],[-103.590954,19.447572],[-103.591547,19.448267],[-103.591902,19.448634],[-103.592318,19.449208],[-103.592857,19.450152],[-103.593036,19.450439],[-103.593578,19.45159],[-103.594114,19.45241],[-103.594939,19.453018],[-103.595174,19.453181],[-103.596119,19.454036],[-103.596528,19.454154],[-103.597056,19.454395],[-103.597414,19.454969],[-103.597359,19.455176],[-103.597362,19.455342],[-103.597776,19.455791],[-103.59795,19.455706],[-103.598295,19.455452],[-103.598479,19.456071],[-103.598539,19.456152],[-103.598566,19.456204],[-103.599258,19.457508],[-103.599733,19.45808],[-103.600206,19.45857],[-103.60057,19.459517],[-103.600862,19.459554],[-103.601213,19.459631],[-103.60111,19.460502],[-103.601119,19.461123],[-103.601716,19.462066],[-103.602134,19.462722],[-103.602958,19.463331],[-103.603665,19.463858],[-103.60455,19.46459],[-103.604784,19.46467],[-103.605834,19.464778],[-103.606246,19.465062],[-103.606898,19.465839],[-103.607779,19.466281],[-103.608484,19.466726],[-103.608667,19.46722],[-103.608625,19.468297],[-103.608873,19.469245],[-103.609585,19.470145],[-103.610109,19.470137],[-103.610167,19.470116],[-103.610225,19.470094],[-103.611622,19.470074],[-103.612327,19.470477],[-103.612801,19.470967],[-103.613217,19.471499],[-103.613688,19.471864],[-103.614226,19.472767],[-103.614232,19.473139],[-103.614588,19.473548],[-103.615233,19.473869],[-103.615414,19.474239],[-103.615777,19.475103],[-103.615788,19.475807],[-103.616654,19.475338],[-103.616434,19.476211],[-103.616044,19.477334],[-103.615649,19.478127],[-103.615657,19.478665],[-103.61551,19.479378],[-103.615495,19.479454],[-103.615441,19.479744],[-103.615155,19.48008],[-103.614931,19.480663],[-103.614304,19.4815],[-103.614136,19.481958],[-103.613912,19.482499],[-103.613244,19.484496],[-103.613024,19.485368],[-103.613105,19.486816],[-103.613413,19.487929],[-103.613534,19.488217],[-103.613483,19.488632],[-103.613961,19.489452],[-103.614201,19.489904],[-103.614911,19.490597],[-103.615448,19.491417],[-103.615926,19.492197],[-103.615928,19.492362],[-103.615474,19.493114],[-103.615196,19.493946],[-103.615152,19.494857],[-103.615311,19.497628],[-103.615501,19.498578],[-103.615638,19.499942],[-103.616181,19.501134],[-103.616373,19.502249],[-103.616264,19.502706],[-103.616163,19.503701],[-103.616017,19.505565],[-103.61598,19.506973],[-103.615935,19.507802],[-103.616359,19.50883],[-103.631368,19.502049],[-103.632414,19.501262],[-103.633169,19.500682],[-103.633808,19.500268],[-103.634388,19.499688],[-103.635493,19.499149],[-103.636539,19.498652],[-103.637294,19.498279],[-103.637933,19.497699],[-103.638572,19.497119],[-103.639094,19.496664],[-103.63985,19.496249],[-103.640315,19.496],[-103.640896,19.495586],[-103.641651,19.494882],[-103.64194,19.494179],[-103.642346,19.493517],[-103.642927,19.49302],[-103.643566,19.492688],[-103.644262,19.49186],[-103.645017,19.491156],[-103.646238,19.490658],[-103.646993,19.490492],[-103.647865,19.490119],[-103.648505,19.48987],[-103.648615,19.489806],[-103.649376,19.489372],[-103.650247,19.488709],[-103.650712,19.488171],[-103.651176,19.48784],[-103.652164,19.487301],[-103.653152,19.486721],[-103.654546,19.486057],[-103.655535,19.485849],[-103.656058,19.48589],[-103.656583,19.486137],[-103.657281,19.486509],[-103.657863,19.486508],[-103.65891,19.486382],[-103.659724,19.486216],[-103.660654,19.48576],[-103.661757,19.485055],[-103.662686,19.484103],[-103.662859,19.483317],[-103.663031,19.482117],[-103.663029,19.481538],[-103.662853,19.480587],[-103.662792,19.479512],[-103.662791,19.478974],[-103.663023,19.478436],[-103.663369,19.477195],[-103.663309,19.476368],[-103.663307,19.475458],[-103.663131,19.474879],[-103.662199,19.474343],[-103.661849,19.473889],[-103.661499,19.473145],[-103.660858,19.472608],[-103.659867,19.47174],[-103.659342,19.470873],[-103.658933,19.470087],[-103.659106,19.46955],[-103.659628,19.46868],[-103.659277,19.467978],[-103.660936,19.468182],[-103.662594,19.468387],[-103.663059,19.46818],[-103.66364,19.468096],[-103.664048,19.468261],[-103.665271,19.469211],[-103.665971,19.470037],[-103.666903,19.470697],[-103.668359,19.471647],[-103.669059,19.472431],[-103.669642,19.473175],[-103.67011,19.474084],[-103.671334,19.475241],[-103.672499,19.475942],[-103.673023,19.476272],[-103.673199,19.476975],[-103.673633,19.477172],[-103.685228,19.482443],[-103.685718,19.482665],[-103.688222,19.483571],[-103.690202,19.48452],[-103.691774,19.485303],[-103.694659,19.48607],[-103.695534,19.485834],[-103.69635,19.48568],[-103.697404,19.485157],[-103.697932,19.484875],[-103.698461,19.484469],[-103.698534,19.483478],[-103.698608,19.482488],[-103.698793,19.481747],[-103.699033,19.481254],[-103.699509,19.480558],[-103.700155,19.480113],[-103.700797,19.479915],[-103.701441,19.479593],[-103.701913,19.479145],[-103.702328,19.478613],[-103.702748,19.477751],[-103.703516,19.476935],[-103.704461,19.475957],[-103.704702,19.475381],[-103.705464,19.474937],[-103.706057,19.47416],[-103.706415,19.473545],[-103.706485,19.472761],[-103.706795,19.471526],[-103.706981,19.470744],[-103.707513,19.470172],[-103.707801,19.469993],[-103.708476,19.469572],[-103.709038,19.469243],[-103.710092,19.46872],[-103.713533,19.467898],[-103.71412,19.467493],[-103.714525,19.467218],[-103.715151,19.466952],[-103.715469,19.466684],[-103.716117,19.466073],[-103.716477,19.465376],[-103.71632,19.464217],[-103.716105,19.463058],[-103.716235,19.46215],[-103.716323,19.46021],[-103.716407,19.458476],[-103.715795,19.456691],[-103.71593,19.455495],[-103.716289,19.454798],[-103.716361,19.454649],[-103.716649,19.454059],[-103.721268,19.452137],[-103.722205,19.451695],[-103.722789,19.451496],[-103.723664,19.45126],[-103.72413,19.451142],[-103.724773,19.450944],[-103.725419,19.450457],[-103.726009,19.449845],[-103.726362,19.449561],[-103.726774,19.449236],[-103.727127,19.44891],[-103.727247,19.448664],[-103.727484,19.448378],[-103.727779,19.448092],[-103.728188,19.447974],[-103.728538,19.447855],[-103.72883,19.447735],[-103.728951,19.447447],[-103.729132,19.446995],[-103.729662,19.446548],[-103.730188,19.446307],[-103.730773,19.446066],[-103.731126,19.445782],[-103.731245,19.445577],[-103.731537,19.445457],[-103.732063,19.445257],[-103.732705,19.4451],[-103.733291,19.444778],[-103.733471,19.444367],[-103.733652,19.443915],[-103.73383,19.443711],[-103.734358,19.443346],[-103.735056,19.443314],[-103.73593,19.443119],[-103.736688,19.442964],[-103.73733,19.442765],[-103.738028,19.442733],[-103.739015,19.442788],[-103.739532,19.443166],[-103.739762,19.443335],[-103.740226,19.443341],[-103.740865,19.443349],[-103.741907,19.443611],[-103.742946,19.444079],[-103.743809,19.444668],[-103.744679,19.444762],[-103.746713,19.444707],[-103.747236,19.444755],[-103.747524,19.444882],[-103.747697,19.444967],[-103.748163,19.444932],[-103.748803,19.444817],[-103.749735,19.444664],[-103.750494,19.444467],[-103.751369,19.444231],[-103.752188,19.443828],[-103.75254,19.443626],[-103.753244,19.44314],[-103.754245,19.442285],[-103.754947,19.441923],[-103.755882,19.441563],[-103.756701,19.441243],[-103.757464,19.440716],[-103.75805,19.440393],[-103.758695,19.439947],[-103.759634,19.43934],[-103.760338,19.438895],[-103.761101,19.438409],[-103.76192,19.438006],[-103.762681,19.437603],[-103.763266,19.437322],[-103.763907,19.437247],[-103.764198,19.43721],[-103.76455,19.436967],[-103.764961,19.436683],[-103.765318,19.436109],[-103.766197,19.435625],[-103.767019,19.435016],[-103.767492,19.434485],[-103.768076,19.434286],[-103.768781,19.433717],[-103.769425,19.433436],[-103.770648,19.433204],[-103.771408,19.432925],[-103.772059,19.432107],[-103.77335,19.431256],[-103.774749,19.430902],[-103.775972,19.430753],[-103.776781,19.430936],[-103.776839,19.430977],[-103.777771,19.431472],[-103.778062,19.431471],[-103.779573,19.431096],[-103.780559,19.430018],[-103.781371,19.429438],[-103.782244,19.42956],[-103.783523,19.429558],[-103.783814,19.429516],[-103.784744,19.42939],[-103.785499,19.429306],[-103.786139,19.429263],[-103.786779,19.429344],[-103.787593,19.429467],[-103.788408,19.429548],[-103.788466,19.429548],[-103.788524,19.429548],[-103.788756,19.429464],[-103.789105,19.429216],[-103.789395,19.428905],[-103.789684,19.428594],[-103.790845,19.427888],[-103.791426,19.427681],[-103.792531,19.427471],[-103.792821,19.427429],[-103.793634,19.427014],[-103.79433,19.426392],[-103.795199,19.42515],[-103.79636,19.424651],[-103.796592,19.42432],[-103.796764,19.423492],[-103.797052,19.422788],[-103.797226,19.422581],[-103.797864,19.422125],[-103.798213,19.421876],[-103.798968,19.421626],[-103.799956,19.421418],[-103.800538,19.42154],[-103.801469,19.421787],[-103.802456,19.421412],[-103.803153,19.420956],[-103.803443,19.420831],[-103.803964,19.420003],[-103.804311,19.419547],[-103.804659,19.419091],[-103.804948,19.418636],[-103.805643,19.4176],[-103.806107,19.41731],[-103.806921,19.417143],[-103.807675,19.416562],[-103.807854,19.416305],[-103.80808,19.415982],[-103.808893,19.415567],[-103.809241,19.415235],[-103.810402,19.414819],[-103.811332,19.414486],[-103.812202,19.413905],[-103.812725,19.413863],[-103.813191,19.414069],[-103.813889,19.414067],[-103.814412,19.414025],[-103.814993,19.413941],[-103.815515,19.413485],[-103.815863,19.41307],[-103.816035,19.412408],[-103.8165,19.412159],[-103.816616,19.412241],[-103.81679,19.4122],[-103.816791,19.412241],[-103.816965,19.412282],[-103.817384,19.412368],[-103.817722,19.412487],[-103.818012,19.412321],[-103.818243,19.4117],[-103.818357,19.410997],[-103.818703,19.410045],[-103.819106,19.40901],[-103.819512,19.408719],[-103.82085,19.40884],[-103.825025,19.401776],[-103.825054,19.401776],[-103.825083,19.401776],[-103.82613,19.401732],[-103.827235,19.401813],[-103.827526,19.402392],[-103.827468,19.403013],[-103.827527,19.403468],[-103.828167,19.403425],[-103.829155,19.403216],[-103.829446,19.403298],[-103.829736,19.40338],[-103.829911,19.403339],[-103.830783,19.403129],[-103.831248,19.403128],[-103.832294,19.403167],[-103.833051,19.403662],[-103.833079,19.403699],[-103.833342,19.404034],[-103.833807,19.403826],[-103.834679,19.404321],[-103.835727,19.404981],[-103.83625,19.405477],[-103.8366,19.406511],[-103.837066,19.407131],[-103.838579,19.407832],[-103.839044,19.408037],[-103.839103,19.408824],[-103.838929,19.409363],[-103.839511,19.409941],[-103.840617,19.410477],[-103.841257,19.411096],[-103.841723,19.411799],[-103.841956,19.412379],[-103.842073,19.413331],[-103.842829,19.41337],[-103.843527,19.413617],[-103.843993,19.413823],[-103.844923,19.413903],[-103.846435,19.414065],[-103.847715,19.414269],[-103.848761,19.414101],[-103.849807,19.413643],[-103.85161,19.413638],[-103.85254,19.413471],[-103.853063,19.413511],[-103.854284,19.413715],[-103.855622,19.41367],[-103.85661,19.413626],[-103.857366,19.413376],[-103.858238,19.413084],[-103.859342,19.412749],[-103.860505,19.412746],[-103.863006,19.413237],[-103.864343,19.413399],[-103.865215,19.413107],[-103.866108,19.412647],[-103.866668,19.412358],[-103.867079,19.415628],[-103.866672,19.415878],[-103.866265,19.416169],[-103.865801,19.416667],[-103.865627,19.417454],[-103.866152,19.418033],[-103.86685,19.418569],[-103.867083,19.418776],[-103.867025,19.419149],[-103.866851,19.41977],[-103.866794,19.420309],[-103.866794,19.420474],[-103.868132,19.421051],[-103.868366,19.421588],[-103.86761,19.421963],[-103.867146,19.422163],[-103.867029,19.422213],[-103.866622,19.422628],[-103.866681,19.423001],[-103.866798,19.423249],[-103.86767,19.423661],[-103.868136,19.423867],[-103.867962,19.424364],[-103.867614,19.424696],[-103.867265,19.425028],[-103.866859,19.425444],[-103.866685,19.426065],[-103.86686,19.426355],[-103.866861,19.427059],[-103.867269,19.428465],[-103.867271,19.429749],[-103.867388,19.430494],[-103.867796,19.431446],[-103.868146,19.431859],[-103.868787,19.433141],[-103.86908,19.434838],[-103.869023,19.435915],[-103.869024,19.436329],[-103.869083,19.437157],[-103.869143,19.438482],[-103.870657,19.440259],[-103.872111,19.440628],[-103.87246,19.440627],[-103.873159,19.441039],[-103.873929,19.441166],[-103.874264,19.440995],[-103.874653,19.44032],[-103.87467,19.44029],[-103.874727,19.439337],[-103.87525,19.439543],[-103.876124,19.440203],[-103.877927,19.440778],[-103.87845,19.440528],[-103.878758,19.440061],[-103.878915,19.439823],[-103.879262,19.438746],[-103.87935,19.437692],[-103.879377,19.437379],[-103.879608,19.43655],[-103.880481,19.437169],[-103.882225,19.436792],[-103.885394,19.436044],[-103.885597,19.435996],[-103.885749,19.435648],[-103.886177,19.434669],[-103.888328,19.434415],[-103.889085,19.435034],[-103.890192,19.436563],[-103.89124,19.437182],[-103.892462,19.437634],[-103.89409,19.437795],[-103.896068,19.437831],[-103.898218,19.437182],[-103.898974,19.436953],[-103.898219,19.437825],[-103.897813,19.438447],[-103.897465,19.438987],[-103.897408,19.439442],[-103.8977,19.440353],[-103.897525,19.440436],[-103.897235,19.440561],[-103.896677,19.440801],[-103.896654,19.440811],[-103.896131,19.441185],[-103.895724,19.441766],[-103.895531,19.442074],[-103.895202,19.442596],[-103.895435,19.443009],[-103.895726,19.443215],[-103.896483,19.443669],[-103.897124,19.444205],[-103.897415,19.444495],[-103.897765,19.445529],[-103.898289,19.445983],[-103.898581,19.446313],[-103.899628,19.446476],[-103.900616,19.446556],[-103.901372,19.446223],[-103.902477,19.44622],[-103.902826,19.446509],[-103.903467,19.447377],[-103.903992,19.447955],[-103.904574,19.448161],[-103.905504,19.448199],[-103.90597,19.448322],[-103.906377,19.448611],[-103.906727,19.449066],[-103.907193,19.449851],[-103.907834,19.450678],[-103.908591,19.451048],[-103.909173,19.451461],[-103.909348,19.451916],[-103.909175,19.452537],[-103.909524,19.452992],[-103.91028,19.452658],[-103.910687,19.452326],[-103.911617,19.452158],[-103.91249,19.452445],[-103.914002,19.452565],[-103.917146,19.454378],[-103.919882,19.456358],[-103.92029,19.456647],[-103.920755,19.456729],[-103.921163,19.457059],[-103.921571,19.457886],[-103.921805,19.458589],[-103.92233,19.459167],[-103.922563,19.459581],[-103.922796,19.459994],[-103.922681,19.460616],[-103.922449,19.461362],[-103.922973,19.461816],[-103.923556,19.462228],[-103.924021,19.462103],[-103.924544,19.461977],[-103.9253,19.461892],[-103.926056,19.461683],[-103.926812,19.461474],[-103.92751,19.461472],[-103.928033,19.461346],[-103.928672,19.460847],[-103.929487,19.461135],[-103.930302,19.461546],[-103.930594,19.462249],[-103.931119,19.463283],[-103.931527,19.463903],[-103.932224,19.46357],[-103.932398,19.463072],[-103.932555,19.462623],[-103.93263,19.462409],[-103.932861,19.461539],[-103.932918,19.460586],[-103.932742,19.460214],[-103.932393,19.459967],[-103.932044,19.459843],[-103.930996,19.459349],[-103.930746,19.458641],[-103.930646,19.458357],[-103.931691,19.457277],[-103.933142,19.455658],[-103.933195,19.455499],[-103.933489,19.454621],[-103.933896,19.454454],[-103.934884,19.453955],[-103.93535,19.45445],[-103.935991,19.454945],[-103.937388,19.455438],[-103.938145,19.456016],[-103.938844,19.456717],[-103.939543,19.457585],[-103.940766,19.458658],[-103.944806,19.455176],[-103.945646,19.454455],[-103.945486,19.453785],[-103.94525,19.452799],[-103.945131,19.45173],[-103.945069,19.450537],[-103.945066,19.449345],[-103.944829,19.448112],[-103.944535,19.446961],[-103.944505,19.446753],[-103.944357,19.445728],[-103.944412,19.444658],[-103.944409,19.443672],[-103.944691,19.44235],[-103.945155,19.440175],[-103.944745,19.439107],[-103.944276,19.437874],[-103.944331,19.436887],[-103.944424,19.436418],[-103.944503,19.436023],[-103.944965,19.434994],[-103.94537,19.434212],[-103.944762,19.433978],[-103.944126,19.433763],[-103.943546,19.433674],[-103.94256,19.433621],[-103.941978,19.433655],[-103.941573,19.433526],[-103.94111,19.433397],[-103.940826,19.432939],[-103.940891,19.432402],[-103.940721,19.432152],[-103.940315,19.432065],[-103.939965,19.432143],[-103.939615,19.432304],[-103.939146,19.432547],[-103.938741,19.432459],[-103.938512,19.432208],[-103.938224,19.431998],[-103.937876,19.431953],[-103.937646,19.431785],[-103.937417,19.431534],[-103.937479,19.431287],[-103.937482,19.431039],[-103.937602,19.430793],[-103.937723,19.430422],[-103.93773,19.429927],[-103.937736,19.429472],[-103.937681,19.429306],[-103.937514,19.428726],[-103.937402,19.428477],[-103.937294,19.427856],[-103.937071,19.427192],[-103.936849,19.426446],[-103.936795,19.426156],[-103.93678,19.426096],[-103.936685,19.4257],[-103.93652,19.425037],[-103.93653,19.424252],[-103.936483,19.423467],[-103.936436,19.422681],[-103.936443,19.422186],[-103.936395,19.421441],[-103.936172,19.420736],[-103.935768,19.420608],[-103.935244,19.420643],[-103.934781,19.420554],[-103.934377,19.420343],[-103.933626,19.420003],[-103.933457,19.419629],[-103.933759,19.418848],[-103.933883,19.41823],[-103.933487,19.417481],[-103.932913,19.416979],[-103.932626,19.416727],[-103.932338,19.416517],[-103.93205,19.416349],[-103.931827,19.415685],[-103.931719,19.415105],[-103.931554,19.414442],[-103.931328,19.413944],[-103.931163,19.413322],[-103.930879,19.412864],[-103.93071,19.412449],[-103.930547,19.411662],[-103.930381,19.411082],[-103.930153,19.410748],[-103.92998,19.410622],[-103.929747,19.410702],[-103.929397,19.410822],[-103.929051,19.410611],[-103.928998,19.410239],[-103.929003,19.409867],[-103.929066,19.409496],[-103.929071,19.409165],[-103.929018,19.408834],[-103.928731,19.408583],[-103.92832,19.408867],[-103.927791,19.409274],[-103.927264,19.409598],[-103.92715,19.409473],[-103.927039,19.409058],[-103.927045,19.408645],[-103.926993,19.40819],[-103.926824,19.407857],[-103.926596,19.407524],[-103.926541,19.407276],[-103.92602,19.407187],[-103.925437,19.407345],[-103.924856,19.407338],[-103.924567,19.40721],[-103.924217,19.40733],[-103.923753,19.407283],[-103.923526,19.406908],[-103.923649,19.406373],[-103.923654,19.406001],[-103.923484,19.40571],[-103.923193,19.405748],[-103.922956,19.406075],[-103.92278,19.406238],[-103.922547,19.406277],[-103.922198,19.406273],[-103.922029,19.405899],[-103.921862,19.405401],[-103.921638,19.40482],[-103.921526,19.404529],[-103.92124,19.404195],[-103.921011,19.403903],[-103.920778,19.403983],[-103.920543,19.404145],[-103.92031,19.404225],[-103.920139,19.403975],[-103.919969,19.403643],[-103.919801,19.403228],[-103.919746,19.40302],[-103.919574,19.402812],[-103.919405,19.402479],[-103.919293,19.402189],[-103.919124,19.401815],[-103.919245,19.401444],[-103.91925,19.401073],[-103.918965,19.400697],[-103.918738,19.400281],[-103.918513,19.399783],[-103.918344,19.399409],[-103.918116,19.399076],[-103.918123,19.39858],[-103.918128,19.39825],[-103.918251,19.397755],[-103.918025,19.397298],[-103.917853,19.397089],[-103.917451,19.396754],[-103.916932,19.3965],[-103.916707,19.39596],[-103.916366,19.39546],[-103.916257,19.394922],[-103.916031,19.394506],[-103.915808,19.393842],[-103.915524,19.393343],[-103.915122,19.393049],[-103.914547,19.392629],[-103.914377,19.392296],[-103.914152,19.391756],[-103.913927,19.391258],[-103.913932,19.390886],[-103.913649,19.390387],[-103.913304,19.390093],[-103.913015,19.389966],[-103.912667,19.389962],[-103.912439,19.38967],[-103.912616,19.389465],[-103.912505,19.389051],[-103.912393,19.38876],[-103.912224,19.388386],[-103.912055,19.388012],[-103.911944,19.387681],[-103.911835,19.387183],[-103.911608,19.386768],[-103.911211,19.38606],[-103.910984,19.385686],[-103.910757,19.385353],[-103.91059,19.384813],[-103.91042,19.384522],[-103.910194,19.384065],[-103.910026,19.383608],[-103.9098,19.383151],[-103.909575,19.382611],[-103.909293,19.381988],[-103.9093,19.381534],[-103.909248,19.381079],[-103.909198,19.380541],[-103.909258,19.380377],[-103.908975,19.379836],[-103.908631,19.379543],[-103.908226,19.379414],[-103.90788,19.379244],[-103.90742,19.378867],[-103.907193,19.378534],[-103.906675,19.378197],[-103.906098,19.3779],[-103.90558,19.377564],[-103.904944,19.377391],[-103.904197,19.376762],[-103.903966,19.376676],[-103.903618,19.376631],[-103.903211,19.376708],[-103.902685,19.37695],[-103.902162,19.376943],[-103.901814,19.376898],[-103.901525,19.376812],[-103.901178,19.376683],[-103.900663,19.37614],[-103.939973,19.36151],[-103.940643,19.361261],[-103.963124,19.352889],[-103.965807,19.351889],[-103.966473,19.351641],[-103.973921,19.348866],[-103.974816,19.348533],[-103.978722,19.347078],[-103.991673,19.342252],[-104.010774,19.335181],[-104.027304,19.329059],[-104.028157,19.316029],[-104.02994,19.288745],[-104.03174,19.254295],[-104.031831,19.252555],[-104.066757,19.236633],[-104.06071,19.207264],[-104.060032,19.20397],[-104.057728,19.192778],[-104.058658,19.187331],[-104.061926,19.168195],[-104.066646,19.14055],[-104.067131,19.137705],[-104.067817,19.133689],[-104.056016,19.131306],[-104.020803,19.124189],[-104.020293,19.124084],[-103.97989,19.115912],[-103.944203,19.108683],[-103.935055,19.117352],[-103.934979,19.117423],[-103.934213,19.11815],[-103.916978,19.133437],[-103.907024,19.134098],[-103.890556,19.135174],[-103.887533,19.135372],[-103.88661,19.134497],[-103.886292,19.133615],[-103.88604,19.132759],[-103.885758,19.131519],[-103.8853,19.1304],[-103.884867,19.129472],[-103.884506,19.127912],[-103.884195,19.125446],[-103.883608,19.124505],[-103.883838,19.123069],[-103.883938,19.122445],[-103.884562,19.120959],[-103.884783,19.119641],[-103.88454,19.118367],[-103.884413,19.117093],[-103.884694,19.116062],[-103.884982,19.115895],[-103.885707,19.114842],[-103.885954,19.114483],[-103.885874,19.11348],[-103.885834,19.112984],[-103.8858,19.112555],[-103.885695,19.111241],[-103.886211,19.110702],[-103.887016,19.110037],[-103.887438,19.109815],[-103.888054,19.109493],[-103.888802,19.108993],[-103.89237,19.106536],[-103.894273,19.105656],[-103.895882,19.104244],[-103.897088,19.103164],[-103.897835,19.100598],[-103.897432,19.100336],[-103.896855,19.099795],[-103.896454,19.099007],[-103.895995,19.098302],[-103.895653,19.097981],[-103.895419,19.097761],[-103.89531,19.096687],[-103.89526,19.095282],[-103.895128,19.093396],[-103.894428,19.093784],[-103.890371,19.096036],[-103.888468,19.097087],[-103.888345,19.097155],[-103.884053,19.099527],[-103.883941,19.099589],[-103.881973,19.100677],[-103.858045,19.113898],[-103.859112,19.096923],[-103.860016,19.082551],[-103.860111,19.08105],[-103.860698,19.071714],[-103.862333,19.045698],[-103.859128,19.044818],[-103.844874,19.040905],[-103.843483,19.040906],[-103.821092,19.041091],[-103.807203,19.040922],[-103.807175,19.077433],[-103.785782,19.065074],[-103.782798,19.06335],[-103.782419,19.063131],[-103.781274,19.06247],[-103.781072,19.062353],[-103.774112,19.058331],[-103.768536,19.059345],[-103.751755,19.062394],[-103.726137,19.067046],[-103.701357,19.072651],[-103.681779,19.072678],[-103.681076,19.072678],[-103.671849,19.072843],[-103.671582,19.072847],[-103.667168,19.072926],[-103.6552,19.038071],[-103.649682,19.021994],[-103.649685,19.02154],[-103.649746,19.021128],[-103.649634,19.020507],[-103.649464,19.019969],[-103.649236,19.019431],[-103.648834,19.018973],[-103.648547,19.018557],[-103.648147,19.017893],[-103.647512,19.017516],[-103.646934,19.017387],[-103.646704,19.017137],[-103.647006,19.015406],[-103.647182,19.015078],[-103.647242,19.01483],[-103.647652,19.014174],[-103.647887,19.013639],[-103.648123,19.013022],[-103.648127,19.012527],[-103.648131,19.011908],[-103.647844,19.011533],[-103.647565,19.01123],[-103.647499,19.011159],[-103.647096,19.010825],[-103.646404,19.010406],[-103.645827,19.010029],[-103.645541,19.009531],[-103.645312,19.009158],[-103.645141,19.008867],[-103.645085,19.008578],[-103.644971,19.008329],[-103.644914,19.008163],[-103.644686,19.007583],[-103.644456,19.007333],[-103.644227,19.007084],[-103.644113,19.006752],[-103.644,19.00638],[-103.644003,19.005885],[-103.644064,19.005431],[-103.644182,19.005143],[-103.64427,19.004979],[-103.644358,19.004814],[-103.64436,19.004608],[-103.638984,19.004602],[-103.614661,19.004574],[-103.611408,19.004569],[-103.592638,19.004545],[-103.592414,18.995709],[-103.589201,18.991592],[-103.589262,18.99118],[-103.589514,18.988334],[-103.589537,18.985362],[-103.589268,18.982553],[-103.591377,18.979229],[-103.592268,18.976182],[-103.592619,18.975732],[-103.593266,18.974375],[-103.58835,18.965743],[-103.588355,18.965083],[-103.588256,18.962853],[-103.588219,18.961739],[-103.586796,18.918651],[-103.586425,18.907399],[-103.586317,18.904141],[-103.585938,18.892656],[-103.585651,18.865451]]]}},{"type":"Feature","properties":{"distrito_f":2},"geometry":{"type":"MultiPolygon","coordinates":[[[[-103.940766,19.458658],[-103.941001,19.459527],[-103.941293,19.460272],[-103.941643,19.46085],[-103.941992,19.461139],[-103.942458,19.461469],[-103.942924,19.461923],[-103.943274,19.462336],[-103.943973,19.46308],[-103.944032,19.463866],[-103.944383,19.464859],[-103.94421,19.465481],[-103.943978,19.466227],[-103.944444,19.466391],[-103.944735,19.466515],[-103.945258,19.466306],[-103.945624,19.466104],[-103.945953,19.465923],[-103.946014,19.46589],[-103.946769,19.46568],[-103.947293,19.465637],[-103.947934,19.466174],[-103.948167,19.466877],[-103.948574,19.466793],[-103.949329,19.465921],[-103.94991,19.465712],[-103.950491,19.465214],[-103.95206,19.464091],[-103.952583,19.464131],[-103.952671,19.464192],[-103.952758,19.464254],[-103.953049,19.46446],[-103.954097,19.464996],[-103.954447,19.465574],[-103.954623,19.466278],[-103.954972,19.466567],[-103.955147,19.466897],[-103.955555,19.467145],[-103.955845,19.466771],[-103.956077,19.466149],[-103.956483,19.465692],[-103.957297,19.465317],[-103.958577,19.465603],[-103.9591,19.465601],[-103.959914,19.465433],[-103.960264,19.465681],[-103.960672,19.466259],[-103.961197,19.466796],[-103.961545,19.466671],[-103.961953,19.466794],[-103.962476,19.466751],[-103.963,19.466873],[-103.96364,19.46712],[-103.964629,19.467117],[-103.96492,19.467199],[-103.96527,19.467529],[-103.965503,19.468025],[-103.965504,19.468315],[-103.965447,19.468895],[-103.965099,19.469559],[-103.964402,19.470099],[-103.963589,19.470681],[-103.963008,19.471304],[-103.962253,19.472094],[-103.961557,19.472924],[-103.961326,19.473794],[-103.963305,19.474616],[-103.965749,19.475064],[-103.966097,19.474732],[-103.966213,19.474359],[-103.966969,19.474481],[-103.967376,19.47448],[-103.967434,19.474024],[-103.967549,19.473237],[-103.967781,19.473029],[-103.968129,19.472282],[-103.969232,19.471119],[-103.969987,19.470537],[-103.970335,19.470288],[-103.970625,19.46979],[-103.970857,19.469127],[-103.971261,19.467676],[-103.971782,19.46639],[-103.972188,19.465685],[-103.972303,19.464815],[-103.972127,19.464029],[-103.971659,19.462581],[-103.97107,19.458938],[-103.970953,19.45869],[-103.971301,19.457985],[-103.971416,19.457488],[-103.971298,19.456577],[-103.971763,19.456037],[-103.972461,19.456242],[-103.973973,19.456196],[-103.975078,19.456193],[-103.976242,19.456562],[-103.976999,19.456683],[-103.978162,19.456845],[-103.978919,19.456967],[-103.979559,19.457131],[-103.980082,19.457088],[-103.981129,19.456919],[-103.98171,19.456668],[-103.982349,19.456211],[-103.983103,19.455463],[-103.984206,19.454134],[-103.984728,19.453387],[-103.985193,19.453386],[-103.985428,19.454255],[-103.985313,19.454959],[-103.985199,19.456202],[-103.98491,19.457528],[-103.984796,19.458315],[-103.985088,19.459308],[-103.985382,19.460549],[-103.985326,19.461751],[-103.985269,19.462455],[-103.985445,19.462993],[-103.985503,19.463241],[-103.985504,19.463779],[-103.985794,19.46403],[-103.986029,19.464233],[-103.986671,19.465515],[-103.986673,19.46626],[-103.986907,19.467171],[-103.987374,19.467956],[-103.987782,19.468369],[-103.988015,19.468824],[-103.98854,19.469195],[-104.011492,19.478029],[-104.02602,19.478263],[-104.02605,19.478491],[-104.026079,19.478719],[-104.026257,19.480333],[-104.02626,19.481493],[-104.02632,19.482445],[-104.026439,19.48348],[-104.026615,19.484308],[-104.027139,19.484596],[-104.028072,19.485338],[-104.028248,19.486124],[-104.028075,19.486705],[-104.027844,19.487658],[-104.028371,19.48894],[-104.029246,19.490138],[-104.030004,19.490839],[-104.030412,19.491376],[-104.030764,19.492493],[-104.030999,19.493403],[-104.031001,19.494646],[-104.031061,19.49535],[-104.03118,19.496343],[-104.031529,19.496549],[-104.03182,19.496672],[-104.032227,19.496547],[-104.033681,19.496003],[-104.034611,19.495876],[-104.034959,19.49546],[-104.035832,19.495375],[-104.036297,19.495414],[-104.037402,19.495245],[-104.038508,19.495282],[-104.039321,19.494907],[-104.039842,19.493828],[-104.040422,19.492791],[-104.040769,19.492003],[-104.042048,19.491419],[-104.043152,19.490959],[-104.043792,19.490833],[-104.044022,19.489838],[-104.044427,19.488967],[-104.044833,19.488386],[-104.044948,19.487723],[-104.045645,19.48714],[-104.047213,19.486265],[-104.048084,19.485392],[-104.048315,19.484687],[-104.048895,19.48394],[-104.049301,19.483317],[-104.049708,19.483192],[-104.050578,19.482319],[-104.051564,19.480783],[-104.051912,19.480368],[-104.051846,19.479932],[-104.051793,19.479581],[-104.051558,19.478547],[-104.051789,19.477842],[-104.051904,19.477303],[-104.052018,19.476309],[-104.051726,19.475771],[-104.051492,19.475234],[-104.051432,19.47453],[-104.050965,19.473703],[-104.050556,19.473084],[-104.050264,19.472298],[-104.05032,19.471304],[-104.050492,19.470392],[-104.050666,19.470019],[-104.051131,19.470183],[-104.05183,19.470636],[-104.052764,19.471833],[-104.053114,19.472371],[-104.053581,19.47299],[-104.054571,19.473235],[-104.054803,19.473276],[-104.05585,19.473065],[-104.056059,19.473064],[-104.056315,19.473063],[-104.056548,19.473186],[-104.056669,19.473753],[-104.056725,19.474014],[-104.056727,19.474801],[-104.05702,19.475835],[-104.057778,19.476454],[-104.058826,19.476823],[-104.059815,19.476902],[-104.060168,19.476843],[-104.061268,19.476648],[-104.062142,19.477101],[-104.062725,19.477595],[-104.063425,19.478214],[-104.063891,19.478502],[-104.065926,19.478329],[-104.068256,19.479273],[-104.069515,19.480091],[-104.070828,19.481091],[-104.073334,19.485191],[-104.074547,19.487176],[-104.09045,19.474417],[-104.09193,19.452261],[-104.092046,19.450521],[-104.092216,19.44966],[-104.09746,19.422954],[-104.098266,19.418799],[-104.10206,19.409826],[-104.102337,19.40917],[-104.105142,19.402537],[-104.106818,19.398572],[-104.106969,19.398214],[-104.108347,19.393645],[-104.125208,19.377435],[-104.137381,19.353301],[-104.15288,19.333104],[-104.162759,19.331551],[-104.168852,19.330192],[-104.180534,19.327587],[-104.190735,19.320357],[-104.204038,19.317762],[-104.208136,19.315706],[-104.209896,19.314823],[-104.215706,19.313857],[-104.235794,19.307905],[-104.238353,19.307937],[-104.241087,19.308339],[-104.243709,19.30944],[-104.245226,19.31075],[-104.247385,19.312305],[-104.248838,19.312258],[-104.250345,19.311143],[-104.251562,19.310398],[-104.253189,19.310227],[-104.254875,19.310139],[-104.255979,19.310012],[-104.256971,19.31083],[-104.257903,19.311279],[-104.258778,19.311728],[-104.259769,19.312218],[-104.261049,19.312501],[-104.261685,19.3118],[-104.261855,19.310853],[-104.261906,19.309455],[-104.262133,19.308344],[-104.263463,19.306858],[-104.264856,19.30636],[-104.266249,19.305943],[-104.267641,19.305115],[-104.268334,19.304249],[-104.26891,19.303219],[-104.269894,19.302269],[-104.27088,19.301855],[-104.271866,19.30144],[-104.273028,19.301147],[-104.27336,19.30117],[-104.273609,19.301186],[-104.274655,19.3011],[-104.275876,19.301013],[-104.277213,19.301131],[-104.278379,19.301785],[-104.278848,19.302441],[-104.279958,19.30363],[-104.280656,19.303586],[-104.281351,19.303131],[-104.281988,19.302511],[-104.282681,19.301645],[-104.282677,19.300782],[-104.282613,19.299795],[-104.282493,19.298891],[-104.282605,19.298027],[-104.283009,19.297449],[-104.284111,19.297075],[-104.285216,19.297029],[-104.286554,19.297271],[-104.287314,19.298173],[-104.287261,19.299078],[-104.287264,19.299818],[-104.287789,19.300104],[-104.288372,19.300307],[-104.288897,19.30084],[-104.28919,19.30125],[-104.289715,19.301618],[-104.291289,19.302434],[-104.292163,19.302801],[-104.292921,19.303168],[-104.293795,19.303576],[-104.294609,19.303696],[-104.29583,19.303568],[-104.296759,19.303318],[-104.297629,19.302985],[-104.298612,19.301953],[-104.298725,19.301336],[-104.299012,19.300636],[-104.299125,19.299895],[-104.299179,19.299237],[-104.299176,19.298579],[-104.299173,19.297921],[-104.299344,19.297304],[-104.299631,19.296603],[-104.300267,19.295984],[-104.300788,19.295571],[-104.301542,19.295115],[-104.302585,19.294577],[-104.303281,19.294245],[-104.304268,19.293871],[-104.304966,19.294033],[-104.305605,19.293948],[-104.306184,19.293452],[-104.306879,19.292956],[-104.3074,19.292584],[-104.308036,19.291923],[-104.308441,19.29151],[-104.309019,19.290891],[-104.309947,19.290517],[-104.310527,19.290145],[-104.31116,19.288991],[-104.3111,19.288497],[-104.311269,19.287551],[-104.311266,19.286934],[-104.311146,19.286153],[-104.311084,19.285578],[-104.311139,19.284961],[-104.311252,19.284261],[-104.31177,19.283272],[-104.312347,19.282529],[-104.312635,19.281911],[-104.312865,19.281499],[-104.313269,19.280881],[-104.313963,19.280179],[-104.314484,19.279889],[-104.315298,19.279803],[-104.316288,19.280128],[-104.317045,19.280454],[-104.317743,19.280534],[-104.318732,19.280612],[-104.31978,19.280978],[-104.320653,19.281262],[-104.321524,19.281053],[-104.322337,19.280885],[-104.322803,19.281048],[-104.323504,19.281621],[-104.323798,19.282236],[-104.324154,19.283592],[-104.32462,19.283919],[-104.325263,19.284451],[-104.326196,19.285147],[-104.327187,19.285677],[-104.328586,19.286247],[-104.329342,19.286367],[-104.329693,19.286859],[-104.330162,19.287598],[-104.331154,19.288252],[-104.331735,19.288167],[-104.332198,19.287795],[-104.33252,19.287542],[-104.334575,19.287899],[-104.336365,19.288132],[-104.337801,19.288941],[-104.33895,19.289538],[-104.340013,19.289797],[-104.340219,19.289847],[-104.341889,19.290493],[-104.343448,19.290722],[-104.34479,19.289785],[-104.346026,19.288057],[-104.34738,19.286165],[-104.348494,19.285017],[-104.349142,19.28407],[-104.35014,19.282879],[-104.350786,19.282099],[-104.351896,19.281242],[-104.352599,19.280503],[-104.353603,19.278897],[-104.354198,19.277534],[-104.35479,19.276421],[-104.355266,19.275388],[-104.356381,19.274074],[-104.357554,19.272761],[-104.359016,19.271493],[-104.360647,19.27056],[-104.36239,19.269919],[-104.363725,19.269563],[-104.365218,19.270456],[-104.365078,19.272448],[-104.36431,19.273726],[-104.364514,19.275972],[-104.365656,19.277151],[-104.367028,19.278458],[-104.368637,19.279352],[-104.3699,19.280075],[-104.371336,19.280884],[-104.37283,19.281694],[-104.373978,19.282416],[-104.375132,19.282681],[-104.376294,19.282281],[-104.3777,19.280846],[-104.378874,19.279408],[-104.380749,19.277439],[-104.382327,19.276173],[-104.382527,19.271916],[-104.382873,19.271534],[-104.383275,19.270648],[-104.383332,19.270479],[-104.383562,19.270014],[-104.384081,19.269505],[-104.384602,19.269122],[-104.385239,19.268865],[-104.386398,19.268436],[-104.387676,19.268342],[-104.388547,19.268378],[-104.389475,19.268202],[-104.390346,19.268238],[-104.390753,19.268319],[-104.391218,19.268358],[-104.392147,19.268267],[-104.39267,19.268305],[-104.392902,19.268303],[-104.393424,19.268299],[-104.393946,19.268043],[-104.394759,19.268079],[-104.395224,19.26816],[-104.39592,19.268028],[-104.396616,19.26777],[-104.397135,19.267261],[-104.397657,19.267047],[-104.39841,19.266663],[-104.398872,19.26628],[-104.399045,19.266027],[-104.399448,19.265392],[-104.399793,19.2648],[-104.400139,19.264461],[-104.400543,19.263995],[-104.400948,19.263697],[-104.401354,19.26361],[-104.401993,19.26369],[-104.402751,19.264105],[-104.402928,19.264651],[-104.402643,19.265537],[-104.402704,19.26621],[-104.403347,19.266878],[-104.403816,19.267632],[-104.403762,19.26839],[-104.40394,19.269063],[-104.403654,19.26978],[-104.403252,19.270709],[-104.402676,19.271555],[-104.402273,19.272106],[-104.401987,19.272908],[-104.40228,19.27341],[-104.402513,19.273493],[-104.402866,19.27429],[-104.402811,19.27488],[-104.403104,19.275425],[-104.402874,19.275805],[-104.402414,19.276608],[-104.402389,19.276637],[-104.401779,19.277329],[-104.401492,19.277962],[-104.400973,19.278555],[-104.400626,19.278853],[-104.400281,19.279402],[-104.400052,19.279951],[-104.399648,19.280543],[-104.399187,19.281094],[-104.398668,19.281771],[-104.39838,19.282237],[-104.398211,19.283122],[-104.398563,19.283793],[-104.398856,19.284211],[-104.399324,19.284839],[-104.399909,19.285592],[-104.401016,19.286258],[-104.401945,19.286124],[-104.402755,19.285571],[-104.403565,19.285018],[-104.404317,19.284591],[-104.405417,19.283994],[-104.405938,19.283653],[-104.406692,19.283395],[-104.40762,19.283178],[-104.409477,19.282911],[-104.410579,19.282734],[-104.411508,19.282685],[-104.41203,19.282555],[-104.41261,19.282466],[-104.413306,19.282251],[-104.41371,19.281785],[-104.413824,19.281321],[-104.413993,19.28052],[-104.414163,19.279803],[-104.414567,19.279211],[-104.415146,19.27887],[-104.416247,19.27844],[-104.416768,19.278226],[-104.416942,19.278183],[-104.417057,19.277971],[-104.41775,19.277377],[-104.41833,19.277162],[-104.418968,19.277073],[-104.419839,19.276982],[-104.420593,19.276808],[-104.421407,19.276928],[-104.422104,19.277049],[-104.422572,19.277508],[-104.423038,19.277884],[-104.423622,19.278342],[-104.424205,19.278717],[-104.425075,19.278668],[-104.425653,19.278158],[-104.426115,19.277692],[-104.426752,19.277266],[-104.42739,19.277135],[-104.427795,19.276922],[-104.428375,19.276833],[-104.429361,19.276531],[-104.429709,19.276402],[-104.429998,19.276189],[-104.430403,19.276018],[-104.431448,19.275968],[-104.432144,19.275836],[-104.432666,19.275706],[-104.433189,19.27566],[-104.433886,19.275654],[-104.434409,19.275692],[-104.435805,19.276103],[-104.436734,19.276138],[-104.437489,19.27609],[-104.438658,19.275203],[-104.438765,19.275121],[-104.436523,19.271624],[-104.436902,19.268887],[-104.437731,19.267278],[-104.438677,19.265628],[-104.439033,19.264802],[-104.438869,19.264052],[-104.439805,19.263151],[-104.441488,19.262674],[-104.442999,19.262113],[-104.444508,19.261634],[-104.445902,19.261154],[-104.447468,19.260801],[-104.448512,19.260524],[-104.449085,19.260264],[-104.44985,19.259918],[-104.451705,19.259486],[-104.452917,19.259751],[-104.454415,19.260228],[-104.455569,19.260451],[-104.456902,19.260219],[-104.458131,19.25903],[-104.459075,19.257422],[-104.45967,19.256018],[-104.459401,19.254311],[-104.458671,19.252432],[-104.457585,19.251337],[-104.457159,19.25075],[-104.456732,19.250163],[-104.457553,19.249177],[-104.458543,19.248608],[-104.459822,19.248002],[-104.460928,19.247476],[-104.462373,19.247495],[-104.463407,19.24809],[-104.464207,19.248932],[-104.465135,19.248736],[-104.466066,19.248208],[-104.467175,19.24735],[-104.468052,19.246572],[-104.467889,19.245615],[-104.467377,19.244943],[-104.466699,19.243522],[-104.465966,19.241933],[-104.464535,19.240668],[-104.464372,19.239835],[-104.463865,19.238665],[-104.463474,19.237455],[-104.463659,19.236502],[-104.464195,19.235221],[-104.464846,19.233942],[-104.465318,19.233159],[-104.466718,19.232056],[-104.467821,19.231696],[-104.469732,19.231472],[-104.470941,19.231986],[-104.472087,19.232874],[-104.472944,19.233799],[-104.473793,19.235306],[-104.474408,19.237183],[-104.475201,19.238564],[-104.475947,19.239073],[-104.476813,19.239167],[-104.477623,19.239136],[-104.478319,19.239021],[-104.479247,19.238783],[-104.480062,19.238254],[-104.480534,19.237512],[-104.480772,19.236892],[-104.481017,19.235774],[-104.48155,19.2347],[-104.482081,19.233793],[-104.482845,19.232723],[-104.483548,19.231901],[-104.484308,19.231205],[-104.485177,19.231092],[-104.486566,19.231027],[-104.488187,19.23084],[-104.48928,19.231311],[-104.490199,19.231905],[-104.490769,19.232618],[-104.490821,19.233097],[-104.490873,19.233575],[-104.491211,19.234327],[-104.491262,19.234951],[-104.491202,19.235755],[-104.491194,19.235864],[-104.491298,19.236863],[-104.491462,19.237654],[-104.491337,19.238442],[-104.491153,19.239395],[-104.491178,19.240187],[-104.491187,19.240476],[-104.491195,19.240725],[-104.491243,19.241598],[-104.49106,19.242385],[-104.490523,19.243791],[-104.490392,19.24516],[-104.49003,19.246443],[-104.489843,19.247646],[-104.489715,19.248683],[-104.489998,19.249206],[-104.490281,19.249729],[-104.491024,19.250528],[-104.491937,19.251578],[-104.492342,19.251583],[-104.493426,19.252802],[-104.494171,19.253435],[-104.495606,19.254326],[-104.49751,19.254766],[-104.498727,19.254574],[-104.499829,19.254256],[-104.501053,19.253482],[-104.501815,19.252578],[-104.502635,19.251716],[-104.504156,19.250157],[-104.504919,19.249212],[-104.505626,19.248099],[-104.506561,19.24728],[-104.507262,19.246666],[-104.507963,19.246052],[-104.50895,19.245691],[-104.509874,19.245869],[-104.510563,19.246293],[-104.510908,19.246464],[-104.511769,19.246973],[-104.51286,19.247652],[-104.513604,19.248368],[-104.514464,19.249044],[-104.515324,19.249719],[-104.516522,19.251106],[-104.517327,19.251573],[-104.51761,19.252075],[-104.518008,19.252704],[-104.518291,19.253206],[-104.51869,19.253751],[-104.519439,19.25401],[-104.520135,19.253769],[-104.520718,19.253445],[-104.521357,19.253203],[-104.522285,19.252966],[-104.523439,19.253147],[-104.523898,19.253527],[-104.524752,19.254701],[-104.525262,19.25558],[-104.525647,19.25733],[-104.525989,19.25775],[-104.526386,19.258461],[-104.527131,19.259052],[-104.528052,19.259479],[-104.528858,19.259822],[-104.529606,19.260122],[-104.530814,19.260761],[-104.531335,19.260664],[-104.531857,19.260566],[-104.533254,19.259795],[-104.53396,19.258724],[-104.534263,19.257481],[-104.534562,19.256613],[-104.534968,19.256576],[-104.535204,19.256122],[-104.535383,19.255667],[-104.53585,19.255258],[-104.536148,19.254514],[-104.536615,19.254104],[-104.537027,19.253445],[-104.537846,19.252666],[-104.538899,19.251558],[-104.54007,19.250368],[-104.541296,19.249303],[-104.542467,19.248072],[-104.544798,19.246481],[-104.546483,19.245796],[-104.547761,19.245272],[-104.549628,19.243506],[-104.549578,19.242943],[-104.549477,19.242827],[-104.549542,19.242675],[-104.549598,19.242516],[-104.549604,19.242321],[-104.549575,19.242143],[-104.549492,19.241951],[-104.54967,19.241632],[-104.549848,19.241313],[-104.549864,19.241289],[-104.549957,19.241158],[-104.54997,19.241139],[-104.549984,19.24112],[-104.550447,19.24091],[-104.550862,19.240713],[-104.551308,19.240382],[-104.551451,19.240252],[-104.551542,19.240169],[-104.551616,19.240099],[-104.551691,19.240029],[-104.551904,19.23966],[-104.552096,19.239417],[-104.552314,19.239149],[-104.552452,19.23898],[-104.552827,19.238318],[-104.553074,19.237961],[-104.553101,19.237922],[-104.553227,19.23774],[-104.553392,19.237509],[-104.55347,19.237401],[-104.553566,19.237269],[-104.553722,19.237053],[-104.553897,19.236812],[-104.554041,19.236317],[-104.554365,19.236154],[-104.554391,19.236141],[-104.554539,19.236071],[-104.554952,19.235649],[-104.555497,19.235093],[-104.556321,19.234252],[-104.557295,19.233736],[-104.557595,19.232807],[-104.557535,19.232476],[-104.55765,19.232018],[-104.557707,19.231769],[-104.557704,19.231187],[-104.55776,19.23073],[-104.557643,19.230357],[-104.557757,19.2299],[-104.557696,19.22936],[-104.557751,19.228488],[-104.557865,19.22801],[-104.557979,19.227532],[-104.558092,19.226866],[-104.558495,19.225826],[-104.558725,19.225368],[-104.559187,19.224659],[-104.559418,19.22445],[-104.559823,19.22395],[-104.560168,19.2232],[-104.561327,19.222529],[-104.562315,19.222523],[-104.563301,19.222351],[-104.564113,19.221972],[-104.564808,19.221387],[-104.565212,19.220928],[-104.565789,19.219928],[-104.566133,19.218846],[-104.566247,19.218347],[-104.566534,19.217639],[-104.566534,19.217598],[-104.566764,19.217181],[-104.567342,19.216472],[-104.567921,19.216012],[-104.568732,19.215425],[-104.569717,19.214755],[-104.570064,19.214545],[-104.570933,19.214083],[-104.571976,19.213454],[-104.572381,19.213037],[-104.572902,19.212494],[-104.573306,19.21191],[-104.573477,19.211328],[-104.573591,19.210704],[-104.57382,19.209872],[-104.573585,19.209417],[-104.573293,19.209045],[-104.572417,19.20797],[-104.572008,19.207475],[-104.571426,19.207063],[-104.570785,19.206735],[-104.569854,19.206283],[-104.569329,19.205913],[-104.568978,19.205209],[-104.568916,19.204337],[-104.568914,19.203922],[-104.56897,19.203423],[-104.569139,19.202177],[-104.569254,19.202051],[-104.5696,19.201385],[-104.570177,19.200551],[-104.570581,19.199801],[-104.570983,19.198844],[-104.570922,19.19818],[-104.570686,19.197392],[-104.570858,19.196768],[-104.570913,19.196104],[-104.57068,19.195856],[-104.570678,19.195524],[-104.571197,19.194732],[-104.572124,19.19402],[-104.572761,19.193601],[-104.573224,19.193266],[-104.573511,19.192475],[-104.573914,19.191767],[-104.574142,19.19081],[-104.574139,19.18998],[-104.574134,19.188983],[-104.574131,19.188278],[-104.574302,19.187363],[-104.574704,19.186489],[-104.574877,19.186238],[-104.575049,19.185698],[-104.575279,19.185032],[-104.575275,19.184201],[-104.575215,19.183662],[-104.575386,19.183038],[-104.575616,19.182414],[-104.575828,19.182049],[-104.576077,19.181622],[-104.576653,19.180705],[-104.577,19.180205],[-104.577694,19.179577],[-104.578562,19.178991],[-104.579142,19.17878],[-104.579606,19.178486],[-104.580649,19.17794],[-104.580837,19.177898],[-104.582563,19.177513],[-104.58332,19.177799],[-104.584019,19.178418],[-104.584428,19.178831],[-104.584954,19.179699],[-104.585307,19.180611],[-104.585484,19.181233],[-104.585603,19.181855],[-104.585664,19.18256],[-104.586424,19.183635],[-104.586715,19.183758],[-104.586948,19.184006],[-104.587357,19.184419],[-104.588174,19.185327],[-104.589397,19.186109],[-104.590211,19.186436],[-104.591663,19.186219],[-104.592242,19.186008],[-104.592938,19.18563],[-104.593459,19.185295],[-104.593748,19.184919],[-104.594499,19.184043],[-104.595076,19.18325],[-104.595653,19.182541],[-104.596174,19.182164],[-104.597044,19.181909],[-104.597858,19.182029],[-104.598788,19.182231],[-104.599428,19.182393],[-104.600474,19.18247],[-104.600645,19.181887],[-104.600644,19.181596],[-104.600585,19.181389],[-104.600467,19.180933],[-104.600697,19.180433],[-104.60087,19.180225],[-104.601101,19.179891],[-104.601273,19.179475],[-104.601273,19.179392],[-104.601271,19.179101],[-104.601212,19.178728],[-104.601153,19.178521],[-104.601034,19.178064],[-104.600975,19.177733],[-104.60074,19.177277],[-104.600564,19.176863],[-104.600213,19.176159],[-104.600095,19.175745],[-104.600092,19.175247],[-104.600091,19.175003],[-104.600089,19.174416],[-104.600086,19.173752],[-104.600026,19.173503],[-104.599849,19.172715],[-104.599439,19.172012],[-104.598971,19.171309],[-104.598619,19.170605],[-104.598444,19.170274],[-104.598151,19.169694],[-104.597916,19.169156],[-104.597681,19.168493],[-104.597563,19.168203],[-104.597475,19.167975],[-104.597387,19.167747],[-104.597152,19.167126],[-104.596918,19.166795],[-104.596509,19.166175],[-104.596214,19.165305],[-104.593835,19.165734],[-104.593079,19.165448],[-104.592148,19.165122],[-104.591566,19.164876],[-104.59145,19.164877],[-104.590404,19.164551],[-104.589531,19.164307],[-104.588776,19.164188],[-104.587961,19.163777],[-104.587552,19.163281],[-104.586969,19.162621],[-104.586733,19.161916],[-104.586614,19.161169],[-104.586611,19.160588],[-104.586549,19.159758],[-104.586603,19.158803],[-104.586483,19.157973],[-104.586654,19.157141],[-104.586766,19.156269],[-104.587284,19.155186],[-104.587803,19.154394],[-104.588208,19.154017],[-104.589307,19.153222],[-104.589944,19.152844],[-104.590466,19.152509],[-104.591798,19.151919],[-104.593074,19.151579],[-104.59464,19.151154],[-104.59615,19.151062],[-104.59766,19.151177],[-104.598938,19.151377],[-104.600565,19.151616],[-104.602426,19.152144],[-104.603647,19.152511],[-104.605683,19.153162],[-104.60702,19.153652],[-104.607603,19.153981],[-104.608185,19.154268],[-104.608825,19.154721],[-104.609581,19.154882],[-104.610123,19.154862],[-104.610857,19.154785],[-104.61143,19.154918],[-104.611887,19.155309],[-104.612407,19.1558],[-104.613318,19.156368],[-104.613364,19.156727],[-104.613309,19.157309],[-104.612963,19.157809],[-104.612559,19.158352],[-104.612214,19.159184],[-104.611926,19.159601],[-104.611872,19.160474],[-104.612339,19.161135],[-104.613154,19.161462],[-104.613909,19.161416],[-104.614315,19.161331],[-104.615012,19.161451],[-104.615826,19.16157],[-104.616408,19.16194],[-104.616877,19.162768],[-104.616877,19.162892],[-104.617112,19.163389],[-104.617153,19.163945],[-104.617236,19.165049],[-104.617472,19.165837],[-104.617998,19.166706],[-104.61829,19.166995],[-104.618932,19.167655],[-104.618932,19.167779],[-104.619283,19.168317],[-104.619226,19.168567],[-104.619055,19.169066],[-104.618824,19.169358],[-104.618418,19.16961],[-104.617549,19.169947],[-104.616739,19.170658],[-104.616107,19.172157],[-104.615944,19.174442],[-104.616535,19.176805],[-104.61724,19.178379],[-104.617647,19.178626],[-104.618229,19.178746],[-104.618637,19.179201],[-104.618641,19.17999],[-104.618876,19.180486],[-104.619457,19.18069],[-104.620386,19.18056],[-104.623576,19.179709],[-104.62404,19.179582],[-104.624213,19.17929],[-104.624733,19.178581],[-104.625254,19.17837],[-104.625835,19.178283],[-104.626356,19.178031],[-104.626528,19.177615],[-104.626642,19.177074],[-104.62664,19.176659],[-104.626696,19.17616],[-104.627158,19.175617],[-104.62768,19.175531],[-104.628261,19.175569],[-104.628957,19.175274],[-104.628895,19.174527],[-104.628486,19.174073],[-104.628832,19.173489],[-104.629586,19.173318],[-104.629995,19.173731],[-104.630634,19.17381],[-104.630981,19.173517],[-104.631563,19.173679],[-104.632206,19.174589],[-104.63302,19.174833],[-104.634994,19.174737],[-104.635225,19.174487],[-104.635982,19.174772],[-104.6361,19.175353],[-104.636509,19.175766],[-104.637961,19.175798],[-104.63889,19.175709],[-104.639355,19.175914],[-104.640226,19.175784],[-104.642027,19.175938],[-104.642319,19.176165],[-104.64261,19.176391],[-104.642646,19.176435],[-104.643733,19.177745],[-104.644645,19.179044],[-104.645038,19.180087],[-104.646186,19.180891],[-104.648261,19.181414],[-104.649416,19.181595],[-104.651657,19.182827],[-104.652863,19.18363],[-104.654421,19.183857],[-104.655693,19.183872],[-104.657196,19.183932],[-104.658469,19.183823],[-104.659914,19.183799],[-104.661472,19.184067],[-104.663204,19.184337],[-104.665454,19.184738],[-104.666608,19.185001],[-104.667644,19.185387],[-104.668504,19.186062],[-104.66954,19.186532],[-104.670403,19.186916],[-104.671446,19.186679],[-104.672661,19.186611],[-104.674164,19.186629],[-104.675321,19.186601],[-104.676009,19.187149],[-104.676641,19.187489],[-104.677214,19.187995],[-104.67732,19.18891],[-104.677602,19.189619],[-104.678173,19.19025],[-104.678685,19.191045],[-104.679256,19.191758],[-104.679773,19.192097],[-104.680197,19.192807],[-104.680398,19.193143],[-104.680733,19.19431],[-104.681361,19.195024],[-104.682051,19.195364],[-104.682859,19.19554],[-104.683378,19.195629],[-104.68372,19.196174],[-104.683996,19.197382],[-104.684628,19.197805],[-104.685551,19.197982],[-104.686592,19.197953],[-104.687164,19.1985],[-104.687793,19.199213],[-104.688485,19.199388],[-104.689243,19.198815],[-104.689709,19.198405],[-104.690521,19.198166],[-104.690985,19.198088],[-104.691052,19.197175],[-104.690247,19.19675],[-104.690138,19.196084],[-104.690318,19.195421],[-104.69073,19.194761],[-104.69114,19.194268],[-104.690739,19.193931],[-104.690453,19.193595],[-104.690517,19.192972],[-104.690755,19.19231],[-104.69094,19.191274],[-104.691005,19.190569],[-104.691302,19.189824],[-104.691883,19.189499],[-104.692403,19.189588],[-104.692868,19.189303],[-104.693336,19.18881],[-104.693566,19.188854],[-104.693915,19.188733],[-104.694552,19.188616],[-104.695421,19.188377],[-104.696575,19.188682],[-104.69715,19.188896],[-104.697799,19.187658],[-104.698092,19.187329],[-104.698617,19.186837],[-104.698388,19.186585],[-104.69845,19.186211],[-104.699208,19.185597],[-104.69962,19.184937],[-104.699855,19.184566],[-104.70038,19.184115],[-104.700556,19.183785],[-104.701195,19.183543],[-104.701315,19.183129],[-104.701233,19.182692],[-104.70115,19.182255],[-104.700639,19.181335],[-104.699951,19.180787],[-104.698974,19.180277],[-104.698054,19.179809],[-104.697888,19.179017],[-104.697839,19.178227],[-104.697734,19.177229],[-104.696978,19.177635],[-104.696857,19.178133],[-104.696565,19.17842],[-104.695928,19.178496],[-104.695292,19.17853],[-104.695066,19.178028],[-104.694777,19.178066],[-104.694431,19.177938],[-104.69432,19.177521],[-104.693855,19.177723],[-104.693449,19.177884],[-104.69322,19.177674],[-104.693342,19.177011],[-104.693578,19.176557],[-104.693758,19.175935],[-104.693936,19.175522],[-104.693654,19.174854],[-104.693077,19.174681],[-104.692497,19.174882],[-104.691972,19.175374],[-104.691679,19.175745],[-104.691674,19.176202],[-104.691667,19.176866],[-104.69126,19.177111],[-104.691083,19.177482],[-104.690503,19.177683],[-104.690153,19.17797],[-104.689573,19.178129],[-104.688821,19.178162],[-104.687838,19.178192],[-104.686336,19.178132],[-104.684892,19.177991],[-104.68368,19.17781],[-104.682178,19.177626],[-104.680447,19.177314],[-104.679007,19.17684],[-104.677795,19.176618],[-104.676472,19.176062],[-104.675203,19.175715],[-104.673878,19.175283],[-104.672438,19.174809],[-104.671113,19.174378],[-104.669498,19.174026],[-104.667076,19.173457],[-104.666153,19.173279],[-104.664943,19.172933],[-104.663388,19.172374],[-104.661891,19.171774],[-104.660625,19.17126],[-104.659415,19.170872],[-104.657285,19.169974],[-104.65498,19.169364],[-104.653021,19.168759],[-104.650717,19.1679],[-104.648353,19.167332],[-104.647263,19.166612],[-104.645704,19.166427],[-104.644381,19.165788],[-104.642882,19.165396],[-104.641041,19.164625],[-104.639375,19.16365],[-104.637242,19.163125],[-104.634938,19.162349],[-104.632403,19.161529],[-104.630216,19.16063],[-104.627339,19.159473],[-104.624689,19.158568],[-104.622271,19.157708],[-104.620372,19.156895],[-104.618412,19.156372],[-104.615706,19.155467],[-104.613058,19.154437],[-104.610639,19.153618],[-104.609199,19.153143],[-104.607585,19.152749],[-104.606432,19.152444],[-104.604992,19.152011],[-104.604014,19.151625],[-104.601996,19.151143],[-104.600784,19.150962],[-104.599575,19.15049],[-104.598076,19.150139],[-104.596403,19.149911],[-104.595076,19.149687],[-104.593575,19.14946],[-104.592652,19.149324],[-104.591326,19.149017],[-104.589938,19.149041],[-104.588552,19.148941],[-104.587339,19.148884],[-104.586069,19.148785],[-104.585261,19.148651],[-104.584683,19.148602],[-104.583588,19.148339],[-104.582375,19.148241],[-104.581452,19.148105],[-104.580356,19.147966],[-104.578913,19.147782],[-104.577644,19.147517],[-104.576316,19.147417],[-104.574469,19.147145],[-104.57245,19.146787],[-104.571064,19.146645],[-104.569045,19.146371],[-104.565702,19.145498],[-104.56478,19.145195],[-104.563167,19.144718],[-104.56138,19.144363],[-104.559939,19.143971],[-104.559539,19.143592],[-104.557694,19.143195],[-104.556539,19.143056],[-104.555155,19.142789],[-104.554118,19.142527],[-104.55285,19.142137],[-104.551815,19.141708],[-104.550604,19.141485],[-104.549507,19.141388],[-104.54847,19.141085],[-104.547607,19.140741],[-104.546454,19.140477],[-104.545532,19.140175],[-104.544725,19.14004],[-104.543687,19.139819],[-104.542481,19.139139],[-104.539712,19.138689],[-104.537983,19.138251],[-104.537005,19.137782],[-104.535158,19.137634],[-104.533943,19.137743],[-104.532156,19.137263],[-104.529851,19.136693],[-104.526971,19.135867],[-104.522705,19.134857],[-104.52086,19.134501],[-104.518843,19.133977],[-104.516023,19.132902],[-104.513835,19.132209],[-104.510031,19.13133],[-104.509344,19.130781],[-104.508246,19.130767],[-104.505136,19.129812],[-104.503006,19.129079],[-104.500473,19.128215],[-104.498227,19.12748],[-104.495,19.12669],[-104.492235,19.125948],[-104.487575,19.124143],[-104.472525,19.116302],[-104.471494,19.1155],[-104.47185,19.114715],[-104.472087,19.114178],[-104.471573,19.113714],[-104.470824,19.113497],[-104.470481,19.11316],[-104.470545,19.112662],[-104.469678,19.112692],[-104.46887,19.112599],[-104.468996,19.111686],[-104.468485,19.110932],[-104.467503,19.110919],[-104.466631,19.111365],[-104.466217,19.112148],[-104.464886,19.112297],[-104.463845,19.112408],[-104.463563,19.111781],[-104.462873,19.111481],[-104.462175,19.111846],[-104.461369,19.111586],[-104.460274,19.111364],[-104.459228,19.111849],[-104.458132,19.11171],[-104.458139,19.111087],[-104.457973,19.110462],[-104.45734,19.110287],[-104.45653,19.110318],[-104.455543,19.110762],[-104.454735,19.110627],[-104.453356,19.110027],[-104.452206,19.109513],[-104.451468,19.108423],[-104.451191,19.107381],[-104.451891,19.106809],[-104.451376,19.106386],[-104.451498,19.105848],[-104.451453,19.104726],[-104.450881,19.104261],[-104.451123,19.103309],[-104.451418,19.102856],[-104.451485,19.102026],[-104.452533,19.101416],[-104.453,19.100965],[-104.452367,19.100749],[-104.451324,19.100985],[-104.450741,19.101434],[-104.449937,19.10105],[-104.449252,19.100334],[-104.448568,19.099536],[-104.44875,19.098749],[-104.449047,19.09813],[-104.449345,19.097303],[-104.449586,19.096516],[-104.449539,19.095602],[-104.45018,19.095112],[-104.450417,19.094616],[-104.449897,19.094609],[-104.44932,19.09456],[-104.448911,19.09497],[-104.448566,19.0948],[-104.447933,19.094584],[-104.447589,19.09433],[-104.446952,19.094488],[-104.446782,19.094194],[-104.446446,19.093318],[-104.446686,19.092531],[-104.447268,19.092165],[-104.448079,19.09201],[-104.448718,19.091727],[-104.449072,19.091109],[-104.448782,19.091146],[-104.448493,19.091184],[-104.447854,19.091467],[-104.447686,19.091007],[-104.447282,19.091002],[-104.446986,19.09158],[-104.446347,19.091862],[-104.445947,19.091525],[-104.445605,19.091105],[-104.445496,19.090563],[-104.445212,19.090102],[-104.44493,19.089558],[-104.445052,19.08902],[-104.44465,19.088848],[-104.444713,19.088392],[-104.444309,19.088345],[-104.444026,19.087843],[-104.443276,19.08775],[-104.443226,19.087043],[-104.44277,19.08658],[-104.442604,19.085955],[-104.442616,19.084958],[-104.441868,19.084699],[-104.440939,19.085019],[-104.439843,19.08488],[-104.439093,19.084828],[-104.438797,19.085406],[-104.438966,19.085782],[-104.438669,19.086484],[-104.438428,19.087312],[-104.438708,19.088022],[-104.438579,19.089184],[-104.438978,19.089604],[-104.438223,19.089968],[-104.437638,19.090542],[-104.43769,19.091083],[-104.438028,19.091752],[-104.438712,19.092592],[-104.439514,19.093143],[-104.439392,19.093723],[-104.439674,19.094267],[-104.440071,19.094937],[-104.440345,19.096145],[-104.440214,19.097473],[-104.439681,19.098546],[-104.438693,19.099031],[-104.437596,19.098934],[-104.436851,19.098467],[-104.435989,19.09804],[-104.435247,19.097282],[-104.435545,19.096539],[-104.435552,19.095915],[-104.435326,19.095497],[-104.434692,19.095364],[-104.434814,19.094825],[-104.434297,19.094528],[-104.434,19.09523],[-104.433309,19.095013],[-104.433374,19.094432],[-104.432624,19.094339],[-104.43263,19.093799],[-104.431533,19.093743],[-104.431485,19.092912],[-104.430904,19.093195],[-104.430675,19.093067],[-104.430097,19.093018],[-104.429288,19.093049],[-104.429234,19.092716],[-104.429357,19.092094],[-104.428545,19.092374],[-104.428533,19.093371],[-104.428816,19.093873],[-104.428567,19.095366],[-104.427863,19.09627],[-104.427451,19.09693],[-104.426339,19.098078],[-104.425641,19.098484],[-104.42425,19.09884],[-104.424125,19.099586],[-104.423939,19.100705],[-104.4233,19.100987],[-104.422314,19.101265],[-104.421561,19.101421],[-104.420743,19.102158],[-104.420446,19.102819],[-104.41986,19.103559],[-104.419215,19.10434],[-104.418913,19.105374],[-104.418093,19.106277],[-104.417397,19.106559],[-104.41624,19.106668],[-104.415318,19.106448],[-104.414165,19.106183],[-104.413351,19.106629],[-104.412422,19.106991],[-104.411441,19.106853],[-104.41139,19.106312],[-104.411516,19.105442],[-104.411467,19.104693],[-104.410656,19.10489],[-104.410134,19.105049],[-104.409558,19.104875],[-104.409046,19.104245],[-104.408587,19.10399],[-104.407895,19.103814],[-104.407329,19.102851],[-104.407916,19.102111],[-104.408329,19.10141],[-104.407351,19.101065],[-104.406773,19.101057],[-104.406021,19.10113],[-104.405329,19.101038],[-104.405161,19.100537],[-104.405229,19.099749],[-104.405009,19.098832],[-104.405017,19.098167],[-104.40497,19.097252],[-104.404215,19.097575],[-104.403461,19.097814],[-104.402599,19.097428],[-104.40255,19.09668],[-104.402385,19.095971],[-104.401929,19.095467],[-104.401414,19.095086],[-104.400959,19.094456],[-104.399923,19.094152],[-104.399468,19.093564],[-104.399531,19.093066],[-104.399607,19.091572],[-104.400133,19.09108],[-104.400428,19.090586],[-104.399683,19.090077],[-104.39893,19.090233],[-104.398247,19.089393],[-104.398604,19.088567],[-104.398494,19.088067],[-104.397221,19.088216],[-104.397071,19.086303],[-104.396388,19.085463],[-104.396205,19.086291],[-104.395905,19.087201],[-104.396064,19.088366],[-104.395423,19.088815],[-104.395763,19.089359],[-104.396329,19.090323],[-104.395798,19.091229],[-104.394926,19.091675],[-104.394112,19.092079],[-104.393109,19.093811],[-104.393092,19.095223],[-104.392215,19.096],[-104.390471,19.096932],[-104.391148,19.098271],[-104.392281,19.100073],[-104.392787,19.101284],[-104.394103,19.102341],[-104.396175,19.103034],[-104.398825,19.104486],[-104.398653,19.10587],[-104.398697,19.10639],[-104.398738,19.106967],[-104.398522,19.108105],[-104.398089,19.109229],[-104.398057,19.10928],[-104.398039,19.109322],[-104.397692,19.110115],[-104.397039,19.111151],[-104.397006,19.11119],[-104.396974,19.11123],[-104.396429,19.11176],[-104.396364,19.111833],[-104.395748,19.112551],[-104.395665,19.112641],[-104.395019,19.113244],[-104.394929,19.113334],[-104.39372,19.114484],[-104.393645,19.114534],[-104.392806,19.115306],[-104.392021,19.115862],[-104.391923,19.115918],[-104.391264,19.116389],[-104.390326,19.116937],[-104.390209,19.117016],[-104.389068,19.117516],[-104.388156,19.117842],[-104.386505,19.118416],[-104.386439,19.118439],[-104.386365,19.118465],[-104.386297,19.118489],[-104.386209,19.118519],[-104.385098,19.118906],[-104.382871,19.11968],[-104.382266,19.119788],[-104.382006,19.119835],[-104.381642,19.1199],[-104.380846,19.119986],[-104.380775,19.119994],[-104.380692,19.120003],[-104.380615,19.120011],[-104.380406,19.120034],[-104.380369,19.12004],[-104.380345,19.120045],[-104.379249,19.120175],[-104.379197,19.120176],[-104.379146,19.120179],[-104.37906,19.12018],[-104.377414,19.120206],[-104.377268,19.120209],[-104.376102,19.120281],[-104.375948,19.120279],[-104.375281,19.120237],[-104.374039,19.12024],[-104.373666,19.120355],[-104.372717,19.120241],[-104.371067,19.120154],[-104.369504,19.119851],[-104.369531,19.119427],[-104.368647,19.119322],[-104.36843,19.119294],[-104.367756,19.119193],[-104.367366,19.119127],[-104.366946,19.119069],[-104.366665,19.11903],[-104.366147,19.11893],[-104.365932,19.118815],[-104.365806,19.118782],[-104.365552,19.118811],[-104.365036,19.11874],[-104.364276,19.118574],[-104.363195,19.118325],[-104.362548,19.118155],[-104.361738,19.117902],[-104.361064,19.117706],[-104.360458,19.117519],[-104.359649,19.117245],[-104.358903,19.116933],[-104.357918,19.116538],[-104.357362,19.116299],[-104.356991,19.116156],[-104.356548,19.115926],[-104.356074,19.115671],[-104.355536,19.115389],[-104.354894,19.115064],[-104.354424,19.114813],[-104.35376,19.114388],[-104.352962,19.113671],[-104.352729,19.113462],[-104.352556,19.1133],[-104.352377,19.11312],[-104.352271,19.11301],[-104.352193,19.112917],[-104.352116,19.112823],[-104.352039,19.112706],[-104.351936,19.112525],[-104.351774,19.112326],[-104.351697,19.112203],[-104.351673,19.112087],[-104.351664,19.111984],[-104.351676,19.111926],[-104.351658,19.111848],[-104.351613,19.111762],[-104.351505,19.111609],[-104.351332,19.111369],[-104.351169,19.111207],[-104.351081,19.111074],[-104.351001,19.110916],[-104.350949,19.11075],[-104.350866,19.110563],[-104.350768,19.110164],[-104.350751,19.110014],[-104.35074,19.109859],[-104.350756,19.109684],[-104.350789,19.10953],[-104.350837,19.109405],[-104.350873,19.109323],[-104.350932,19.109216],[-104.350992,19.10912],[-104.35131,19.108763],[-104.35135,19.108749],[-104.351553,19.108832],[-104.351554,19.108872],[-104.351587,19.108907],[-104.351554,19.108986],[-104.351531,19.108987],[-104.351531,19.109001],[-104.351563,19.108999],[-104.351608,19.109045],[-104.351619,19.109109],[-104.351632,19.109104],[-104.351625,19.109031],[-104.351645,19.10901],[-104.351685,19.109046],[-104.351686,19.109077],[-104.351837,19.109057],[-104.351861,19.109034],[-104.3519,19.109021],[-104.351938,19.109008],[-104.351973,19.109016],[-104.352002,19.109026],[-104.352024,19.109028],[-104.35206,19.108999],[-104.352108,19.109005],[-104.352142,19.109014],[-104.352161,19.108989],[-104.352188,19.108986],[-104.352194,19.108966],[-104.352138,19.108935],[-104.352138,19.108893],[-104.352159,19.108872],[-104.352165,19.108852],[-104.352169,19.108818],[-104.352215,19.108802],[-104.352234,19.108782],[-104.352227,19.108749],[-104.352209,19.108741],[-104.352159,19.108732],[-104.352112,19.108725],[-104.352087,19.108697],[-104.352035,19.108682],[-104.351997,19.108688],[-104.351985,19.108706],[-104.35201,19.108723],[-104.352008,19.10876],[-104.351951,19.108793],[-104.351895,19.108798],[-104.351816,19.108787],[-104.351749,19.108759],[-104.351722,19.10873],[-104.351702,19.108685],[-104.351679,19.108683],[-104.351668,19.108719],[-104.351659,19.108745],[-104.351603,19.108761],[-104.351536,19.108747],[-104.351473,19.108721],[-104.351348,19.108667],[-104.351214,19.108522],[-104.351183,19.108434],[-104.351153,19.108359],[-104.351085,19.10835],[-104.351056,19.108303],[-104.351043,19.108255],[-104.351104,19.108202],[-104.351146,19.108146],[-104.351161,19.108095],[-104.351163,19.108031],[-104.351149,19.107991],[-104.351183,19.107948],[-104.351213,19.10793],[-104.351224,19.10789],[-104.351214,19.107862],[-104.351194,19.107809],[-104.351257,19.107742],[-104.351273,19.107695],[-104.351299,19.107643],[-104.351335,19.107622],[-104.351371,19.107596],[-104.351426,19.107573],[-104.351446,19.107547],[-104.351421,19.107501],[-104.351443,19.107479],[-104.351451,19.107455],[-104.351518,19.10745],[-104.351521,19.10741],[-104.351537,19.107359],[-104.35157,19.107336],[-104.351588,19.107318],[-104.351624,19.107296],[-104.351657,19.107266],[-104.351697,19.107252],[-104.351702,19.107237],[-104.351747,19.1072],[-104.35177,19.107177],[-104.351783,19.107097],[-104.351759,19.107083],[-104.351764,19.107062],[-104.3518,19.107065],[-104.351811,19.107038],[-104.351789,19.106997],[-104.351803,19.106965],[-104.351825,19.106917],[-104.351842,19.10685],[-104.351902,19.10682],[-104.351932,19.106847],[-104.351913,19.106894],[-104.351932,19.1069],[-104.351936,19.106941],[-104.351961,19.106948],[-104.351956,19.106993],[-104.352012,19.107015],[-104.352074,19.107017],[-104.35214,19.106995],[-104.352215,19.106957],[-104.352251,19.106916],[-104.352274,19.106867],[-104.352224,19.106789],[-104.352202,19.106744],[-104.352213,19.10671],[-104.352281,19.106716],[-104.352333,19.106721],[-104.35238,19.106716],[-104.352407,19.106742],[-104.352451,19.106747],[-104.352512,19.106748],[-104.352539,19.106727],[-104.352535,19.106694],[-104.352507,19.106666],[-104.35251,19.106639],[-104.35257,19.106686],[-104.352603,19.106701],[-104.352647,19.106682],[-104.352686,19.106639],[-104.352708,19.1066],[-104.352702,19.106547],[-104.35265,19.106506],[-104.352566,19.106483],[-104.352556,19.106454],[-104.352568,19.106436],[-104.352588,19.106417],[-104.352619,19.106412],[-104.352631,19.10639],[-104.352618,19.10636],[-104.352538,19.106382],[-104.352527,19.10633],[-104.352514,19.106291],[-104.352484,19.106263],[-104.352455,19.10625],[-104.352476,19.106136],[-104.352528,19.106025],[-104.352561,19.106002],[-104.352612,19.105993],[-104.352687,19.105996],[-104.352771,19.105938],[-104.352838,19.105884],[-104.352888,19.105834],[-104.352943,19.105821],[-104.353011,19.105758],[-104.353112,19.10578],[-104.353163,19.105788],[-104.353194,19.105766],[-104.353234,19.105751],[-104.353286,19.105739],[-104.353304,19.105777],[-104.353331,19.10579],[-104.353377,19.105782],[-104.353392,19.10575],[-104.353411,19.105716],[-104.353441,19.105668],[-104.353476,19.105619],[-104.353526,19.105597],[-104.353592,19.105549],[-104.353605,19.105516],[-104.35359,19.105464],[-104.353561,19.105452],[-104.35353,19.105449],[-104.353534,19.105427],[-104.353569,19.105429],[-104.353597,19.105441],[-104.353626,19.105473],[-104.353682,19.105516],[-104.353721,19.105529],[-104.353769,19.105536],[-104.353803,19.105534],[-104.35383,19.105515],[-104.353859,19.105495],[-104.353896,19.105491],[-104.353925,19.105476],[-104.353971,19.105473],[-104.354061,19.105459],[-104.354106,19.105437],[-104.354127,19.105404],[-104.354127,19.105367],[-104.354141,19.105324],[-104.354134,19.105277],[-104.354202,19.105249],[-104.354259,19.105232],[-104.354293,19.105217],[-104.354293,19.105187],[-104.354293,19.105163],[-104.354248,19.105154],[-104.354193,19.105161],[-104.354173,19.105143],[-104.354182,19.105124],[-104.354198,19.105094],[-104.354192,19.105057],[-104.354162,19.105029],[-104.354111,19.10503],[-104.354063,19.105013],[-104.354023,19.104968],[-104.35402,19.104923],[-104.35404,19.104898],[-104.354023,19.104863],[-104.353993,19.104805],[-104.354016,19.104784],[-104.354034,19.104736],[-104.354057,19.104734],[-104.354075,19.10468],[-104.354069,19.104622],[-104.35406,19.104584],[-104.354026,19.104568],[-104.35401,19.104534],[-104.354008,19.104487],[-104.354024,19.104472],[-104.354026,19.104461],[-104.354015,19.104411],[-104.353968,19.104418],[-104.353968,19.104407],[-104.353961,19.104372],[-104.353943,19.104351],[-104.353898,19.104355],[-104.353877,19.104333],[-104.353829,19.104315],[-104.353828,19.104249],[-104.353778,19.104184],[-104.353806,19.104101],[-104.353763,19.104098],[-104.353729,19.1041],[-104.353697,19.104085],[-104.353702,19.104068],[-104.353716,19.10404],[-104.3537,19.104008],[-104.35365,19.103992],[-104.353598,19.103997],[-104.353537,19.104027],[-104.353505,19.104067],[-104.353505,19.1041],[-104.353475,19.104149],[-104.353457,19.104145],[-104.353416,19.104147],[-104.353348,19.104131],[-104.353299,19.104142],[-104.35324,19.104148],[-104.353158,19.104167],[-104.353149,19.104139],[-104.353145,19.104107],[-104.353093,19.104094],[-104.353059,19.104113],[-104.353034,19.10415],[-104.353067,19.104214],[-104.353002,19.10424],[-104.352965,19.104274],[-104.352947,19.1043],[-104.352922,19.104343],[-104.352911,19.104382],[-104.352863,19.104442],[-104.352813,19.10448],[-104.352792,19.104504],[-104.352779,19.104542],[-104.352777,19.104599],[-104.352764,19.104638],[-104.352743,19.104677],[-104.352722,19.104739],[-104.352663,19.104778],[-104.352562,19.10478],[-104.352519,19.104756],[-104.352489,19.104751],[-104.352478,19.104794],[-104.352459,19.104833],[-104.352434,19.104861],[-104.35238,19.104886],[-104.352305,19.104927],[-104.352246,19.10494],[-104.35219,19.104914],[-104.352122,19.104922],[-104.352054,19.104967],[-104.352015,19.104993],[-104.352042,19.105053],[-104.351992,19.105072],[-104.35194,19.105072],[-104.351881,19.105093],[-104.351831,19.105121],[-104.351781,19.105177],[-104.351752,19.105216],[-104.351812,19.105326],[-104.351769,19.105349],[-104.351733,19.105375],[-104.35171,19.105409],[-104.351669,19.105418],[-104.351602,19.105411],[-104.351472,19.105413],[-104.351337,19.105391],[-104.351233,19.105362],[-104.35114,19.105334],[-104.351027,19.105286],[-104.350949,19.105252],[-104.350865,19.105215],[-104.350783,19.105171],[-104.350695,19.105116],[-104.350607,19.105047],[-104.350512,19.104973],[-104.350406,19.104884],[-104.350296,19.104741],[-104.350253,19.104696],[-104.350185,19.104594],[-104.350111,19.104498],[-104.350035,19.104375],[-104.349958,19.104237],[-104.349891,19.104094],[-104.349805,19.103924],[-104.349698,19.1037],[-104.349675,19.103609],[-104.349658,19.103528],[-104.349656,19.103436],[-104.349663,19.103331],[-104.349672,19.103234],[-104.349679,19.103141],[-104.349684,19.103021],[-104.349698,19.10292],[-104.349717,19.102829],[-104.349803,19.102779],[-104.349832,19.102799],[-104.349923,19.102814],[-104.34993,19.102838],[-104.349943,19.102838],[-104.34997,19.102821],[-104.350022,19.102817],[-104.350063,19.102808],[-104.350104,19.102808],[-104.350154,19.102813],[-104.350179,19.102785],[-104.350215,19.102753],[-104.350245,19.10271],[-104.350238,19.102641],[-104.350234,19.102581],[-104.350268,19.102544],[-104.350208,19.102483],[-104.350274,19.102427],[-104.350313,19.102501],[-104.35035,19.102461],[-104.350386,19.102405],[-104.350429,19.102377],[-104.35047,19.102362],[-104.350498,19.102302],[-104.350529,19.102257],[-104.350577,19.102225],[-104.350607,19.10218],[-104.350651,19.102155],[-104.350684,19.102124],[-104.350725,19.10207],[-104.350755,19.10201],[-104.350848,19.101916],[-104.350882,19.101851],[-104.350859,19.101821],[-104.350798,19.101797],[-104.350814,19.101758],[-104.35086,19.101778],[-104.350902,19.101817],[-104.350916,19.101772],[-104.350952,19.101821],[-104.350968,19.101817],[-104.351009,19.101794],[-104.351025,19.101744],[-104.350998,19.101671],[-104.350962,19.101615],[-104.350931,19.101585],[-104.350876,19.101642],[-104.350844,19.101642],[-104.350774,19.101612],[-104.350725,19.101586],[-104.350684,19.101571],[-104.350693,19.101491],[-104.350718,19.101476],[-104.350779,19.101472],[-104.350817,19.101471],[-104.350826,19.101426],[-104.350817,19.101387],[-104.350786,19.101325],[-104.35076,19.101244],[-104.350731,19.101177],[-104.350688,19.101102],[-104.350663,19.10105],[-104.350614,19.101015],[-104.350614,19.10097],[-104.350652,19.100923],[-104.350639,19.100897],[-104.350621,19.100873],[-104.350621,19.100822],[-104.350644,19.100742],[-104.350668,19.100689],[-104.350695,19.100647],[-104.350743,19.10061],[-104.3508,19.1006],[-104.350836,19.100621],[-104.350879,19.100602],[-104.350923,19.100569],[-104.350959,19.100593],[-104.350996,19.100597],[-104.351027,19.100563],[-104.351091,19.10052],[-104.351157,19.100516],[-104.351205,19.100511],[-104.351242,19.100476],[-104.351307,19.100423],[-104.351399,19.100446],[-104.351492,19.100465],[-104.351534,19.100485],[-104.351597,19.100499],[-104.351669,19.100504],[-104.351721,19.100493],[-104.35176,19.100452],[-104.351833,19.100453],[-104.351903,19.100459],[-104.351941,19.100459],[-104.352022,19.100433],[-104.352072,19.100405],[-104.352121,19.100427],[-104.352168,19.100452],[-104.352248,19.100416],[-104.352237,19.100395],[-104.352255,19.100376],[-104.352309,19.100361],[-104.352364,19.100329],[-104.352401,19.100302],[-104.352404,19.100254],[-104.352413,19.100201],[-104.352479,19.100173],[-104.352476,19.100107],[-104.352464,19.10006],[-104.35251,19.100045],[-104.352525,19.10001],[-104.352509,19.099964],[-104.352514,19.099921],[-104.352563,19.099776],[-104.352656,19.099748],[-104.352646,19.099655],[-104.352578,19.099599],[-104.352567,19.099547],[-104.352712,19.099464],[-104.352697,19.099385],[-104.352617,19.099322],[-104.352615,19.09926],[-104.35269,19.099236],[-104.352768,19.099225],[-104.352879,19.09922],[-104.352993,19.099203],[-104.353022,19.099214],[-104.35304,19.099225],[-104.353097,19.099242],[-104.353203,19.099245],[-104.353262,19.099238],[-104.353314,19.099239],[-104.353364,19.099228],[-104.353425,19.0992],[-104.353502,19.099175],[-104.353541,19.099158],[-104.353532,19.09913],[-104.353553,19.099087],[-104.353571,19.099029],[-104.353625,19.098994],[-104.3537,19.098973],[-104.353756,19.098919],[-104.353781,19.098878],[-104.353805,19.098825],[-104.353812,19.098797],[-104.353857,19.098782],[-104.353895,19.098817],[-104.3539,19.098851],[-104.35401,19.098846],[-104.354021,19.098777],[-104.354101,19.098769],[-104.354098,19.098717],[-104.354069,19.098676],[-104.354128,19.098659],[-104.354162,19.098606],[-104.354142,19.098543],[-104.354136,19.098494],[-104.354154,19.098468],[-104.354156,19.098436],[-104.354172,19.09838],[-104.354186,19.09833],[-104.354215,19.098333],[-104.354238,19.098322],[-104.354236,19.098257],[-104.354276,19.098272],[-104.35431,19.098267],[-104.354328,19.098229],[-104.354366,19.098224],[-104.354376,19.098177],[-104.354416,19.098173],[-104.354416,19.098134],[-104.354457,19.098102],[-104.35451,19.098074],[-104.354523,19.098046],[-104.354548,19.097973],[-104.354549,19.0979],[-104.354544,19.097842],[-104.35454,19.097775],[-104.354529,19.097728],[-104.354527,19.097668],[-104.354577,19.097623],[-104.354597,19.097588],[-104.35465,19.09755],[-104.354663,19.097601],[-104.354683,19.097642],[-104.354715,19.097688],[-104.354864,19.097699],[-104.354839,19.097652],[-104.354987,19.097635],[-104.354987,19.097646],[-104.355007,19.097672],[-104.355054,19.097728],[-104.355086,19.0977],[-104.355104,19.097648],[-104.355147,19.097625],[-104.355161,19.097646],[-104.355195,19.097621],[-104.355245,19.097616],[-104.355315,19.097554],[-104.355304,19.097494],[-104.355361,19.097462],[-104.355392,19.097514],[-104.355467,19.09746],[-104.355451,19.097436],[-104.355501,19.097409],[-104.355526,19.097351],[-104.355567,19.09731],[-104.355574,19.097275],[-104.355629,19.097252],[-104.355674,19.097314],[-104.355683,19.097347],[-104.355705,19.097381],[-104.35576,19.097349],[-104.35581,19.097304],[-104.35571,19.09728],[-104.355674,19.097263],[-104.35571,19.097248],[-104.355776,19.097205],[-104.355765,19.097119],[-104.35581,19.097145],[-104.355837,19.097212],[-104.355918,19.097262],[-104.356007,19.097202],[-104.356064,19.097116],[-104.356116,19.097049],[-104.356137,19.096993],[-104.356132,19.096959],[-104.356151,19.096886],[-104.35616,19.096804],[-104.356077,19.096746],[-104.356084,19.096634],[-104.356098,19.096537],[-104.356053,19.096498],[-104.356055,19.09644],[-104.35604,19.096375],[-104.355983,19.096382],[-104.355929,19.096317],[-104.355836,19.09628],[-104.355696,19.096251],[-104.355605,19.096253],[-104.355574,19.096199],[-104.355488,19.096199],[-104.35542,19.096182],[-104.35535,19.096216],[-104.355284,19.096196],[-104.355187,19.096166],[-104.355135,19.096131],[-104.355033,19.096127],[-104.355011,19.096096],[-104.354995,19.096019],[-104.354982,19.095984],[-104.354959,19.095872],[-104.354939,19.095806],[-104.354989,19.095776],[-104.355039,19.095711],[-104.355083,19.095658],[-104.355133,19.095604],[-104.35516,19.095559],[-104.355226,19.095561],[-104.3553,19.095568],[-104.355348,19.095579],[-104.3554,19.095562],[-104.355337,19.095531],[-104.355364,19.095508],[-104.355407,19.095499],[-104.355445,19.095506],[-104.355488,19.09551],[-104.355486,19.095478],[-104.355461,19.095459],[-104.355434,19.09545],[-104.355416,19.095431],[-104.355439,19.095405],[-104.355471,19.095392],[-104.355482,19.095364],[-104.355448,19.095345],[-104.355439,19.095362],[-104.355412,19.095379],[-104.355373,19.095385],[-104.355328,19.095366],[-104.355319,19.095338],[-104.355319,19.095303],[-104.355326,19.095256],[-104.355315,19.095234],[-104.355299,19.095264],[-104.355286,19.095264],[-104.35527,19.095301],[-104.355267,19.095338],[-104.355244,19.09534],[-104.355231,19.095385],[-104.355165,19.095393],[-104.355172,19.095372],[-104.355192,19.095331],[-104.355193,19.095305],[-104.355138,19.09526],[-104.3551,19.095216],[-104.355109,19.095257],[-104.355079,19.095277],[-104.355041,19.095277],[-104.354989,19.095268],[-104.354969,19.095242],[-104.35496,19.095205],[-104.354996,19.095188],[-104.354985,19.095156],[-104.354958,19.095138],[-104.354949,19.0951],[-104.354915,19.095097],[-104.354886,19.095091],[-104.354833,19.095097],[-104.354797,19.09508],[-104.35475,19.095067],[-104.354702,19.095058],[-104.354675,19.095036],[-104.354664,19.09501],[-104.35463,19.094965],[-104.354599,19.094946],[-104.354576,19.094946],[-104.354544,19.094973],[-104.354526,19.095004],[-104.354526,19.09504],[-104.354478,19.095046],[-104.354444,19.095072],[-104.354408,19.095132],[-104.354369,19.095154],[-104.354344,19.09519],[-104.354287,19.095237],[-104.354235,19.095237],[-104.354194,19.095196],[-104.354181,19.095156],[-104.354188,19.095104],[-104.354227,19.095099],[-104.354263,19.095091],[-104.354347,19.095042],[-104.354411,19.095001],[-104.354424,19.094926],[-104.354379,19.094895],[-104.354348,19.094852],[-104.354303,19.094764],[-104.354262,19.094678],[-104.354197,19.094608],[-104.35415,19.094562],[-104.354084,19.094536],[-104.353991,19.094523],[-104.353881,19.094495],[-104.353815,19.094484],[-104.353752,19.094457],[-104.353768,19.094384],[-104.353829,19.094333],[-104.353911,19.094284],[-104.353992,19.09426],[-104.353992,19.094286],[-104.354019,19.094273],[-104.354024,19.094243],[-104.354062,19.094244],[-104.354103,19.094236],[-104.354137,19.09422],[-104.354165,19.094184],[-104.354188,19.094128],[-104.354219,19.094074],[-104.354268,19.093997],[-104.354308,19.093942],[-104.354365,19.093848],[-104.354394,19.093787],[-104.354426,19.093727],[-104.354488,19.093685],[-104.354463,19.093651],[-104.354466,19.093612],[-104.354491,19.093558],[-104.354518,19.093541],[-104.354505,19.093485],[-104.354495,19.093431],[-104.354523,19.093422],[-104.354548,19.093422],[-104.354565,19.093394],[-104.354577,19.09339],[-104.354604,19.09339],[-104.354607,19.093368],[-104.354612,19.09333],[-104.35462,19.093294],[-104.354648,19.093265],[-104.354647,19.093219],[-104.35468,19.093191],[-104.35471,19.093179],[-104.35473,19.093071],[-104.354787,19.093017],[-104.354903,19.092909],[-104.354904,19.092836],[-104.354894,19.092788],[-104.354899,19.09273],[-104.354932,19.092693],[-104.354944,19.092648],[-104.354951,19.0926],[-104.354987,19.092543],[-104.355004,19.09249],[-104.354918,19.092431],[-104.35487,19.092393],[-104.354818,19.092413],[-104.354717,19.09241],[-104.35465,19.092372],[-104.354719,19.092341],[-104.354676,19.092311],[-104.354636,19.092274],[-104.354659,19.092226],[-104.354643,19.092181],[-104.354609,19.09217],[-104.354538,19.092179],[-104.354539,19.092227],[-104.354408,19.092155],[-104.354368,19.092147],[-104.354325,19.092115],[-104.354235,19.092034],[-104.354214,19.092013],[-104.354182,19.091964],[-104.35412,19.091936],[-104.354101,19.09198],[-104.354039,19.091969],[-104.354021,19.091997],[-104.35399,19.091958],[-104.354019,19.091954],[-104.354026,19.091937],[-104.353983,19.091939],[-104.353951,19.091913],[-104.353906,19.091878],[-104.353906,19.091852],[-104.353936,19.091835],[-104.35397,19.091824],[-104.35399,19.091803],[-104.354001,19.09185],[-104.354045,19.091801],[-104.354022,19.091788],[-104.354013,19.091775],[-104.354058,19.091773],[-104.354095,19.091778],[-104.354144,19.091809],[-104.354154,19.091772],[-104.354127,19.091738],[-104.354156,19.091732],[-104.354206,19.091728],[-104.35421,19.091689],[-104.354161,19.091676],[-104.354105,19.091636],[-104.354054,19.091615],[-104.354071,19.091598],[-104.354108,19.091609],[-104.354146,19.091601],[-104.354179,19.091609],[-104.354212,19.091575],[-104.354211,19.09152],[-104.354211,19.091464],[-104.354164,19.091468],[-104.354159,19.091524],[-104.354098,19.09153],[-104.354052,19.091528],[-104.353957,19.091506],[-104.353951,19.091446],[-104.353896,19.091394],[-104.3539,19.091344],[-104.353895,19.091302],[-104.353864,19.091272],[-104.353843,19.091292],[-104.353797,19.091321],[-104.353793,19.091363],[-104.353786,19.091375],[-104.353779,19.091399],[-104.353749,19.091399],[-104.353726,19.091416],[-104.353711,19.091456],[-104.353704,19.091488],[-104.353704,19.091518],[-104.35372,19.091512],[-104.353723,19.091523],[-104.353714,19.091543],[-104.353683,19.091537],[-104.353661,19.091544],[-104.353656,19.091519],[-104.353617,19.091531],[-104.353619,19.091517],[-104.353583,19.091514],[-104.353552,19.091482],[-104.353533,19.091459],[-104.353514,19.091438],[-104.353493,19.091428],[-104.353468,19.09143],[-104.353427,19.091442],[-104.353386,19.091428],[-104.353348,19.091403],[-104.353316,19.091367],[-104.353269,19.091349],[-104.35323,19.091374],[-104.353233,19.091343],[-104.353217,19.091314],[-104.353189,19.091292],[-104.353133,19.091282],[-104.353094,19.091302],[-104.353073,19.091277],[-104.353066,19.091247],[-104.353028,19.091244],[-104.352968,19.091243],[-104.352934,19.091209],[-104.352887,19.091176],[-104.35284,19.091136],[-104.352798,19.091095],[-104.352732,19.091111],[-104.352735,19.091147],[-104.352756,19.091162],[-104.352727,19.091192],[-104.352668,19.091195],[-104.352663,19.091214],[-104.352661,19.091257],[-104.352638,19.091256],[-104.35263,19.091226],[-104.352597,19.091202],[-104.352527,19.091174],[-104.352492,19.0912],[-104.352443,19.091238],[-104.352395,19.091252],[-104.352332,19.091274],[-104.352296,19.091289],[-104.352271,19.091311],[-104.352194,19.09136],[-104.352098,19.091379],[-104.352028,19.091383],[-104.351949,19.091385],[-104.351863,19.091369],[-104.351825,19.091348],[-104.351734,19.091391],[-104.351736,19.091332],[-104.351644,19.091296],[-104.351633,19.09125],[-104.351585,19.09125],[-104.351515,19.091239],[-104.351438,19.091239],[-104.351381,19.09129],[-104.351325,19.091236],[-104.351311,19.091245],[-104.351295,19.091271],[-104.351293,19.091322],[-104.351248,19.091316],[-104.35127,19.091277],[-104.351293,19.091234],[-104.35128,19.091159],[-104.351239,19.09112],[-104.351181,19.091096],[-104.351163,19.091064],[-104.35114,19.091023],[-104.351086,19.091005],[-104.351066,19.090943],[-104.351075,19.090913],[-104.351057,19.0909],[-104.351003,19.090874],[-104.350926,19.090835],[-104.350899,19.090822],[-104.350889,19.09085],[-104.350873,19.090916],[-104.350819,19.090946],[-104.350799,19.09089],[-104.350815,19.090834],[-104.350783,19.090806],[-104.35072,19.090782],[-104.350654,19.090788],[-104.350571,19.090801],[-104.350564,19.090743],[-104.350528,19.090708],[-104.350492,19.090717],[-104.350456,19.090667],[-104.350451,19.090684],[-104.350433,19.090699],[-104.350399,19.090706],[-104.35034,19.090706],[-104.350322,19.090744],[-104.350322,19.090774],[-104.350285,19.090807],[-104.350292,19.090854],[-104.350283,19.090839],[-104.350242,19.090826],[-104.350199,19.090847],[-104.350215,19.090897],[-104.350253,19.090921],[-104.350278,19.090949],[-104.350278,19.090989],[-104.350302,19.091039],[-104.350325,19.091089],[-104.35035,19.09114],[-104.350401,19.091237],[-104.350381,19.091235],[-104.350327,19.091235],[-104.350302,19.091207],[-104.350248,19.091183],[-104.350216,19.091151],[-104.350198,19.091095],[-104.350155,19.091099],[-104.350137,19.091133],[-104.35015,19.091165],[-104.35017,19.091215],[-104.350204,19.091256],[-104.350202,19.091295],[-104.350206,19.091334],[-104.350215,19.091366],[-104.350229,19.091387],[-104.350249,19.091426],[-104.350296,19.091469],[-104.350362,19.091521],[-104.350396,19.09156],[-104.350454,19.09161],[-104.350517,19.091649],[-104.350465,19.09172],[-104.350436,19.09167],[-104.350391,19.091601],[-104.350332,19.09156],[-104.350248,19.091529],[-104.350212,19.091547],[-104.350196,19.091564],[-104.350203,19.091596],[-104.350205,19.091637],[-104.350219,19.091667],[-104.350239,19.091684],[-104.350261,19.091725],[-104.350284,19.091747],[-104.350315,19.091812],[-104.350329,19.091861],[-104.350302,19.091861],[-104.350304,19.091831],[-104.350288,19.091805],[-104.350243,19.091807],[-104.3502,19.091837],[-104.350145,19.091861],[-104.350066,19.09188],[-104.349957,19.091899],[-104.349883,19.091892],[-104.349887,19.091922],[-104.349912,19.091922],[-104.34993,19.091942],[-104.349932,19.091972],[-104.349817,19.091952],[-104.349726,19.091965],[-104.349712,19.092001],[-104.349717,19.092042],[-104.349746,19.092083],[-104.349789,19.092122],[-104.349827,19.092188],[-104.349802,19.092189],[-104.349739,19.092169],[-104.349694,19.092177],[-104.349644,19.092188],[-104.349592,19.092212],[-104.349542,19.092282],[-104.349487,19.092347],[-104.349475,19.092405],[-104.349516,19.092457],[-104.349459,19.092448],[-104.34936,19.09243],[-104.349297,19.092432],[-104.349251,19.092449],[-104.349253,19.092471],[-104.349287,19.092477],[-104.349251,19.092497],[-104.349269,19.092499],[-104.349298,19.092512],[-104.349314,19.09254],[-104.349309,19.092598],[-104.349371,19.092581],[-104.349366,19.092531],[-104.349423,19.092549],[-104.349448,19.092562],[-104.349502,19.092515],[-104.349554,19.092474],[-104.349554,19.0925],[-104.349581,19.092534],[-104.349579,19.092567],[-104.349554,19.09259],[-104.349497,19.09262],[-104.349452,19.092648],[-104.349431,19.092695],[-104.34941,19.092721],[-104.349386,19.092738],[-104.349337,19.092735],[-104.349292,19.092714],[-104.349278,19.092701],[-104.349255,19.09271],[-104.349255,19.092732],[-104.349238,19.092747],[-104.349216,19.092749],[-104.349186,19.092746],[-104.349173,19.092764],[-104.349157,19.092777],[-104.34918,19.09279],[-104.349197,19.092808],[-104.349191,19.092841],[-104.349191,19.092865],[-104.349222,19.092879],[-104.349246,19.092887],[-104.349248,19.092915],[-104.349283,19.092919],[-104.349312,19.092935],[-104.349323,19.092959],[-104.34936,19.092962],[-104.349355,19.092983],[-104.349338,19.092992],[-104.349301,19.092972],[-104.349268,19.092956],[-104.349283,19.092978],[-104.349292,19.093012],[-104.349269,19.093037],[-104.349235,19.093035],[-104.34922,19.093073],[-104.349245,19.093114],[-104.349239,19.093152],[-104.349247,19.093197],[-104.349272,19.093243],[-104.349277,19.093312],[-104.349241,19.093348],[-104.349203,19.093365],[-104.349158,19.093376],[-104.349115,19.093414],[-104.349115,19.093445],[-104.349127,19.09346],[-104.349141,19.09351],[-104.349136,19.093558],[-104.349157,19.093606],[-104.349168,19.093673],[-104.349175,19.09373],[-104.349256,19.093738],[-104.349256,19.093766],[-104.349271,19.093846],[-104.349268,19.093915],[-104.349215,19.093916],[-104.349112,19.093902],[-104.349077,19.093907],[-104.349061,19.093946],[-104.349044,19.093987],[-104.349027,19.09403],[-104.349045,19.094058],[-104.349153,19.094083],[-104.349223,19.094114],[-104.349243,19.094149],[-104.349234,19.094184],[-104.349203,19.094248],[-104.349143,19.094336],[-104.349043,19.094456],[-104.348991,19.094407],[-104.348923,19.094378],[-104.348858,19.094348],[-104.348853,19.094378],[-104.348803,19.094393],[-104.348751,19.094427],[-104.34874,19.09447],[-104.348678,19.094504],[-104.34866,19.094463],[-104.34859,19.094444],[-104.348567,19.09451],[-104.348578,19.094592],[-104.348624,19.094633],[-104.348689,19.094642],[-104.348741,19.094673],[-104.348675,19.094698],[-104.34861,19.094743],[-104.348636,19.09481],[-104.348668,19.094806],[-104.348711,19.094855],[-104.348738,19.094853],[-104.348756,19.094888],[-104.348774,19.094905],[-104.348801,19.094935],[-104.348858,19.094929],[-104.348899,19.094912],[-104.348953,19.094912],[-104.349019,19.094934],[-104.349086,19.094969],[-104.349149,19.095031],[-104.349201,19.095135],[-104.349223,19.095272],[-104.349203,19.095343],[-104.349173,19.095345],[-104.349144,19.09532],[-104.349094,19.095278],[-104.349056,19.095289],[-104.349019,19.095326],[-104.349019,19.095379],[-104.349057,19.09544],[-104.349064,19.095463],[-104.349046,19.095524],[-104.349038,19.095625],[-104.349045,19.095732],[-104.349022,19.095737],[-104.348982,19.095706],[-104.348941,19.095663],[-104.348907,19.095682],[-104.348884,19.095695],[-104.348832,19.095615],[-104.348763,19.095557],[-104.34869,19.095621],[-104.348579,19.095709],[-104.348655,19.095731],[-104.348667,19.09577],[-104.3487,19.095839],[-104.348798,19.095871],[-104.348868,19.095893],[-104.348906,19.095891],[-104.348933,19.095852],[-104.34895,19.095743],[-104.348997,19.095775],[-104.348992,19.095947],[-104.348958,19.096018],[-104.348976,19.096135],[-104.348996,19.096224],[-104.348988,19.0963],[-104.348985,19.096401],[-104.348901,19.096383],[-104.348874,19.096453],[-104.348858,19.096564],[-104.348822,19.096663],[-104.348778,19.096741],[-104.348662,19.096878],[-104.348415,19.097054],[-104.3479,19.097439],[-104.347761,19.097561],[-104.347534,19.097763],[-104.347404,19.097853],[-104.347171,19.097906],[-104.347026,19.097875],[-104.346918,19.09785],[-104.346771,19.097805],[-104.346682,19.097802],[-104.346557,19.097834],[-104.34635,19.097894],[-104.345834,19.098018],[-104.345541,19.098031],[-104.345455,19.098013],[-104.345349,19.098047],[-104.345276,19.098051],[-104.345175,19.098098],[-104.345065,19.098103],[-104.34502,19.098098],[-104.344979,19.098044],[-104.344943,19.098026],[-104.344891,19.098055],[-104.344929,19.098098],[-104.34485,19.098123],[-104.344813,19.098174],[-104.344805,19.098238],[-104.344795,19.098272],[-104.344784,19.098306],[-104.344745,19.098334],[-104.34467,19.098336],[-104.344575,19.098363],[-104.344482,19.098404],[-104.344346,19.098416],[-104.344252,19.098421],[-104.344214,19.098426],[-104.344188,19.098442],[-104.344183,19.098518],[-104.344179,19.098558],[-104.344179,19.098596],[-104.344215,19.098611],[-104.344259,19.098617],[-104.344271,19.098636],[-104.344292,19.09865],[-104.344358,19.098681],[-104.34439,19.098847],[-104.34439,19.09891],[-104.34438,19.099004],[-104.34434,19.099373],[-104.344325,19.099407],[-104.344323,19.099443],[-104.344334,19.099475],[-104.344344,19.099501],[-104.344362,19.099518],[-104.344394,19.099528],[-104.344434,19.099527],[-104.344454,19.099524],[-104.344473,19.099509],[-104.344494,19.099486],[-104.344512,19.099432],[-104.344524,19.099369],[-104.344539,19.099259],[-104.344614,19.098862],[-104.344675,19.098659],[-104.344706,19.09864],[-104.344763,19.098623],[-104.344841,19.098619],[-104.344934,19.098632],[-104.345582,19.098713],[-104.345832,19.09854],[-104.345861,19.098586],[-104.346011,19.098491],[-104.346019,19.098512],[-104.346041,19.098509],[-104.346063,19.09851],[-104.346079,19.098519],[-104.346414,19.098934],[-104.346681,19.09928],[-104.346831,19.099458],[-104.347,19.099678],[-104.346779,19.099836],[-104.346498,19.100026],[-104.346384,19.100111],[-104.34622,19.100088],[-104.34607,19.100073],[-104.345961,19.100054],[-104.345884,19.100041],[-104.345738,19.100019],[-104.34562,19.100013],[-104.345536,19.099987],[-104.34549,19.099953],[-104.345445,19.099905],[-104.3454,19.09986],[-104.345319,19.099753],[-104.345227,19.099635],[-104.345144,19.099512],[-104.345098,19.09948],[-104.345068,19.099482],[-104.345046,19.099495],[-104.345031,19.099517],[-104.345029,19.099548],[-104.34504,19.099581],[-104.345071,19.099625],[-104.345111,19.099674],[-104.345185,19.099773],[-104.345297,19.09991],[-104.345352,19.099987],[-104.345434,19.100062],[-104.345467,19.100092],[-104.345518,19.100116],[-104.345571,19.100123],[-104.34566,19.100125],[-104.345728,19.100118],[-104.345801,19.100131],[-104.34593,19.100157],[-104.346066,19.100177],[-104.346252,19.100199],[-104.346382,19.100213],[-104.346425,19.100215],[-104.346453,19.100215],[-104.346509,19.100207],[-104.346574,19.100184],[-104.346645,19.100178],[-104.34669,19.100236],[-104.346709,19.100316],[-104.346741,19.100398],[-104.346772,19.100463],[-104.346848,19.100665],[-104.346878,19.100739],[-104.346877,19.100796],[-104.346884,19.100892],[-104.346883,19.100958],[-104.34689,19.101059],[-104.346905,19.101152],[-104.34693,19.101264],[-104.346954,19.101358],[-104.346946,19.101423],[-104.346901,19.101491],[-104.346876,19.101518],[-104.346839,19.101478],[-104.346799,19.1015],[-104.346807,19.101512],[-104.346813,19.101544],[-104.346801,19.10158],[-104.346773,19.10156],[-104.346733,19.101585],[-104.34676,19.101626],[-104.3467,19.101656],[-104.346651,19.101689],[-104.346603,19.10174],[-104.346548,19.101796],[-104.346548,19.101835],[-104.346551,19.101876],[-104.346541,19.101923],[-104.346511,19.101989],[-104.346482,19.102044],[-104.346461,19.102091],[-104.34644,19.102131],[-104.346394,19.10217],[-104.346363,19.102208],[-104.346319,19.102272],[-104.346247,19.102315],[-104.346204,19.10233],[-104.346162,19.102357],[-104.34612,19.102373],[-104.34605,19.102386],[-104.346005,19.102408],[-104.345939,19.102439],[-104.34588,19.102491],[-104.345838,19.102531],[-104.345789,19.102618],[-104.34574,19.102696],[-104.345709,19.102762],[-104.345678,19.102824],[-104.34565,19.102872],[-104.345594,19.102908],[-104.345561,19.102946],[-104.345536,19.102996],[-104.345497,19.103038],[-104.345472,19.10308],[-104.345434,19.103123],[-104.345388,19.103137],[-104.345344,19.103179],[-104.345287,19.103136],[-104.345255,19.10316],[-104.345257,19.10319],[-104.345217,19.103223],[-104.345144,19.103268],[-104.345078,19.103306],[-104.345003,19.103342],[-104.344927,19.103375],[-104.344859,19.103413],[-104.344811,19.103442],[-104.344733,19.103475],[-104.344585,19.103525],[-104.344489,19.103546],[-104.34433,19.103607],[-104.344247,19.103638],[-104.344179,19.103664],[-104.344114,19.10369],[-104.344071,19.103714],[-104.344023,19.103731],[-104.34398,19.103754],[-104.343947,19.103766],[-104.343917,19.103785],[-104.343834,19.103807],[-104.343768,19.103835],[-104.343721,19.103842],[-104.34368,19.103868],[-104.343572,19.103887],[-104.343454,19.103903],[-104.343355,19.103898],[-104.343308,19.103897],[-104.343256,19.103887],[-104.343211,19.103907],[-104.343153,19.103907],[-104.343132,19.103888],[-104.343113,19.103856],[-104.343126,19.103835],[-104.343159,19.103818],[-104.343214,19.10379],[-104.343192,19.103748],[-104.343163,19.103694],[-104.343176,19.103669],[-104.343159,19.103645],[-104.343117,19.103613],[-104.343074,19.103583],[-104.343037,19.103532],[-104.342994,19.103442],[-104.342931,19.103361],[-104.342867,19.103267],[-104.342797,19.103162],[-104.342741,19.103089],[-104.342683,19.103011],[-104.342623,19.102975],[-104.342582,19.102924],[-104.342535,19.102886],[-104.342455,19.102863],[-104.342394,19.102858],[-104.342355,19.102848],[-104.342299,19.102864],[-104.342249,19.102894],[-104.342203,19.102918],[-104.342174,19.102925],[-104.342147,19.10294],[-104.342127,19.102968],[-104.342118,19.103022],[-104.342106,19.103049],[-104.342072,19.103069],[-104.342049,19.103098],[-104.342032,19.103142],[-104.342012,19.103174],[-104.341981,19.103214],[-104.341966,19.103238],[-104.341971,19.103265],[-104.341952,19.103305],[-104.341913,19.103296],[-104.341883,19.103296],[-104.341895,19.103313],[-104.341928,19.103329],[-104.34194,19.103353],[-104.341947,19.103373],[-104.341929,19.103381],[-104.341906,19.103392],[-104.341902,19.103408],[-104.341924,19.103415],[-104.341963,19.103422],[-104.34199,19.103436],[-104.342003,19.103464],[-104.341806,19.103554],[-104.341787,19.103517],[-104.341772,19.103485],[-104.341732,19.103478],[-104.341709,19.103485],[-104.341678,19.103505],[-104.341632,19.103517],[-104.341592,19.103514],[-104.341552,19.103509],[-104.341518,19.103495],[-104.341481,19.103463],[-104.341438,19.10342],[-104.341411,19.103391],[-104.341368,19.103348],[-104.341343,19.103304],[-104.341345,19.103243],[-104.341397,19.103237],[-104.341405,19.103228],[-104.341416,19.103197],[-104.341373,19.103201],[-104.341342,19.103192],[-104.341317,19.103174],[-104.341285,19.103163],[-104.341236,19.103146],[-104.341196,19.103144],[-104.341162,19.103164],[-104.341132,19.103194],[-104.34109,19.103196],[-104.341085,19.103183],[-104.341067,19.103169],[-104.341044,19.103138],[-104.341025,19.103123],[-104.340998,19.103128],[-104.340973,19.103155],[-104.340954,19.103177],[-104.340924,19.103184],[-104.340913,19.103157],[-104.340899,19.103166],[-104.340903,19.103188],[-104.340894,19.103199],[-104.3409,19.103228],[-104.340947,19.103228],[-104.340919,19.103263],[-104.34091,19.103294],[-104.340904,19.103308],[-104.340887,19.103304],[-104.340861,19.103314],[-104.34084,19.10333],[-104.340837,19.103361],[-104.340847,19.103382],[-104.340876,19.103394],[-104.340897,19.103394],[-104.340913,19.10339],[-104.340949,19.103416],[-104.340949,19.103434],[-104.34089,19.10346],[-104.340892,19.103479],[-104.340867,19.103484],[-104.340858,19.103461],[-104.340796,19.103462],[-104.340794,19.10345],[-104.34078,19.103436],[-104.340752,19.103452],[-104.340748,19.10348],[-104.340742,19.10349],[-104.340701,19.103488],[-104.340704,19.103509],[-104.340695,19.103524],[-104.340687,19.10355],[-104.34071,19.10357],[-104.340729,19.103588],[-104.340751,19.103606],[-104.340775,19.103616],[-104.340787,19.103635],[-104.340803,19.103652],[-104.340793,19.103674],[-104.340821,19.103709],[-104.340982,19.103768],[-104.341002,19.103925],[-104.340157,19.104069],[-104.338743,19.103827],[-104.338375,19.103532],[-104.337211,19.103358],[-104.33612,19.103001],[-104.336023,19.102969],[-104.335392,19.102679],[-104.327952,19.099255],[-104.32508,19.097842],[-104.322126,19.096017],[-104.321022,19.095351],[-104.319386,19.094365],[-104.318159,19.093157],[-104.315644,19.0911],[-104.314908,19.090277],[-104.314371,19.089678],[-104.313699,19.088927],[-104.312535,19.087907],[-104.311713,19.086929],[-104.310636,19.085678],[-104.310398,19.085496],[-104.309615,19.084377],[-104.309309,19.083852],[-104.309225,19.083732],[-104.309068,19.083508],[-104.30876,19.083069],[-104.307744,19.081595],[-104.306942,19.080364],[-104.306154,19.078877],[-104.30587,19.078332],[-104.305688,19.077982],[-104.30556,19.077736],[-104.305053,19.076562],[-104.304931,19.076342],[-104.304919,19.07612],[-104.304831,19.075933],[-104.304712,19.075751],[-104.304472,19.075076],[-104.304426,19.074878],[-104.304372,19.074835],[-104.304399,19.074736],[-104.304325,19.074647],[-104.304273,19.074477],[-104.304231,19.074231],[-104.304144,19.074115],[-104.304122,19.07389],[-104.304041,19.073704],[-104.304034,19.073519],[-104.303982,19.073391],[-104.30396,19.073255],[-104.303894,19.073113],[-104.303891,19.073045],[-104.303887,19.072942],[-104.303805,19.072763],[-104.303784,19.072564],[-104.303739,19.072429],[-104.30367,19.071894],[-104.303659,19.071816],[-104.303631,19.071542],[-104.30362,19.071435],[-104.303475,19.070949],[-104.303427,19.070589],[-104.303257,19.070135],[-104.303242,19.070112],[-104.303219,19.069943],[-104.303076,19.068845],[-104.302993,19.068686],[-104.303004,19.068313],[-104.302961,19.068168],[-104.302723,19.06628],[-104.302795,19.06558],[-104.30274,19.064678],[-104.302845,19.064216],[-104.30287,19.063936],[-104.303092,19.063769],[-104.305152,19.063252],[-104.305096,19.062845],[-104.302343,19.063533],[-104.302203,19.063546],[-104.301543,19.063699],[-104.299351,19.064207],[-104.298791,19.064427],[-104.298514,19.064688],[-104.298492,19.064888],[-104.29818,19.065047],[-104.297954,19.064845],[-104.297986,19.064822],[-104.297994,19.064788],[-104.297902,19.064721],[-104.29787,19.06475],[-104.297895,19.064795],[-104.297854,19.064841],[-104.297796,19.064808],[-104.297747,19.064871],[-104.297856,19.064932],[-104.297888,19.064915],[-104.29809,19.065174],[-104.298042,19.065283],[-104.297895,19.065376],[-104.295724,19.068073],[-104.295474,19.067934],[-104.295587,19.067739],[-104.295237,19.067522],[-104.295131,19.067655],[-104.295022,19.067577],[-104.295062,19.067491],[-104.294837,19.067363],[-104.294747,19.067433],[-104.294564,19.067362],[-104.294484,19.067528],[-104.294859,19.067705],[-104.295107,19.068345],[-104.295389,19.068369],[-104.295398,19.068449],[-104.293983,19.070181],[-104.294176,19.070355],[-104.29421,19.070395],[-104.29564,19.068607],[-104.295734,19.068663],[-104.295847,19.068594],[-104.295915,19.068627],[-104.296187,19.068348],[-104.29664,19.069195],[-104.296684,19.070311],[-104.296923,19.070695],[-104.297452,19.071131],[-104.297603,19.071459],[-104.297677,19.072468],[-104.297789,19.072832],[-104.298176,19.073072],[-104.298322,19.073283],[-104.298681,19.074298],[-104.298715,19.074476],[-104.298762,19.074751],[-104.299066,19.075004],[-104.299312,19.075],[-104.299592,19.074964],[-104.299647,19.074892],[-104.299771,19.074765],[-104.299987,19.075004],[-104.300068,19.075577],[-104.300468,19.075944],[-104.300417,19.076166],[-104.300547,19.07693],[-104.300898,19.077122],[-104.301361,19.078173],[-104.301327,19.078443],[-104.301807,19.079589],[-104.302021,19.079766],[-104.302273,19.079973],[-104.302784,19.080578],[-104.303408,19.081499],[-104.303679,19.081899],[-104.303906,19.082399],[-104.30432,19.083078],[-104.304788,19.083963],[-104.304518,19.084102],[-104.30409,19.083372],[-104.304037,19.08318],[-104.303517,19.082257],[-104.303208,19.082153],[-104.303102,19.082208],[-104.302938,19.082293],[-104.302993,19.082387],[-104.303274,19.084812],[-104.303278,19.085701],[-104.302569,19.086442],[-104.302248,19.086561],[-104.301653,19.087175],[-104.301612,19.087231],[-104.301579,19.087227],[-104.301488,19.087206],[-104.301186,19.086891],[-104.300989,19.086459],[-104.300699,19.085822],[-104.300456,19.085592],[-104.299583,19.084665],[-104.299473,19.084496],[-104.299119,19.083948],[-104.297772,19.082242],[-104.296922,19.081788],[-104.296224,19.081548],[-104.295892,19.081468],[-104.295659,19.081392],[-104.295326,19.081192],[-104.295026,19.081077],[-104.294909,19.080976],[-104.294784,19.080904],[-104.294644,19.080297],[-104.294005,19.080422],[-104.293418,19.080422],[-104.293019,19.080422],[-104.292288,19.080879],[-104.291854,19.08115],[-104.29136,19.080623],[-104.291994,19.080107],[-104.292029,19.079639],[-104.291744,19.079343],[-104.291639,19.07923],[-104.291249,19.078813],[-104.291005,19.078552],[-104.290763,19.078396],[-104.290713,19.078351],[-104.290619,19.078125],[-104.290776,19.076855],[-104.290993,19.075113],[-104.291238,19.073142],[-104.292342,19.064263],[-104.29236,19.06412],[-104.294454,19.064151],[-104.294592,19.06137],[-104.29464,19.060404],[-104.294684,19.058693],[-104.298233,19.057566],[-104.298495,19.057663],[-104.299994,19.061838],[-104.300624,19.061674],[-104.300732,19.061663],[-104.300826,19.061514],[-104.304473,19.060854],[-104.304576,19.060646],[-104.304513,19.060494],[-104.304348,19.060491],[-104.304102,19.0604],[-104.30394,19.059859],[-104.303984,19.059722],[-104.304112,19.059535],[-104.304462,19.059004],[-104.304545,19.058967],[-104.304839,19.058756],[-104.305041,19.05857],[-104.305378,19.058229],[-104.305658,19.057923],[-104.305681,19.057907],[-104.305721,19.057878],[-104.305766,19.057846],[-104.305858,19.05778],[-104.306301,19.05752],[-104.306742,19.057379],[-104.307106,19.057347],[-104.307422,19.057228],[-104.307816,19.056928],[-104.308362,19.05608],[-104.309675,19.054881],[-104.309925,19.055174],[-104.310418,19.054902],[-104.310444,19.054881],[-104.310468,19.05486],[-104.310514,19.054822],[-104.310611,19.054742],[-104.310763,19.054595],[-104.310708,19.054462],[-104.310868,19.054295],[-104.310861,19.054223],[-104.310944,19.054192],[-104.311323,19.054232],[-104.311325,19.054173],[-104.311382,19.054194],[-104.31138,19.054286],[-104.31143,19.054293],[-104.31149,19.05415],[-104.311573,19.054159],[-104.311582,19.054106],[-104.312445,19.054179],[-104.312513,19.054184],[-104.312561,19.054257],[-104.312645,19.054207],[-104.313031,19.054321],[-104.313146,19.054355],[-104.313196,19.05469],[-104.313086,19.054839],[-104.312961,19.054875],[-104.312893,19.054972],[-104.31295,19.055006],[-104.313076,19.054917],[-104.313083,19.054983],[-104.313175,19.054952],[-104.313218,19.054835],[-104.313268,19.054803],[-104.313317,19.054863],[-104.313425,19.0548],[-104.313402,19.054721],[-104.31353,19.054907],[-104.31366,19.055021],[-104.3136,19.055551],[-104.313682,19.055559],[-104.313724,19.055134],[-104.313866,19.055051],[-104.31381,19.054965],[-104.313703,19.054963],[-104.313671,19.054923],[-104.313732,19.054734],[-104.313876,19.054566],[-104.314232,19.054547],[-104.314272,19.054587],[-104.314355,19.054576],[-104.314429,19.054577],[-104.314438,19.054532],[-104.314587,19.054528],[-104.314434,19.057109],[-104.314799,19.057135],[-104.31516,19.057163],[-104.31528,19.054936],[-104.317661,19.055542],[-104.317826,19.055584],[-104.318068,19.055904],[-104.318073,19.056822],[-104.317477,19.057308],[-104.317403,19.057287],[-104.317193,19.057447],[-104.31725,19.05752],[-104.317065,19.057661],[-104.317008,19.057607],[-104.316815,19.05778],[-104.316879,19.057847],[-104.316654,19.05798],[-104.316605,19.057933],[-104.316395,19.058119],[-104.316525,19.05824],[-104.316608,19.058209],[-104.316573,19.0583],[-104.316641,19.058374],[-104.31671,19.058447],[-104.316886,19.058306],[-104.316806,19.058193],[-104.317032,19.058034],[-104.31713,19.058095],[-104.317282,19.057954],[-104.317193,19.057854],[-104.317419,19.057694],[-104.3175,19.057788],[-104.317718,19.057609],[-104.317629,19.057528],[-104.318142,19.057112],[-104.318169,19.057388],[-104.318231,19.057566],[-104.318359,19.057766],[-104.318491,19.057782],[-104.318718,19.057963],[-104.318731,19.058013],[-104.318741,19.058056],[-104.318571,19.059095],[-104.318399,19.059419],[-104.318332,19.05949],[-104.317901,19.05996],[-104.317524,19.060221],[-104.317339,19.060388],[-104.317138,19.060528],[-104.317063,19.06052],[-104.316871,19.060641],[-104.316755,19.060645],[-104.316108,19.061209],[-104.316025,19.061233],[-104.315163,19.061754],[-104.315045,19.061869],[-104.31472,19.062413],[-104.314751,19.062512],[-104.314809,19.062533],[-104.314966,19.062504],[-104.314993,19.062393],[-104.315136,19.062297],[-104.315396,19.062099],[-104.315572,19.061972],[-104.315916,19.06169],[-104.316253,19.061382],[-104.317098,19.060835],[-104.317214,19.060838],[-104.317833,19.060424],[-104.318169,19.060182],[-104.318548,19.059816],[-104.318642,19.059654],[-104.318736,19.059492],[-104.318839,19.05931],[-104.31897,19.058946],[-104.319205,19.05876],[-104.319297,19.058742],[-104.319965,19.057982],[-104.320198,19.057902],[-104.32031,19.058068],[-104.320324,19.058193],[-104.320406,19.058194],[-104.320449,19.058116],[-104.320533,19.058053],[-104.32064,19.058055],[-104.320585,19.058316],[-104.320627,19.058317],[-104.32114,19.057862],[-104.321471,19.057836],[-104.321407,19.057729],[-104.321501,19.057567],[-104.32157,19.057418],[-104.321635,19.057091],[-104.321886,19.0569],[-104.321938,19.056776],[-104.322541,19.056401],[-104.322563,19.056526],[-104.322684,19.056667],[-104.322742,19.056622],[-104.322852,19.056506],[-104.323044,19.056425],[-104.323092,19.056491],[-104.323166,19.056526],[-104.323245,19.056691],[-104.323671,19.056424],[-104.323676,19.056215],[-104.323607,19.055938],[-104.323758,19.05581],[-104.323862,19.055609],[-104.323964,19.055447],[-104.324066,19.055324],[-104.324201,19.055156],[-104.324335,19.055087],[-104.324653,19.054864],[-104.32498,19.054628],[-104.325112,19.054237],[-104.325122,19.05421],[-104.325138,19.054165],[-104.325554,19.053643],[-104.326244,19.053394],[-104.326356,19.053574],[-104.32659,19.05346],[-104.326561,19.05323],[-104.326564,19.053086],[-104.326875,19.052856],[-104.326979,19.05259],[-104.327405,19.052342],[-104.327511,19.05243],[-104.327912,19.052189],[-104.328449,19.05218],[-104.328767,19.051957],[-104.328865,19.052018],[-104.329204,19.051825],[-104.329224,19.051842],[-104.329236,19.051658],[-104.329395,19.05155],[-104.329511,19.051519],[-104.329705,19.051353],[-104.329749,19.051203],[-104.329688,19.050966],[-104.330113,19.050771],[-104.330172,19.050687],[-104.330034,19.050592],[-104.330111,19.049669],[-104.330171,19.049559],[-104.330201,19.049323],[-104.329764,19.049256],[-104.329796,19.048909],[-104.32977,19.048613],[-104.329789,19.048312],[-104.329809,19.04801],[-104.330533,19.047716],[-104.330409,19.046487],[-104.330703,19.046237],[-104.331049,19.0456],[-104.331209,19.045675],[-104.331862,19.045658],[-104.332149,19.045539],[-104.332002,19.045199],[-104.331846,19.045159],[-104.33167,19.045195],[-104.331464,19.045173],[-104.331282,19.045233],[-104.331219,19.045049],[-104.331204,19.045005],[-104.331807,19.0448],[-104.33188,19.044653],[-104.332017,19.044669],[-104.332084,19.044545],[-104.331637,19.043872],[-104.331982,19.043529],[-104.331675,19.043308],[-104.331508,19.043456],[-104.331414,19.043339],[-104.331293,19.042811],[-104.331111,19.042565],[-104.330571,19.041276],[-104.330708,19.041192],[-104.331027,19.041249],[-104.331082,19.04109],[-104.330822,19.040927],[-104.330598,19.040887],[-104.330584,19.040723],[-104.330782,19.040039],[-104.330467,19.039824],[-104.330567,19.0396],[-104.330636,19.039305],[-104.330567,19.038772],[-104.330424,19.037978],[-104.330512,19.037913],[-104.330409,19.037808],[-104.33033,19.037061],[-104.330466,19.036855],[-104.330369,19.036091],[-104.3305,19.035725],[-104.330512,19.035566],[-104.330568,19.035219],[-104.330704,19.034507],[-104.330882,19.034299],[-104.331123,19.034427],[-104.331187,19.034285],[-104.331472,19.034336],[-104.331561,19.034482],[-104.331732,19.034699],[-104.331867,19.034486],[-104.331808,19.034292],[-104.331568,19.034165],[-104.331757,19.033987],[-104.332095,19.033955],[-104.33226,19.034007],[-104.332462,19.033876],[-104.332523,19.033787],[-104.332352,19.033571],[-104.33227,19.033301],[-104.33248,19.03317],[-104.33255,19.033299],[-104.33271,19.03328],[-104.332832,19.033109],[-104.332998,19.033066],[-104.33308,19.03313],[-104.332941,19.03289],[-104.333058,19.032766],[-104.333094,19.032583],[-104.3332,19.03243],[-104.333194,19.032359],[-104.332966,19.031967],[-104.332822,19.031568],[-104.332622,19.030893],[-104.332724,19.030387],[-104.332811,19.030204],[-104.332965,19.029915],[-104.333001,19.029632],[-104.333544,19.029105],[-104.334094,19.028871],[-104.334216,19.0287],[-104.334136,19.028559],[-104.334284,19.028499],[-104.334545,19.028568],[-104.334512,19.028386],[-104.334787,19.028525],[-104.335011,19.028453],[-104.335164,19.028552],[-104.335453,19.028555],[-104.335537,19.028243],[-104.335511,19.028131],[-104.335664,19.02803],[-104.335613,19.027931],[-104.335406,19.027997],[-104.335236,19.027992],[-104.335112,19.027829],[-104.33495,19.027718],[-104.335072,19.027447],[-104.334761,19.027396],[-104.334504,19.027569],[-104.33432,19.027611],[-104.334223,19.027459],[-104.334374,19.027235],[-104.334194,19.027212],[-104.334223,19.026953],[-104.334315,19.026835],[-104.334697,19.026621],[-104.334385,19.026447],[-104.334254,19.026406],[-104.334335,19.026353],[-104.334042,19.026102],[-104.334066,19.025984],[-104.333998,19.025785],[-104.333942,19.025209],[-104.334078,19.025102],[-104.334205,19.025001],[-104.334323,19.024883],[-104.33471,19.025045],[-104.334807,19.024879],[-104.334788,19.02455],[-104.33471,19.024333],[-104.33448,19.024217],[-104.334516,19.024141],[-104.334681,19.024086],[-104.334708,19.023998],[-104.334863,19.023914],[-104.334874,19.023544],[-104.334741,19.023374],[-104.334808,19.023262],[-104.334906,19.023214],[-104.335045,19.023249],[-104.335196,19.023124],[-104.335101,19.023007],[-104.334948,19.022897],[-104.335236,19.022683],[-104.335205,19.022312],[-104.335462,19.022134],[-104.33544,19.02187],[-104.335648,19.021815],[-104.335802,19.021932],[-104.335969,19.021895],[-104.336191,19.021705],[-104.336373,19.021645],[-104.336366,19.021551],[-104.336326,19.021481],[-104.336362,19.02141],[-104.336498,19.021409],[-104.33653,19.021385],[-104.336261,19.021111],[-104.335966,19.021042],[-104.335879,19.020914],[-104.335685,19.020833],[-104.335695,19.020745],[-104.335884,19.020567],[-104.336096,19.020553],[-104.336049,19.020295],[-104.335957,19.020119],[-104.335811,19.019991],[-104.335695,19.019927],[-104.335487,19.019876],[-104.335352,19.019889],[-104.335305,19.019942],[-104.334612,19.019571],[-104.334493,19.019372],[-104.334353,19.019326],[-104.334409,19.019184],[-104.334327,19.019014],[-104.334206,19.018886],[-104.334085,19.018863],[-104.333811,19.018942],[-104.333719,19.019054],[-104.333201,19.019064],[-104.332708,19.018962],[-104.332573,19.018769],[-104.332501,19.018617],[-104.33235,19.018541],[-104.332316,19.018436],[-104.332548,19.018463],[-104.332666,19.018357],[-104.332655,19.018216],[-104.332451,19.018123],[-104.332472,19.017964],[-104.332582,19.017752],[-104.332756,19.017697],[-104.332764,19.017586],[-104.332648,19.017522],[-104.332535,19.017387],[-104.33221,19.017372],[-104.331934,19.017521],[-104.331925,19.017721],[-104.331823,19.017622],[-104.331749,19.017652],[-104.331594,19.01763],[-104.331452,19.017343],[-104.33144,19.017202],[-104.331353,19.017079],[-104.331279,19.016903],[-104.331094,19.016828],[-104.331028,19.016646],[-104.330831,19.01663],[-104.330334,19.016887],[-104.330074,19.016918],[-104.330034,19.016854],[-104.329948,19.016843],[-104.329871,19.016831],[-104.329774,19.016797],[-104.329572,19.016816],[-104.32943,19.016741],[-104.329368,19.016606],[-104.329184,19.016642],[-104.328831,19.017004],[-104.328846,19.01708],[-104.32881,19.017151],[-104.328709,19.017275],[-104.328525,19.017606],[-104.328349,19.017543],[-104.328308,19.017655],[-104.327927,19.017569],[-104.327938,19.017916],[-104.328045,19.017974],[-104.328104,19.018068],[-104.328118,19.018138],[-104.328204,19.018349],[-104.328358,19.018466],[-104.328347,19.01853],[-104.3282,19.018608],[-104.328087,19.018679],[-104.327991,19.018851],[-104.327944,19.019104],[-104.327796,19.01917],[-104.3277,19.019141],[-104.327597,19.019189],[-104.32752,19.019225],[-104.327333,19.019214],[-104.32712,19.019216],[-104.326942,19.019217],[-104.326707,19.019248],[-104.326537,19.019256],[-104.326131,19.019282],[-104.32593,19.019307],[-104.325775,19.019291],[-104.325529,19.019293],[-104.325374,19.01927],[-104.325009,19.019373],[-104.324845,19.019345],[-104.324707,19.019322],[-104.324544,19.019206],[-104.324391,19.019195],[-104.324222,19.019214],[-104.324063,19.019239],[-104.323882,19.019311],[-104.323701,19.019289],[-104.32348,19.019279],[-104.323298,19.019339],[-104.323077,19.01934],[-104.322838,19.01933],[-104.322635,19.019238],[-104.322455,19.019222],[-104.322219,19.019241],[-104.321965,19.019255],[-104.321728,19.019262],[-104.321523,19.019258],[-104.321152,19.019284],[-104.320686,19.019305],[-104.320556,19.019277],[-104.32033,19.019214],[-104.319873,19.019141],[-104.319764,19.019153],[-104.319512,19.019185],[-104.319385,19.019192],[-104.319213,19.019169],[-104.319058,19.019153],[-104.318814,19.019172],[-104.318673,19.01912],[-104.318466,19.019081],[-104.31833,19.018976],[-104.317514,19.018876],[-104.317369,19.018871],[-104.317258,19.018866],[-104.31683,19.018823],[-104.316528,19.018766],[-104.316237,19.018739],[-104.315961,19.018694],[-104.315225,19.018635],[-104.314974,19.018578],[-104.314551,19.018393],[-104.31422,19.018401],[-104.313879,19.018386],[-104.313541,19.018306],[-104.313163,19.018262],[-104.312774,19.018083],[-104.312588,19.01809],[-104.312451,19.018122],[-104.312423,19.018128],[-104.312404,19.018132],[-104.312159,19.01804],[-104.311862,19.017948],[-104.311537,19.017915],[-104.311372,19.017881],[-104.310648,19.017657],[-104.310359,19.017654],[-104.309493,19.017354],[-104.308735,19.017237],[-104.308576,19.017055],[-104.308187,19.016982],[-104.307616,19.016751],[-104.307023,19.016679],[-104.306538,19.016465],[-104.304591,19.015944],[-104.303678,19.015798],[-104.303479,19.015653],[-104.303311,19.015677],[-104.302892,19.015439],[-104.302687,19.015423],[-104.302497,19.015283],[-104.301986,19.01517],[-104.301697,19.015072],[-104.3015,19.01505],[-104.301166,19.014811],[-104.300546,19.014716],[-104.299903,19.014444],[-104.299133,19.014173],[-104.296888,19.013443],[-104.29479,19.013206],[-104.289082,19.011176],[-104.279824,19.007884],[-104.263465,19.001237],[-104.259364,18.999838],[-104.258342,18.999488],[-104.227772,18.989051],[-104.217594,18.985838],[-104.198226,18.978484],[-104.193123,18.976542],[-104.18402,18.973113],[-104.178164,18.970757],[-104.171321,18.967863],[-104.165291,18.9653],[-104.159435,18.963027],[-104.149754,18.959182],[-104.146131,18.957466],[-104.142158,18.955584],[-104.13752,18.953392],[-104.12662,18.948429],[-104.12407,18.947395],[-104.117693,18.944293],[-104.115171,18.942982],[-104.110851,18.940736],[-104.104475,18.937675],[-104.101112,18.935813],[-104.097982,18.934075],[-104.096,18.932924],[-104.092358,18.930807],[-104.088243,18.928531],[-104.086398,18.927427],[-104.086099,18.927248],[-104.081402,18.924435],[-104.07746,18.921746],[-104.07638,18.920938],[-104.07597,18.92063],[-104.075506,18.920283],[-104.074665,18.919654],[-104.072983,18.918395],[-104.066986,18.914582],[-104.066725,18.914417],[-104.064657,18.913109],[-104.062475,18.91184],[-104.0604,18.910508],[-104.058803,18.909521],[-104.056848,18.908279],[-104.054737,18.906969],[-104.05404,18.906537],[-104.053755,18.906387],[-104.053455,18.906229],[-104.052083,18.905612],[-104.050005,18.904801],[-104.048478,18.904273],[-104.045623,18.902833],[-104.044097,18.901779],[-104.042703,18.901011],[-104.039613,18.899935],[-104.037411,18.898776],[-104.035441,18.897741],[-104.033818,18.896913],[-104.031095,18.895547],[-104.028777,18.894553],[-104.027097,18.893932],[-104.027036,18.893898],[-104.025185,18.892897],[-104.020377,18.890992],[-104.018929,18.890329],[-104.017132,18.88946],[-104.015047,18.88859],[-104.012787,18.887513],[-104.010992,18.886892],[-104.009254,18.88627],[-104.00769,18.88569],[-104.006068,18.884986],[-104.004619,18.884117],[-104.003795,18.88298],[-104.002517,18.881328],[-104.000261,18.879124],[-103.998859,18.878547],[-103.99802,18.877999],[-103.99711,18.877518],[-103.996396,18.877118],[-103.99578,18.87687],[-103.99488,18.876204],[-103.994774,18.876151],[-103.994354,18.87594],[-103.993864,18.875694],[-103.993268,18.875392],[-103.992654,18.875115],[-103.991816,18.874666],[-103.99111,18.87402],[-103.990175,18.873735],[-103.989258,18.873413],[-103.988137,18.872824],[-103.987348,18.872607],[-103.986099,18.872993],[-103.98358,18.872846],[-103.980607,18.870792],[-103.980205,18.870335],[-103.979341,18.869462],[-103.978765,18.869004],[-103.978305,18.868423],[-103.977557,18.867716],[-103.976633,18.867215],[-103.974378,18.866706],[-103.973455,18.866122],[-103.973163,18.86602],[-103.972185,18.865453],[-103.971551,18.864954],[-103.970917,18.864578],[-103.9704,18.863831],[-103.969593,18.863248],[-103.969075,18.862666],[-103.968789,18.862045],[-103.968214,18.861422],[-103.967002,18.860712],[-103.966137,18.860211],[-103.963891,18.858091],[-103.96297,18.857217],[-103.962569,18.856595],[-103.962051,18.856014],[-103.961303,18.855265],[-103.961132,18.854727],[-103.960614,18.854311],[-103.960154,18.853689],[-103.959522,18.852941],[-103.959021,18.852366],[-103.958314,18.851612],[-103.957738,18.851112],[-103.95705,18.849993],[-103.95659,18.849494],[-103.955608,18.848992],[-103.955033,18.848369],[-103.954863,18.847707],[-103.95417,18.847496],[-103.953824,18.847288],[-103.953306,18.846747],[-103.953135,18.846292],[-103.953021,18.845919],[-103.952329,18.845585],[-103.952041,18.845376],[-103.951521,18.845084],[-103.950887,18.844626],[-103.950543,18.844086],[-103.949966,18.843835],[-103.948926,18.843416],[-103.948756,18.842877],[-103.948584,18.842463],[-103.948123,18.84213],[-103.947662,18.841838],[-103.946911,18.841585],[-103.946101,18.84158],[-103.945524,18.841288],[-103.944889,18.840829],[-103.943966,18.840328],[-103.943505,18.840077],[-103.943042,18.839992],[-103.942985,18.839785],[-103.943218,18.839662],[-103.943104,18.839372],[-103.942585,18.838956],[-103.941545,18.838619],[-103.94091,18.83845],[-103.940103,18.837866],[-103.939412,18.83716],[-103.938662,18.836701],[-103.937565,18.836239],[-103.936814,18.835987],[-103.936411,18.835654],[-103.935604,18.835112],[-103.934912,18.834777],[-103.934104,18.834235],[-103.932606,18.833193],[-103.931856,18.832692],[-103.931107,18.832109],[-103.93007,18.8314],[-103.929261,18.831147],[-103.928395,18.83077],[-103.927587,18.830352],[-103.926721,18.829933],[-103.926145,18.829517],[-103.925222,18.828974],[-103.924415,18.828473],[-103.923666,18.827973],[-103.922916,18.827472],[-103.921821,18.826639],[-103.920377,18.826299],[-103.919512,18.825715],[-103.918878,18.825216],[-103.918186,18.824839],[-103.917147,18.82442],[-103.916457,18.823548],[-103.91565,18.823047],[-103.914035,18.822128],[-103.912823,18.821583],[-103.911843,18.820957],[-103.910516,18.820205],[-103.909189,18.819536],[-103.908672,18.818995],[-103.907922,18.818577],[-103.907056,18.818159],[-103.905152,18.817238],[-103.904519,18.816697],[-103.904116,18.816281],[-103.90357,18.816058],[-103.903192,18.815903],[-103.902442,18.815527],[-103.902098,18.814987],[-103.901463,18.814735],[-103.900772,18.814277],[-103.899734,18.813692],[-103.899042,18.813191],[-103.898521,18.812849],[-103.898408,18.812774],[-103.897831,18.812523],[-103.897139,18.812105],[-103.896331,18.811687],[-103.894744,18.810626],[-103.894084,18.810185],[-103.892814,18.809598],[-103.891775,18.809137],[-103.889817,18.807596],[-103.888778,18.807094],[-103.887798,18.806509],[-103.886588,18.805716],[-103.885378,18.804799],[-103.884514,18.804133],[-103.883187,18.803504],[-103.881631,18.802461],[-103.880305,18.801709],[-103.879037,18.800833],[-103.878114,18.800497],[-103.877307,18.799996],[-103.876385,18.79937],[-103.875636,18.798704],[-103.874715,18.797955],[-103.873676,18.797576],[-103.873043,18.797076],[-103.872294,18.796534],[-103.871952,18.796328],[-103.871256,18.795908],[-103.870276,18.795405],[-103.869296,18.794821],[-103.868546,18.794444],[-103.867682,18.793736],[-103.866876,18.793028],[-103.866118,18.792519],[-103.86607,18.792486],[-103.864686,18.791651],[-103.864226,18.791234],[-103.863534,18.790899],[-103.862842,18.790482],[-103.861807,18.789483],[-103.861115,18.789066],[-103.860422,18.788854],[-103.86002,18.788356],[-103.859385,18.788104],[-103.858694,18.787645],[-103.8576,18.786811],[-103.857024,18.786353],[-103.855985,18.786016],[-103.855584,18.785352],[-103.854774,18.785223],[-103.8542,18.784558],[-103.853161,18.784221],[-103.852527,18.783762],[-103.851664,18.783095],[-103.850914,18.782718],[-103.850222,18.782342],[-103.84982,18.781761],[-103.84959,18.781553],[-103.84717,18.780091],[-103.846017,18.779339],[-103.845095,18.778755],[-103.843884,18.778086],[-103.843021,18.77746],[-103.841982,18.776958],[-103.841178,18.776085],[-103.839392,18.774875],[-103.838355,18.774207],[-103.837491,18.773622],[-103.836914,18.773412],[-103.836969,18.773784],[-103.836967,18.774115],[-103.836848,18.774568],[-103.83638,18.77535],[-103.836092,18.775265],[-103.836385,18.774565],[-103.836505,18.774029],[-103.83645,18.773574],[-103.836279,18.773201],[-103.835992,18.772745],[-103.835302,18.77212],[-103.834495,18.771619],[-103.833113,18.77066],[-103.832248,18.770282],[-103.831383,18.769698],[-103.830177,18.76845],[-103.828852,18.767574],[-103.825625,18.765528],[-103.822839,18.763863],[-103.821215,18.762832],[-103.819338,18.761677],[-103.816586,18.759708],[-103.81458,18.758283],[-103.81309,18.757153],[-103.812005,18.756111],[-103.808968,18.753851],[-103.805417,18.751049],[-103.804291,18.750103],[-103.803792,18.749684],[-103.800496,18.746915],[-103.799178,18.745993],[-103.797635,18.744534],[-103.795059,18.742486],[-103.793457,18.741067],[-103.792483,18.740311],[-103.791625,18.739645],[-103.789851,18.738142],[-103.78745,18.736014],[-103.785678,18.734429],[-103.783958,18.733254],[-103.782016,18.731339],[-103.781337,18.730222],[-103.780076,18.729382],[-103.778935,18.728176],[-103.777558,18.727293],[-103.775387,18.725251],[-103.773561,18.723419],[-103.772706,18.722423],[-103.771624,18.721176],[-103.77083,18.720058],[-103.769683,18.719302],[-103.768769,18.718427],[-103.766595,18.716589],[-103.765456,18.715301],[-103.76466,18.714264],[-103.763636,18.712978],[-103.762663,18.712266],[-103.760947,18.710804],[-103.760033,18.70997],[-103.759349,18.709181],[-103.758495,18.708225],[-103.757065,18.707013],[-103.75472,18.705009],[-103.753348,18.70384],[-103.751518,18.702294],[-103.750148,18.70092],[-103.747869,18.698426],[-103.745988,18.696388],[-103.744163,18.694474],[-103.743367,18.693437],[-103.742114,18.692024],[-103.741321,18.690824],[-103.740697,18.689953],[-103.74025,18.688769],[-103.739893,18.687843],[-103.739922,18.686894],[-103.740395,18.684772],[-103.738034,18.685937],[-103.738138,18.686799],[-103.737899,18.687327],[-103.738528,18.687829],[-103.739159,18.688249],[-103.73903,18.689147],[-103.738389,18.689464],[-103.738284,18.688726],[-103.73771,18.688388],[-103.737063,18.689156],[-103.736763,18.689888],[-103.736448,18.691725],[-103.735466,18.691667],[-103.733827,18.692991],[-103.734569,18.6937],[-103.736286,18.695039],[-103.737662,18.695922],[-103.738628,18.697207],[-103.737904,18.699324],[-103.736781,18.700984],[-103.734872,18.700993],[-103.734067,18.70098],[-103.733252,18.700966],[-103.731458,18.700977],[-103.728791,18.701342],[-103.726813,18.702128],[-103.725518,18.703703],[-103.725037,18.705005],[-103.724211,18.706137],[-103.723442,18.707312],[-103.72273,18.708569],[-103.721016,18.711079],[-103.720346,18.713443],[-103.718121,18.715289],[-103.71695,18.716293],[-103.716397,18.717305],[-103.716267,18.717544],[-103.715643,18.718687],[-103.71555,18.721142],[-103.714995,18.723548],[-103.713651,18.724508],[-103.711855,18.724642],[-103.710577,18.724948],[-103.709294,18.725663],[-103.707943,18.727073],[-103.706997,18.728491],[-103.705542,18.729039],[-103.7041,18.728687],[-103.701901,18.728732],[-103.699872,18.728943],[-103.698748,18.730644],[-103.699251,18.731922],[-103.699931,18.732916],[-103.70062,18.733296],[-103.701492,18.733024],[-103.702307,18.732711],[-103.703346,18.732933],[-103.705071,18.733658],[-103.706392,18.734417],[-103.706664,18.735609],[-103.706302,18.736668],[-103.705766,18.737682],[-103.705577,18.738785],[-103.704986,18.739676],[-103.704341,18.740238],[-103.703865,18.741172],[-103.703452,18.743072],[-103.703431,18.743171],[-103.70259,18.745367],[-103.702213,18.747449],[-103.702077,18.749631],[-103.702063,18.749862],[-103.701447,18.752496],[-103.70103,18.754104],[-103.701082,18.754889],[-103.701136,18.755385],[-103.701015,18.756128],[-103.700723,18.756539],[-103.70026,18.756618],[-103.699684,18.7562],[-103.699515,18.75558],[-103.699578,18.754878],[-103.699295,18.753967],[-103.698721,18.753425],[-103.694615,18.753271],[-103.694321,18.753847],[-103.693911,18.754505],[-103.692738,18.756422],[-103.690472,18.756026],[-103.688431,18.756752],[-103.687783,18.757014],[-103.685922,18.757765],[-103.684629,18.75807],[-103.683755,18.75889],[-103.683286,18.759712],[-103.683338,18.760539],[-103.683331,18.761489],[-103.68292,18.762229],[-103.682453,18.762804],[-103.682564,18.763549],[-103.682617,18.76421],[-103.68267,18.76483],[-103.682491,18.76549],[-103.682717,18.766318],[-103.682596,18.767019],[-103.682358,18.767802],[-103.68189,18.768625],[-103.68171,18.769449],[-103.681471,18.770398],[-103.681004,18.770973],[-103.680364,18.771546],[-103.679548,18.772242],[-103.678737,18.772401],[-103.678211,18.773141],[-103.67757,18.773797],[-103.677043,18.774578],[-103.67582,18.775725],[-103.674367,18.776623],[-103.673146,18.777357],[-103.672599,18.777696],[-103.670983,18.778488],[-103.669349,18.779095],[-103.668474,18.779376],[-103.667425,18.779656],[-103.666613,18.779399],[-103.665396,18.778764],[-103.664122,18.778005],[-103.662499,18.777324],[-103.66128,18.777021],[-103.659823,18.777297],[-103.658307,18.777738],[-103.656911,18.777766],[-103.655802,18.77817],[-103.654172,18.778319],[-103.652538,18.779008],[-103.651838,18.77925],[-103.650667,18.780151],[-103.64973,18.780972],[-103.647806,18.78145],[-103.64641,18.781353],[-103.645368,18.780803],[-103.644148,18.780541],[-103.643956,18.781304],[-103.643203,18.781381],[-103.642564,18.781748],[-103.641925,18.781991],[-103.64117,18.782398],[-103.640703,18.78289],[-103.640295,18.783382],[-103.640001,18.784],[-103.639882,18.784371],[-103.639939,18.784536],[-103.63936,18.784573],[-103.638778,18.785023],[-103.638082,18.785183],[-103.637615,18.785716],[-103.637148,18.78625],[-103.636509,18.786658],[-103.635753,18.787106],[-103.635459,18.787765],[-103.634993,18.788092],[-103.634241,18.788127],[-103.633369,18.788575],[-103.632556,18.789023],[-103.631858,18.789513],[-103.631391,18.789963],[-103.630809,18.790372],[-103.630346,18.790492],[-103.629822,18.79086],[-103.629357,18.791187],[-103.628832,18.791678],[-103.628309,18.792005],[-103.627787,18.792125],[-103.62726,18.792988],[-103.627029,18.792945],[-103.627065,18.79239],[-103.627483,18.791537],[-103.62819,18.790648],[-103.62814,18.790115],[-103.627375,18.791003],[-103.626842,18.791772],[-103.62645,18.792899],[-103.626274,18.793311],[-103.62534,18.794295],[-103.624582,18.795032],[-103.623824,18.795852],[-103.623298,18.796509],[-103.623004,18.797126],[-103.622767,18.797744],[-103.622623,18.798243],[-103.62247,18.798775],[-103.622175,18.799557],[-103.621238,18.800872],[-103.620713,18.801446],[-103.620417,18.80227],[-103.620064,18.80301],[-103.619539,18.803667],[-103.619127,18.80449],[-103.61912,18.805357],[-103.619289,18.805937],[-103.619284,18.806639],[-103.618989,18.807339],[-103.618635,18.808163],[-103.618572,18.808823],[-103.618858,18.809362],[-103.619201,18.809861],[-103.619486,18.810359],[-103.619943,18.811188],[-103.620225,18.812099],[-103.620677,18.813466],[-103.621637,18.816613],[-103.621504,18.818719],[-103.621959,18.819797],[-103.621894,18.820664],[-103.622295,18.821286],[-103.622233,18.821699],[-103.621997,18.822275],[-103.621937,18.822605],[-103.622392,18.823683],[-103.622852,18.824058],[-103.623252,18.824722],[-103.62342,18.825426],[-103.62382,18.826049],[-103.62474,18.826841],[-103.625257,18.827258],[-103.625542,18.82788],[-103.625594,18.828583],[-103.625528,18.829615],[-103.625292,18.830315],[-103.625229,18.830852],[-103.62505,18.831594],[-103.624579,18.832623],[-103.624517,18.833201],[-103.624476,18.833655],[-103.624462,18.833806],[-103.624453,18.833902],[-103.624331,18.83481],[-103.623976,18.835758],[-103.623677,18.836912],[-103.62314,18.837387],[-103.622325,18.83817],[-103.62116,18.838282],[-103.619883,18.837937],[-103.618607,18.837385],[-103.617677,18.837209],[-103.6168,18.837781],[-103.616385,18.83869],[-103.616549,18.839978],[-103.617062,18.841312],[-103.617633,18.842604],[-103.618207,18.843647],[-103.619476,18.84503],[-103.620742,18.846744],[-103.621838,18.847959],[-103.623225,18.849218],[-103.624442,18.84977],[-103.625718,18.850364],[-103.62707,18.851235],[-103.627223,18.851334],[-103.628118,18.852214],[-103.629013,18.853095],[-103.629368,18.853714],[-103.629587,18.854097],[-103.630159,18.855389],[-103.631078,18.856851],[-103.632756,18.858113],[-103.634495,18.858919],[-103.63612,18.859558],[-103.63733,18.861064],[-103.637552,18.862394],[-103.6383,18.863564],[-103.639219,18.865026],[-103.640315,18.866282],[-103.641235,18.867702],[-103.641575,18.868826],[-103.64116,18.869776],[-103.639928,18.871009],[-103.638582,18.871867],[-103.63741,18.872934],[-103.636408,18.874418],[-103.635466,18.875819],[-103.634173,18.877342],[-103.633056,18.878658],[-103.632579,18.880106],[-103.632161,18.881347],[-103.631801,18.882671],[-103.631091,18.884158],[-103.630031,18.885641],[-103.628564,18.887079],[-103.627041,18.888226],[-103.626603,18.888491],[-103.626164,18.888756],[-103.625172,18.889078],[-103.623887,18.889605],[-103.622658,18.890381],[-103.621774,18.891658],[-103.620657,18.893016],[-103.619839,18.893382],[-103.618794,18.89308],[-103.617691,18.892696],[-103.616879,18.892355],[-103.615834,18.89193],[-103.61456,18.891128],[-103.612706,18.89003],[-103.610562,18.888847],[-103.609231,18.887837],[-103.608596,18.887208],[-103.60785,18.885872],[-103.607505,18.885267],[-103.607161,18.884662],[-103.606647,18.883453],[-103.605837,18.882822],[-103.604737,18.882064],[-103.603749,18.881971],[-103.602823,18.881214],[-103.600606,18.881814],[-103.599274,18.882681],[-103.598499,18.883162],[-103.597445,18.883981],[-103.59686,18.884307],[-103.596401,18.883472],[-103.596173,18.882847],[-103.595716,18.881847],[-103.594615,18.881213],[-103.593748,18.88054],[-103.592824,18.879534],[-103.592016,18.878696],[-103.591092,18.877898],[-103.590222,18.877432],[-103.589763,18.876639],[-103.589012,18.875967],[-103.588843,18.875218],[-103.588968,18.874224],[-103.589153,18.873022],[-103.589571,18.87174],[-103.589814,18.870456],[-103.58988,18.869585],[-103.589715,18.86838],[-103.589085,18.867211],[-103.588569,18.866251],[-103.587527,18.865576],[-103.586479,18.865607],[-103.585651,18.865451],[-103.585938,18.892656],[-103.586317,18.904141],[-103.586425,18.907399],[-103.586796,18.918651],[-103.588219,18.961739],[-103.588256,18.962853],[-103.588355,18.965083],[-103.58835,18.965743],[-103.593266,18.974375],[-103.592619,18.975732],[-103.592268,18.976182],[-103.591377,18.979229],[-103.589268,18.982553],[-103.589537,18.985362],[-103.589514,18.988334],[-103.589262,18.99118],[-103.589201,18.991592],[-103.592414,18.995709],[-103.592638,19.004545],[-103.611408,19.004569],[-103.614661,19.004574],[-103.638984,19.004602],[-103.64436,19.004608],[-103.644358,19.004814],[-103.64427,19.004979],[-103.644182,19.005143],[-103.644064,19.005431],[-103.644003,19.005885],[-103.644,19.00638],[-103.644113,19.006752],[-103.644227,19.007084],[-103.644456,19.007333],[-103.644686,19.007583],[-103.644914,19.008163],[-103.644971,19.008329],[-103.645085,19.008578],[-103.645141,19.008867],[-103.645312,19.009158],[-103.645541,19.009531],[-103.645827,19.010029],[-103.646404,19.010406],[-103.647096,19.010825],[-103.647499,19.011159],[-103.647565,19.01123],[-103.647844,19.011533],[-103.648131,19.011908],[-103.648127,19.012527],[-103.648123,19.013022],[-103.647887,19.013639],[-103.647652,19.014174],[-103.647242,19.01483],[-103.647182,19.015078],[-103.647006,19.015406],[-103.646704,19.017137],[-103.646934,19.017387],[-103.647512,19.017516],[-103.648147,19.017893],[-103.648547,19.018557],[-103.648834,19.018973],[-103.649236,19.019431],[-103.649464,19.019969],[-103.649634,19.020507],[-103.649746,19.021128],[-103.649685,19.02154],[-103.649682,19.021994],[-103.6552,19.038071],[-103.667168,19.072926],[-103.671582,19.072847],[-103.671849,19.072843],[-103.681076,19.072678],[-103.681779,19.072678],[-103.701357,19.072651],[-103.726137,19.067046],[-103.751755,19.062394],[-103.768536,19.059345],[-103.774112,19.058331],[-103.781072,19.062353],[-103.781274,19.06247],[-103.782419,19.063131],[-103.782798,19.06335],[-103.785782,19.065074],[-103.807175,19.077433],[-103.807203,19.040922],[-103.821092,19.041091],[-103.843483,19.040906],[-103.844874,19.040905],[-103.859128,19.044818],[-103.862333,19.045698],[-103.860698,19.071714],[-103.860111,19.08105],[-103.860016,19.082551],[-103.859112,19.096923],[-103.858045,19.113898],[-103.881973,19.100677],[-103.883941,19.099589],[-103.884053,19.099527],[-103.888345,19.097155],[-103.888468,19.097087],[-103.890371,19.096036],[-103.894428,19.093784],[-103.895128,19.093396],[-103.89526,19.095282],[-103.89531,19.096687],[-103.895419,19.097761],[-103.895653,19.097981],[-103.895995,19.098302],[-103.896454,19.099007],[-103.896855,19.099795],[-103.897432,19.100336],[-103.897835,19.100598],[-103.897088,19.103164],[-103.895882,19.104244],[-103.894273,19.105656],[-103.89237,19.106536],[-103.888802,19.108993],[-103.888054,19.109493],[-103.887438,19.109815],[-103.887016,19.110037],[-103.886211,19.110702],[-103.885695,19.111241],[-103.8858,19.112555],[-103.885834,19.112984],[-103.885874,19.11348],[-103.885954,19.114483],[-103.885707,19.114842],[-103.884982,19.115895],[-103.884694,19.116062],[-103.884413,19.117093],[-103.88454,19.118367],[-103.884783,19.119641],[-103.884562,19.120959],[-103.883938,19.122445],[-103.883838,19.123069],[-103.883608,19.124505],[-103.884195,19.125446],[-103.884506,19.127912],[-103.884867,19.129472],[-103.8853,19.1304],[-103.885758,19.131519],[-103.88604,19.132759],[-103.886292,19.133615],[-103.88661,19.134497],[-103.887533,19.135372],[-103.890556,19.135174],[-103.907024,19.134098],[-103.916978,19.133437],[-103.934213,19.11815],[-103.934979,19.117423],[-103.935055,19.117352],[-103.944203,19.108683],[-103.97989,19.115912],[-104.020293,19.124084],[-104.020803,19.124189],[-104.056016,19.131306],[-104.067817,19.133689],[-104.067131,19.137705],[-104.066646,19.14055],[-104.061926,19.168195],[-104.058658,19.187331],[-104.057728,19.192778],[-104.060032,19.20397],[-104.06071,19.207264],[-104.066757,19.236633],[-104.031831,19.252555],[-104.03174,19.254295],[-104.02994,19.288745],[-104.028157,19.316029],[-104.027304,19.329059],[-104.010774,19.335181],[-103.991673,19.342252],[-103.978722,19.347078],[-103.974816,19.348533],[-103.973921,19.348866],[-103.966473,19.351641],[-103.965807,19.351889],[-103.963124,19.352889],[-103.940643,19.361261],[-103.939973,19.36151],[-103.900663,19.37614],[-103.901178,19.376683],[-103.901525,19.376812],[-103.901814,19.376898],[-103.902162,19.376943],[-103.902685,19.37695],[-103.903211,19.376708],[-103.903618,19.376631],[-103.903966,19.376676],[-103.904197,19.376762],[-103.904944,19.377391],[-103.90558,19.377564],[-103.906098,19.3779],[-103.906675,19.378197],[-103.907193,19.378534],[-103.90742,19.378867],[-103.90788,19.379244],[-103.908226,19.379414],[-103.908631,19.379543],[-103.908975,19.379836],[-103.909258,19.380377],[-103.909198,19.380541],[-103.909248,19.381079],[-103.9093,19.381534],[-103.909293,19.381988],[-103.909575,19.382611],[-103.9098,19.383151],[-103.910026,19.383608],[-103.910194,19.384065],[-103.91042,19.384522],[-103.91059,19.384813],[-103.910757,19.385353],[-103.910984,19.385686],[-103.911211,19.38606],[-103.911608,19.386768],[-103.911835,19.387183],[-103.911944,19.387681],[-103.912055,19.388012],[-103.912224,19.388386],[-103.912393,19.38876],[-103.912505,19.389051],[-103.912616,19.389465],[-103.912439,19.38967],[-103.912667,19.389962],[-103.913015,19.389966],[-103.913304,19.390093],[-103.913649,19.390387],[-103.913932,19.390886],[-103.913927,19.391258],[-103.914152,19.391756],[-103.914377,19.392296],[-103.914547,19.392629],[-103.915122,19.393049],[-103.915524,19.393343],[-103.915808,19.393842],[-103.916031,19.394506],[-103.916257,19.394922],[-103.916366,19.39546],[-103.916707,19.39596],[-103.916932,19.3965],[-103.917451,19.396754],[-103.917853,19.397089],[-103.918025,19.397298],[-103.918251,19.397755],[-103.918128,19.39825],[-103.918123,19.39858],[-103.918116,19.399076],[-103.918344,19.399409],[-103.918513,19.399783],[-103.918738,19.400281],[-103.918965,19.400697],[-103.91925,19.401073],[-103.919245,19.401444],[-103.919124,19.401815],[-103.919293,19.402189],[-103.919405,19.402479],[-103.919574,19.402812],[-103.919746,19.40302],[-103.919801,19.403228],[-103.919969,19.403643],[-103.920139,19.403975],[-103.92031,19.404225],[-103.920543,19.404145],[-103.920778,19.403983],[-103.921011,19.403903],[-103.92124,19.404195],[-103.921526,19.404529],[-103.921638,19.40482],[-103.921862,19.405401],[-103.922029,19.405899],[-103.922198,19.406273],[-103.922547,19.406277],[-103.92278,19.406238],[-103.922956,19.406075],[-103.923193,19.405748],[-103.923484,19.40571],[-103.923654,19.406001],[-103.923649,19.406373],[-103.923526,19.406908],[-103.923753,19.407283],[-103.924217,19.40733],[-103.924567,19.40721],[-103.924856,19.407338],[-103.925437,19.407345],[-103.92602,19.407187],[-103.926541,19.407276],[-103.926596,19.407524],[-103.926824,19.407857],[-103.926993,19.40819],[-103.927045,19.408645],[-103.927039,19.409058],[-103.92715,19.409473],[-103.927264,19.409598],[-103.927791,19.409274],[-103.92832,19.408867],[-103.928731,19.408583],[-103.929018,19.408834],[-103.929071,19.409165],[-103.929066,19.409496],[-103.929003,19.409867],[-103.928998,19.410239],[-103.929051,19.410611],[-103.929397,19.410822],[-103.929747,19.410702],[-103.92998,19.410622],[-103.930153,19.410748],[-103.930381,19.411082],[-103.930547,19.411662],[-103.93071,19.412449],[-103.930879,19.412864],[-103.931163,19.413322],[-103.931328,19.413944],[-103.931554,19.414442],[-103.931719,19.415105],[-103.931827,19.415685],[-103.93205,19.416349],[-103.932338,19.416517],[-103.932626,19.416727],[-103.932913,19.416979],[-103.933487,19.417481],[-103.933883,19.41823],[-103.933759,19.418848],[-103.933457,19.419629],[-103.933626,19.420003],[-103.934377,19.420343],[-103.934781,19.420554],[-103.935244,19.420643],[-103.935768,19.420608],[-103.936172,19.420736],[-103.936395,19.421441],[-103.936443,19.422186],[-103.936436,19.422681],[-103.936483,19.423467],[-103.93653,19.424252],[-103.93652,19.425037],[-103.936685,19.4257],[-103.93678,19.426096],[-103.936795,19.426156],[-103.936849,19.426446],[-103.937071,19.427192],[-103.937294,19.427856],[-103.937402,19.428477],[-103.937514,19.428726],[-103.937681,19.429306],[-103.937736,19.429472],[-103.93773,19.429927],[-103.937723,19.430422],[-103.937602,19.430793],[-103.937482,19.431039],[-103.937479,19.431287],[-103.937417,19.431534],[-103.937646,19.431785],[-103.937876,19.431953],[-103.938224,19.431998],[-103.938512,19.432208],[-103.938741,19.432459],[-103.939146,19.432547],[-103.939615,19.432304],[-103.939965,19.432143],[-103.940315,19.432065],[-103.940721,19.432152],[-103.940891,19.432402],[-103.940826,19.432939],[-103.94111,19.433397],[-103.941573,19.433526],[-103.941978,19.433655],[-103.94256,19.433621],[-103.943546,19.433674],[-103.944126,19.433763],[-103.944762,19.433978],[-103.94537,19.434212],[-103.944965,19.434994],[-103.944503,19.436023],[-103.944424,19.436418],[-103.944331,19.436887],[-103.944276,19.437874],[-103.944745,19.439107],[-103.945155,19.440175],[-103.944691,19.44235],[-103.944409,19.443672],[-103.944412,19.444658],[-103.944357,19.445728],[-103.944505,19.446753],[-103.944535,19.446961],[-103.944829,19.448112],[-103.945066,19.449345],[-103.945069,19.450537],[-103.945131,19.45173],[-103.94525,19.452799],[-103.945486,19.453785],[-103.945646,19.454455],[-103.944806,19.455176],[-103.940766,19.458658]]],[[[-110.99601,18.862854],[-110.997227,18.861502],[-110.999475,18.860902],[-110.99812,18.856802],[-110.998659,18.853586],[-111.000896,18.85472],[-111.002632,18.853249],[-111.005572,18.852532],[-111.005592,18.849311],[-111.008363,18.848096],[-111.009767,18.844392],[-111.007889,18.841155],[-111.009277,18.840053],[-111.008608,18.836702],[-111.011379,18.835364],[-111.012235,18.836362],[-111.012591,18.834755],[-111.011221,18.833009],[-111.011755,18.830412],[-111.013137,18.8303],[-111.013488,18.829436],[-111.01298,18.827821],[-111.014364,18.827462],[-111.019905,18.824661],[-111.023694,18.826056],[-111.026276,18.827194],[-111.028702,18.825728],[-111.029064,18.82313],[-111.029939,18.821156],[-111.032866,18.82242],[-111.035112,18.822068],[-111.037353,18.822582],[-111.038243,18.818131],[-111.040314,18.818272],[-111.041184,18.817165],[-111.040853,18.814933],[-111.043094,18.815324],[-111.045701,18.812373],[-111.046919,18.810897],[-111.049165,18.810421],[-111.048656,18.809054],[-111.046584,18.80916],[-111.045729,18.807914],[-111.044883,18.805182],[-111.046626,18.802472],[-111.044385,18.801957],[-111.043361,18.80009],[-111.042171,18.797231],[-111.04218,18.795868],[-111.045294,18.794657],[-111.047357,18.795913],[-111.048921,18.794192],[-111.046686,18.79281],[-111.051364,18.789878],[-111.054484,18.787675],[-111.05571,18.784713],[-111.057456,18.781507],[-111.05574,18.779882],[-111.053485,18.781721],[-111.052279,18.781463],[-111.050213,18.780702],[-111.049167,18.782427],[-111.049679,18.783298],[-111.048638,18.784157],[-111.048109,18.78601],[-111.045169,18.786976],[-111.042929,18.786461],[-111.041038,18.785206],[-111.039488,18.784821],[-111.036706,18.788017],[-111.035677,18.787017],[-111.036032,18.785534],[-111.034657,18.784531],[-111.035017,18.782181],[-111.033644,18.781054],[-111.031236,18.779794],[-111.02883,18.778287],[-111.029525,18.777426],[-111.029364,18.77569],[-111.026082,18.776157],[-111.023664,18.776507],[-111.022812,18.774765],[-111.023175,18.772043],[-111.024225,18.769699],[-111.022504,18.768941],[-111.020609,18.768429],[-111.019942,18.76483],[-111.016317,18.765046],[-111.015462,18.763924],[-111.017024,18.762451],[-111.018924,18.76222],[-111.018936,18.760362],[-111.017913,18.758495],[-111.017408,18.756508],[-111.015005,18.754505],[-111.01396,18.755982],[-111.012914,18.757584],[-111.011707,18.757449],[-111.009992,18.755823],[-111.010522,18.75397],[-111.009497,18.752474],[-111.008285,18.753083],[-111.006563,18.752448],[-111.004132,18.754904],[-111.002392,18.756994],[-111.000148,18.757098],[-110.997918,18.75522],[-110.994644,18.754448],[-110.990855,18.753423],[-110.988794,18.751917],[-110.989513,18.747588],[-110.988151,18.74485],[-110.985403,18.742967],[-110.982993,18.742078],[-110.981947,18.743679],[-110.980039,18.745149],[-110.971774,18.742596],[-110.971609,18.74148],[-110.968854,18.740587],[-110.967483,18.739212],[-110.965761,18.738701],[-110.964563,18.737327],[-110.965283,18.732874],[-110.964253,18.732121],[-110.963369,18.73521],[-110.961644,18.735194],[-110.959069,18.733188],[-110.961328,18.730855],[-110.959435,18.730218],[-110.958061,18.729339],[-110.957284,18.729269],[-110.956509,18.7292],[-110.956343,18.728208],[-110.957387,18.726978],[-110.958952,18.725135],[-110.957926,18.723886],[-110.958798,18.722532],[-110.957782,18.719673],[-110.952975,18.71616],[-110.951763,18.716892],[-110.948823,18.717855],[-110.949327,18.719842],[-110.950176,18.721832],[-110.950679,18.723819],[-110.948954,18.723803],[-110.94724,18.722177],[-110.945691,18.721667],[-110.943456,18.720531],[-110.941555,18.720885],[-110.941196,18.722864],[-110.941186,18.724351],[-110.942037,18.726093],[-110.941508,18.727699],[-110.939782,18.727683],[-110.937201,18.726668],[-110.93496,18.726399],[-110.932548,18.725881],[-110.929098,18.725848],[-110.92702,18.72682],[-110.92563,18.72817],[-110.923732,18.728152],[-110.921312,18.728749],[-110.920603,18.731468],[-110.920237,18.734438],[-110.919526,18.737281],[-110.91882,18.739504],[-110.918635,18.741361],[-110.918101,18.743586],[-110.91757,18.745439],[-110.916858,18.74853],[-110.916668,18.751006],[-110.916127,18.754346],[-110.91748,18.7582],[-110.918657,18.762671],[-110.920191,18.765287],[-110.920343,18.768262],[-110.919117,18.770852],[-110.918066,18.773073],[-110.917012,18.775665],[-110.915447,18.777261],[-110.913888,18.778113],[-110.913535,18.779101],[-110.91215,18.779708],[-110.910084,18.778945],[-110.908531,18.77893],[-110.91059,18.780684],[-110.913174,18.781452],[-110.913852,18.783193],[-110.914713,18.783449],[-110.914357,18.785056],[-110.916079,18.785568],[-110.916738,18.790034],[-110.917419,18.791403],[-110.917038,18.796479],[-110.915983,18.799319],[-110.918038,18.801568],[-110.919576,18.803813],[-110.921812,18.805072],[-110.9237,18.806577],[-110.926085,18.811183],[-110.928676,18.810959],[-110.929185,18.812326],[-110.93056,18.813206],[-110.930545,18.815312],[-110.930191,18.816548],[-110.930693,18.818907],[-110.93173,18.818792],[-110.932765,18.818926],[-110.933776,18.822528],[-110.935158,18.822417],[-110.935662,18.824404],[-110.937396,18.823304],[-110.939109,18.825302],[-110.938923,18.827283],[-110.937365,18.827888],[-110.939749,18.832742],[-110.941299,18.833251],[-110.940599,18.834608],[-110.941109,18.835851],[-110.942488,18.836112],[-110.944731,18.83638],[-110.944719,18.838114],[-110.944537,18.839599],[-110.946254,18.840977],[-110.947804,18.841487],[-110.94971,18.840513],[-110.951628,18.837805],[-110.953523,18.838318],[-110.954568,18.837088],[-110.959893,18.841101],[-110.958849,18.84233],[-110.961938,18.845207],[-110.963469,18.848566],[-110.965363,18.84945],[-110.966382,18.851937],[-110.968962,18.853447],[-110.969467,18.855433],[-110.973793,18.853985],[-110.974997,18.854739],[-110.976896,18.854756],[-110.976715,18.855994],[-110.978777,18.857622],[-110.977557,18.859346],[-110.97788,18.862694],[-110.979258,18.863201],[-110.980482,18.860858],[-110.981862,18.861118],[-110.98237,18.862733],[-110.98514,18.861519],[-110.98807,18.862412],[-110.990487,18.862433],[-110.99256,18.862204],[-110.994464,18.861601],[-110.995323,18.862228],[-110.99601,18.862854]]]]}}]}