{"type":"FeatureCollection","features":[{"type":"Feature","properties":{"distrito_l":12},"geometry":{"type":"Polygon","coordinates":[[[-104.341002,19.103925],[-104.340157,19.104069],[-104.338743,19.103827],[-104.338375,19.103532],[-104.337211,19.103358],[-104.33612,19.103001],[-104.336023,19.102969],[-104.335392,19.102679],[-104.327952,19.099255],[-104.32508,19.097842],[-104.322126,19.096017],[-104.321022,19.095351],[-104.319386,19.094365],[-104.318159,19.093157],[-104.315644,19.0911],[-104.314908,19.090277],[-104.314371,19.089678],[-104.313699,19.088927],[-104.312535,19.087907],[-104.311713,19.086929],[-104.310636,19.085678],[-104.310398,19.085496],[-104.309615,19.084377],[-104.309309,19.083852],[-104.309225,19.083732],[-104.309068,19.083508],[-104.30876,19.083069],[-104.307744,19.081595],[-104.306942,19.080364],[-104.306154,19.078877],[-104.30587,19.078332],[-104.305688,19.077982],[-104.30556,19.077736],[-104.305053,19.076562],[-104.304931,19.076342],[-104.304919,19.07612],[-104.304831,19.075933],[-104.304712,19.075751],[-104.304472,19.075076],[-104.304426,19.074878],[-104.304372,19.074835],[-104.304399,19.074736],[-104.304325,19.074647],[-104.304273,19.074477],[-104.304231,19.074231],[-104.304144,19.074115],[-104.304122,19.07389],[-104.304041,19.073704],[-104.304034,19.073519],[-104.303982,19.073391],[-104.30396,19.073255],[-104.303894,19.073113],[-104.303891,19.073045],[-104.303887,19.072942],[-104.303805,19.072763],[-104.303784,19.072564],[-104.303739,19.072429],[-104.30367,19.071894],[-104.303659,19.071816],[-104.303631,19.071542],[-104.30362,19.071435],[-104.303475,19.070949],[-104.303427,19.070589],[-104.303257,19.070135],[-104.303242,19.070112],[-104.303219,19.069943],[-104.303076,19.068845],[-104.302993,19.068686],[-104.303004,19.068313],[-104.302961,19.068168],[-104.302723,19.06628],[-104.302795,19.06558],[-104.30274,19.064678],[-104.302845,19.064216],[-104.30287,19.063936],[-104.303092,19.063769],[-104.305152,19.063252],[-104.305096,19.062845],[-104.302343,19.063533],[-104.302203,19.063546],[-104.301543,19.063699],[-104.299351,19.064207],[-104.298791,19.064427],[-104.298514,19.064688],[-104.298492,19.064888],[-104.29818,19.065047],[-104.297954,19.064845],[-104.297986,19.064822],[-104.297994,19.064788],[-104.297902,19.064721],[-104.29787,19.06475],[-104.297895,19.064795],[-104.297854,19.064841],[-104.297796,19.064808],[-104.297747,19.064871],[-104.297856,19.064932],[-104.297888,19.064915],[-104.29809,19.065174],[-104.298042,19.065283],[-104.297895,19.065376],[-104.295724,19.068073],[-104.295474,19.067934],[-104.295587,19.067739],[-104.295237,19.067522],[-104.295131,19.067655],[-104.295022,19.067577],[-104.295062,19.067491],[-104.294837,19.067363],[-104.294747,19.067433],[-104.294564,19.067362],[-104.294484,19.067528],[-104.294859,19.067705],[-104.295107,19.068345],[-104.295389,19.068369],[-104.295398,19.068449],[-104.293983,19.070181],[-104.294176,19.070355],[-104.29421,19.070395],[-104.29564,19.068607],[-104.295734,19.068663],[-104.295847,19.068594],[-104.295915,19.068627],[-104.296187,19.068348],[-104.29664,19.069195],[-104.296684,19.070311],[-104.296923,19.070695],[-104.297452,19.071131],[-104.297603,19.071459],[-104.297677,19.072468],[-104.297789,19.072832],[-104.298176,19.073072],[-104.298322,19.073283],[-104.298681,19.074298],[-104.298715,19.074476],[-104.298762,19.074751],[-104.299066,19.075004],[-104.299312,19.075],[-104.299592,19.074964],[-104.299647,19.074892],[-104.299771,19.074765],[-104.299987,19.075004],[-104.300068,19.075577],[-104.300468,19.075944],[-104.300417,19.076166],[-104.300547,19.07693],[-104.300898,19.077122],[-104.301361,19.078173],[-104.301327,19.078443],[-104.301807,19.079589],[-104.302021,19.079766],[-104.302273,19.079973],[-104.302784,19.080578],[-104.303408,19.081499],[-104.303679,19.081899],[-104.303906,19.082399],[-104.30432,19.083078],[-104.304788,19.083963],[-104.304518,19.084102],[-104.30409,19.083372],[-104.304037,19.08318],[-104.303517,19.082257],[-104.303208,19.082153],[-104.303102,19.082208],[-104.302938,19.082293],[-104.302993,19.082387],[-104.303274,19.084812],[-104.303278,19.085701],[-104.303683,19.086051],[-104.30409,19.08634],[-104.304276,19.086565],[-104.306138,19.088813],[-104.303004,19.091136],[-104.302961,19.091169],[-104.30206,19.091836],[-104.302,19.091879],[-104.30146,19.092242],[-104.30104,19.092464],[-104.300917,19.092439],[-104.29953,19.093428],[-104.299228,19.093644],[-104.29903,19.093785],[-104.298635,19.094067],[-104.298525,19.094145],[-104.298313,19.094297],[-104.298035,19.094495],[-104.297599,19.094806],[-104.297464,19.094903],[-104.297061,19.09519],[-104.296547,19.095557],[-104.29621,19.096184],[-104.29565,19.097224],[-104.295558,19.097396],[-104.295061,19.098319],[-104.29456,19.09925],[-104.293867,19.100203],[-104.293954,19.100262],[-104.29404,19.100322],[-104.294185,19.100423],[-104.29433,19.100523],[-104.294472,19.100625],[-104.294613,19.100725],[-104.294753,19.100827],[-104.294895,19.100928],[-104.295037,19.10103],[-104.29518,19.101132],[-104.295323,19.101235],[-104.295468,19.101337],[-104.295615,19.101438],[-104.295762,19.101542],[-104.29591,19.101647],[-104.296058,19.10175],[-104.296207,19.101855],[-104.296357,19.10196],[-104.296507,19.102065],[-104.296658,19.102168],[-104.296812,19.10227],[-104.296967,19.10237],[-104.29712,19.102468],[-104.297277,19.102567],[-104.297432,19.102663],[-104.297588,19.10276],[-104.297747,19.102857],[-104.297907,19.10295],[-104.298067,19.103045],[-104.29823,19.103138],[-104.298393,19.103232],[-104.298442,19.103259],[-104.298558,19.103327],[-104.298725,19.103422],[-104.298892,19.103517],[-104.299058,19.103613],[-104.299227,19.103712],[-104.299397,19.103808],[-104.299567,19.103905],[-104.299735,19.104002],[-104.299905,19.104098],[-104.300073,19.104193],[-104.30024,19.104288],[-104.300405,19.104382],[-104.30057,19.104475],[-104.300733,19.104568],[-104.300897,19.104662],[-104.30106,19.104755],[-104.301223,19.104848],[-104.301387,19.104942],[-104.301548,19.105033],[-104.301713,19.105127],[-104.301877,19.10522],[-104.301948,19.10526],[-104.302042,19.105313],[-104.302208,19.105407],[-104.302375,19.1055],[-104.302542,19.105595],[-104.302708,19.10569],[-104.302792,19.105737],[-104.302875,19.105785],[-104.303042,19.10588],[-104.303208,19.105975],[-104.303373,19.106068],[-104.303538,19.106163],[-104.3037,19.106255],[-104.303858,19.10635],[-104.304013,19.106445],[-104.304167,19.106543],[-104.304318,19.106645],[-104.304468,19.106752],[-104.304618,19.10686],[-104.304767,19.106972],[-104.304913,19.107088],[-104.30506,19.10721],[-104.305202,19.107337],[-104.30534,19.107467],[-104.305475,19.1076],[-104.305605,19.107737],[-104.30573,19.107875],[-104.305852,19.108015],[-104.305968,19.108155],[-104.306078,19.108297],[-104.306183,19.10844],[-104.306285,19.108585],[-104.306383,19.108733],[-104.306477,19.108882],[-104.306515,19.108948],[-104.306565,19.109035],[-104.306632,19.109157],[-104.306652,19.109192],[-104.306733,19.109352],[-104.306813,19.109512],[-104.306893,19.109673],[-104.306972,19.109837],[-104.30705,19.109998],[-104.307125,19.110162],[-104.3072,19.110325],[-104.307275,19.110487],[-104.307348,19.11065],[-104.307423,19.110813],[-104.307495,19.110977],[-104.307567,19.111138],[-104.307638,19.111302],[-104.307712,19.111463],[-104.307785,19.111625],[-104.307858,19.111787],[-104.307932,19.111948],[-104.308007,19.11211],[-104.30808,19.11227],[-104.308155,19.112433],[-104.30823,19.112597],[-104.308307,19.112762],[-104.308383,19.112927],[-104.308462,19.113093],[-104.308542,19.113262],[-104.308618,19.113428],[-104.308697,19.113598],[-104.308775,19.113767],[-104.308853,19.113937],[-104.308932,19.114108],[-104.309012,19.114278],[-104.30909,19.11445],[-104.309168,19.114623],[-104.309247,19.114797],[-104.309325,19.11497],[-104.309405,19.115143],[-104.309485,19.115315],[-104.309563,19.115487],[-104.309643,19.11566],[-104.309723,19.115832],[-104.309803,19.116005],[-104.309883,19.116178],[-104.309962,19.116353],[-104.310042,19.11653],[-104.310125,19.116707],[-104.310207,19.116883],[-104.310292,19.117063],[-104.310377,19.117243],[-104.310462,19.117425],[-104.310547,19.117608],[-104.310633,19.117792],[-104.310718,19.117975],[-104.310805,19.118158],[-104.31089,19.11834],[-104.310973,19.118525],[-104.311057,19.118707],[-104.31114,19.118885],[-104.311222,19.119063],[-104.311303,19.11924],[-104.311385,19.119413],[-104.311463,19.119585],[-104.311542,19.119752],[-104.311618,19.119918],[-104.311693,19.12008],[-104.311767,19.12024],[-104.311842,19.1204],[-104.311915,19.120558],[-104.311988,19.120717],[-104.312063,19.120875],[-104.312138,19.121037],[-104.312213,19.1212],[-104.312292,19.121365],[-104.312368,19.121532],[-104.312447,19.121702],[-104.312525,19.121872],[-104.312603,19.122045],[-104.312683,19.122218],[-104.312762,19.122392],[-104.312842,19.122565],[-104.312925,19.122735],[-104.313012,19.122903],[-104.313103,19.123068],[-104.3132,19.12323],[-104.313302,19.123392],[-104.313408,19.123552],[-104.313525,19.12371],[-104.313648,19.123865],[-104.313778,19.124022],[-104.313913,19.124175],[-104.314057,19.124327],[-104.314208,19.124473],[-104.314251,19.124511],[-104.310323,19.126684],[-104.310221,19.128856],[-104.311867,19.127706],[-104.312775,19.127072],[-104.313877,19.126698],[-104.314748,19.126449],[-104.316564,19.126293],[-104.317354,19.126131],[-104.31775,19.126083],[-104.319983,19.127673],[-104.320903,19.128209],[-104.321009,19.128138],[-104.320529,19.127899],[-104.320542,19.127705],[-104.320626,19.127632],[-104.320787,19.127546],[-104.320943,19.127465],[-104.321102,19.127454],[-104.321218,19.127411],[-104.321392,19.127209],[-104.32165,19.126923],[-104.321936,19.126625],[-104.322203,19.126377],[-104.322296,19.126447],[-104.322663,19.126053],[-104.322691,19.126023],[-104.322718,19.125901],[-104.322786,19.12579],[-104.322886,19.125676],[-104.322948,19.125714],[-104.323244,19.125391],[-104.323987,19.12456],[-104.324927,19.123528],[-104.325662,19.12272],[-104.326377,19.121938],[-104.327116,19.121342],[-104.327356,19.121148],[-104.327553,19.120991],[-104.328014,19.120624],[-104.328477,19.120255],[-104.328578,19.120174],[-104.328858,19.119947],[-104.329418,19.119476],[-104.329865,19.1191],[-104.329936,19.119038],[-104.330357,19.118762],[-104.330539,19.118602],[-104.330864,19.118343],[-104.331499,19.117544],[-104.331653,19.117442],[-104.332047,19.116965],[-104.332413,19.116531],[-104.332527,19.116391],[-104.33274,19.115896],[-104.332813,19.11574],[-104.332872,19.115646],[-104.33294,19.115593],[-104.333056,19.11552],[-104.33322,19.11542],[-104.33347,19.115258],[-104.333623,19.11513],[-104.333728,19.11489],[-104.333815,19.11465],[-104.333878,19.114437],[-104.333922,19.11432],[-104.333975,19.114232],[-104.334141,19.114036],[-104.334382,19.113762],[-104.334498,19.113631],[-104.334662,19.113402],[-104.334837,19.113087],[-104.334898,19.113013],[-104.335332,19.11263],[-104.335928,19.112104],[-104.336266,19.111799],[-104.336677,19.111447],[-104.337023,19.111137],[-104.337402,19.110811],[-104.337773,19.110465],[-104.338206,19.110888],[-104.338482,19.111151],[-104.338623,19.111284],[-104.33878,19.111431],[-104.338864,19.111346],[-104.338953,19.111222],[-104.339035,19.111006],[-104.339168,19.110687],[-104.339224,19.110566],[-104.339404,19.110062],[-104.339715,19.109247],[-104.339934,19.108679],[-104.340191,19.108026],[-104.340299,19.107753],[-104.340553,19.107065],[-104.340925,19.106112],[-104.340975,19.106009],[-104.341018,19.105783],[-104.340985,19.105564],[-104.340943,19.105381],[-104.340905,19.10533],[-104.340782,19.10533],[-104.340689,19.105315],[-104.340675,19.10521],[-104.340613,19.105121],[-104.340637,19.105077],[-104.34067,19.105033],[-104.340687,19.10495],[-104.340747,19.104912],[-104.340798,19.104868],[-104.340832,19.104765],[-104.340859,19.104573],[-104.340886,19.104367],[-104.340927,19.104222],[-104.34093,19.104136],[-104.340942,19.104043],[-104.340973,19.103972],[-104.341002,19.103925]]]}},{"type":"Feature","properties":{"distrito_l":16},"geometry":{"type":"Polygon","coordinates":[[[-103.894744,18.810626],[-103.894084,18.810185],[-103.892814,18.809598],[-103.891775,18.809137],[-103.889817,18.807596],[-103.888778,18.807094],[-103.887798,18.806509],[-103.886588,18.805716],[-103.885378,18.804799],[-103.884514,18.804133],[-103.883187,18.803504],[-103.881631,18.802461],[-103.880305,18.801709],[-103.879037,18.800833],[-103.878114,18.800497],[-103.877307,18.799996],[-103.876385,18.79937],[-103.875636,18.798704],[-103.874715,18.797955],[-103.873676,18.797576],[-103.873043,18.797076],[-103.872294,18.796534],[-103.871952,18.796328],[-103.871256,18.795908],[-103.870276,18.795405],[-103.869296,18.794821],[-103.868546,18.794444],[-103.867682,18.793736],[-103.866876,18.793028],[-103.866118,18.792519],[-103.86607,18.792486],[-103.864686,18.791651],[-103.864226,18.791234],[-103.863534,18.790899],[-103.862842,18.790482],[-103.861807,18.789483],[-103.861115,18.789066],[-103.860422,18.788854],[-103.86002,18.788356],[-103.859385,18.788104],[-103.858694,18.787645],[-103.8576,18.786811],[-103.857024,18.786353],[-103.855985,18.786016],[-103.855584,18.785352],[-103.854774,18.785223],[-103.8542,18.784558],[-103.853161,18.784221],[-103.852527,18.783762],[-103.851664,18.783095],[-103.850914,18.782718],[-103.850222,18.782342],[-103.84982,18.781761],[-103.84959,18.781553],[-103.84717,18.780091],[-103.846017,18.779339],[-103.845095,18.778755],[-103.843884,18.778086],[-103.843021,18.77746],[-103.841982,18.776958],[-103.841178,18.776085],[-103.839392,18.774875],[-103.838355,18.774207],[-103.837491,18.773622],[-103.836914,18.773412],[-103.836969,18.773784],[-103.836967,18.774115],[-103.836848,18.774568],[-103.83638,18.77535],[-103.836092,18.775265],[-103.836385,18.774565],[-103.836505,18.774029],[-103.83645,18.773574],[-103.836279,18.773201],[-103.835992,18.772745],[-103.835302,18.77212],[-103.834495,18.771619],[-103.833113,18.77066],[-103.832248,18.770282],[-103.831383,18.769698],[-103.830177,18.76845],[-103.828852,18.767574],[-103.825625,18.765528],[-103.822839,18.763863],[-103.821215,18.762832],[-103.819338,18.761677],[-103.816586,18.759708],[-103.81458,18.758283],[-103.81309,18.757153],[-103.812005,18.756111],[-103.808968,18.753851],[-103.805417,18.751049],[-103.804291,18.750103],[-103.803792,18.749684],[-103.800496,18.746915],[-103.799178,18.745993],[-103.797635,18.744534],[-103.795059,18.742486],[-103.793457,18.741067],[-103.792483,18.740311],[-103.791625,18.739645],[-103.789851,18.738142],[-103.78745,18.736014],[-103.785678,18.734429],[-103.783958,18.733254],[-103.782016,18.731339],[-103.781337,18.730222],[-103.780076,18.729382],[-103.778935,18.728176],[-103.777558,18.727293],[-103.775387,18.725251],[-103.773561,18.723419],[-103.772706,18.722423],[-103.771624,18.721176],[-103.77083,18.720058],[-103.769683,18.719302],[-103.768769,18.718427],[-103.766595,18.716589],[-103.765456,18.715301],[-103.76466,18.714264],[-103.763636,18.712978],[-103.762663,18.712266],[-103.760947,18.710804],[-103.760033,18.70997],[-103.759349,18.709181],[-103.758495,18.708225],[-103.757065,18.707013],[-103.75472,18.705009],[-103.753348,18.70384],[-103.751518,18.702294],[-103.750148,18.70092],[-103.747869,18.698426],[-103.745988,18.696388],[-103.744163,18.694474],[-103.743367,18.693437],[-103.742114,18.692024],[-103.741321,18.690824],[-103.740697,18.689953],[-103.74025,18.688769],[-103.739893,18.687843],[-103.739922,18.686894],[-103.740395,18.684772],[-103.738034,18.685937],[-103.738138,18.686799],[-103.737899,18.687327],[-103.738528,18.687829],[-103.739159,18.688249],[-103.73903,18.689147],[-103.738389,18.689464],[-103.738284,18.688726],[-103.73771,18.688388],[-103.737063,18.689156],[-103.736763,18.689888],[-103.736448,18.691725],[-103.735466,18.691667],[-103.733827,18.692991],[-103.734569,18.6937],[-103.736286,18.695039],[-103.737662,18.695922],[-103.738628,18.697207],[-103.737904,18.699324],[-103.736781,18.700984],[-103.734872,18.700993],[-103.734067,18.70098],[-103.733252,18.700966],[-103.731458,18.700977],[-103.728791,18.701342],[-103.726813,18.702128],[-103.725518,18.703703],[-103.725037,18.705005],[-103.724211,18.706137],[-103.723442,18.707312],[-103.72273,18.708569],[-103.721016,18.711079],[-103.720346,18.713443],[-103.718121,18.715289],[-103.71695,18.716293],[-103.716397,18.717305],[-103.716267,18.717544],[-103.715643,18.718687],[-103.71555,18.721142],[-103.714995,18.723548],[-103.713651,18.724508],[-103.711855,18.724642],[-103.710577,18.724948],[-103.709294,18.725663],[-103.707943,18.727073],[-103.706997,18.728491],[-103.705542,18.729039],[-103.7041,18.728687],[-103.701901,18.728732],[-103.699872,18.728943],[-103.698748,18.730644],[-103.699251,18.731922],[-103.699931,18.732916],[-103.70062,18.733296],[-103.701492,18.733024],[-103.702307,18.732711],[-103.703346,18.732933],[-103.705071,18.733658],[-103.706392,18.734417],[-103.706664,18.735609],[-103.706302,18.736668],[-103.705766,18.737682],[-103.705577,18.738785],[-103.704986,18.739676],[-103.704341,18.740238],[-103.703865,18.741172],[-103.703452,18.743072],[-103.703431,18.743171],[-103.70259,18.745367],[-103.702213,18.747449],[-103.702077,18.749631],[-103.702063,18.749862],[-103.701447,18.752496],[-103.70103,18.754104],[-103.701082,18.754889],[-103.701136,18.755385],[-103.701015,18.756128],[-103.700723,18.756539],[-103.70026,18.756618],[-103.699684,18.7562],[-103.699515,18.75558],[-103.699578,18.754878],[-103.699295,18.753967],[-103.698721,18.753425],[-103.694615,18.753271],[-103.694321,18.753847],[-103.693911,18.754505],[-103.692738,18.756422],[-103.690472,18.756026],[-103.688431,18.756752],[-103.687783,18.757014],[-103.685922,18.757765],[-103.684629,18.75807],[-103.683755,18.75889],[-103.683286,18.759712],[-103.683338,18.760539],[-103.683331,18.761489],[-103.68292,18.762229],[-103.682453,18.762804],[-103.682564,18.763549],[-103.682617,18.76421],[-103.68267,18.76483],[-103.682491,18.76549],[-103.682717,18.766318],[-103.682596,18.767019],[-103.682358,18.767802],[-103.68189,18.768625],[-103.68171,18.769449],[-103.681471,18.770398],[-103.681004,18.770973],[-103.680364,18.771546],[-103.679548,18.772242],[-103.678737,18.772401],[-103.678211,18.773141],[-103.67757,18.773797],[-103.677043,18.774578],[-103.67582,18.775725],[-103.674367,18.776623],[-103.673146,18.777357],[-103.672599,18.777696],[-103.670983,18.778488],[-103.669349,18.779095],[-103.668474,18.779376],[-103.667425,18.779656],[-103.666613,18.779399],[-103.665396,18.778764],[-103.664122,18.778005],[-103.662499,18.777324],[-103.66128,18.777021],[-103.659823,18.777297],[-103.658307,18.777738],[-103.656911,18.777766],[-103.655802,18.77817],[-103.654172,18.778319],[-103.652538,18.779008],[-103.651838,18.77925],[-103.650667,18.780151],[-103.64973,18.780972],[-103.647806,18.78145],[-103.64641,18.781353],[-103.645368,18.780803],[-103.644148,18.780541],[-103.643956,18.781304],[-103.643203,18.781381],[-103.642564,18.781748],[-103.641925,18.781991],[-103.64117,18.782398],[-103.640703,18.78289],[-103.640295,18.783382],[-103.640001,18.784],[-103.639882,18.784371],[-103.639939,18.784536],[-103.63936,18.784573],[-103.638778,18.785023],[-103.638082,18.785183],[-103.637615,18.785716],[-103.637148,18.78625],[-103.636509,18.786658],[-103.635753,18.787106],[-103.635459,18.787765],[-103.634993,18.788092],[-103.634241,18.788127],[-103.633369,18.788575],[-103.632556,18.789023],[-103.631858,18.789513],[-103.631391,18.789963],[-103.630809,18.790372],[-103.630346,18.790492],[-103.629822,18.79086],[-103.629357,18.791187],[-103.628832,18.791678],[-103.628309,18.792005],[-103.627787,18.792125],[-103.62726,18.792988],[-103.627029,18.792945],[-103.627065,18.79239],[-103.627483,18.791537],[-103.62819,18.790648],[-103.62814,18.790115],[-103.627375,18.791003],[-103.626842,18.791772],[-103.62645,18.792899],[-103.626274,18.793311],[-103.62534,18.794295],[-103.624582,18.795032],[-103.623824,18.795852],[-103.623298,18.796509],[-103.623004,18.797126],[-103.622767,18.797744],[-103.622623,18.798243],[-103.62247,18.798775],[-103.622175,18.799557],[-103.621238,18.800872],[-103.620713,18.801446],[-103.620417,18.80227],[-103.620064,18.80301],[-103.619539,18.803667],[-103.619127,18.80449],[-103.61912,18.805357],[-103.619289,18.805937],[-103.619284,18.806639],[-103.618989,18.807339],[-103.618635,18.808163],[-103.618572,18.808823],[-103.618858,18.809362],[-103.619201,18.809861],[-103.619486,18.810359],[-103.619943,18.811188],[-103.620225,18.812099],[-103.620677,18.813466],[-103.621637,18.816613],[-103.621504,18.818719],[-103.621959,18.819797],[-103.621894,18.820664],[-103.622295,18.821286],[-103.622233,18.821699],[-103.621997,18.822275],[-103.621937,18.822605],[-103.622392,18.823683],[-103.622852,18.824058],[-103.623252,18.824722],[-103.62342,18.825426],[-103.62382,18.826049],[-103.62474,18.826841],[-103.625257,18.827258],[-103.625542,18.82788],[-103.625594,18.828583],[-103.625528,18.829615],[-103.625292,18.830315],[-103.625229,18.830852],[-103.62505,18.831594],[-103.624579,18.832623],[-103.624517,18.833201],[-103.624476,18.833655],[-103.624462,18.833806],[-103.624453,18.833902],[-103.624331,18.83481],[-103.623976,18.835758],[-103.623677,18.836912],[-103.62314,18.837387],[-103.622325,18.83817],[-103.62116,18.838282],[-103.619883,18.837937],[-103.618607,18.837385],[-103.617677,18.837209],[-103.6168,18.837781],[-103.616385,18.83869],[-103.616549,18.839978],[-103.617062,18.841312],[-103.617633,18.842604],[-103.618207,18.843647],[-103.619476,18.84503],[-103.620742,18.846744],[-103.621838,18.847959],[-103.623225,18.849218],[-103.624442,18.84977],[-103.625718,18.850364],[-103.62707,18.851235],[-103.627223,18.851334],[-103.628118,18.852214],[-103.629013,18.853095],[-103.629368,18.853714],[-103.629587,18.854097],[-103.630159,18.855389],[-103.631078,18.856851],[-103.632756,18.858113],[-103.634495,18.858919],[-103.63612,18.859558],[-103.63733,18.861064],[-103.637552,18.862394],[-103.6383,18.863564],[-103.639219,18.865026],[-103.640315,18.866282],[-103.641235,18.867702],[-103.641575,18.868826],[-103.64116,18.869776],[-103.639928,18.871009],[-103.638582,18.871867],[-103.63741,18.872934],[-103.636408,18.874418],[-103.635466,18.875819],[-103.634173,18.877342],[-103.633056,18.878658],[-103.632579,18.880106],[-103.632161,18.881347],[-103.631801,18.882671],[-103.631091,18.884158],[-103.630031,18.885641],[-103.628564,18.887079],[-103.627041,18.888226],[-103.626603,18.888491],[-103.626164,18.888756],[-103.625172,18.889078],[-103.623887,18.889605],[-103.622658,18.890381],[-103.621774,18.891658],[-103.620657,18.893016],[-103.619839,18.893382],[-103.618794,18.89308],[-103.617691,18.892696],[-103.616879,18.892355],[-103.615834,18.89193],[-103.61456,18.891128],[-103.612706,18.89003],[-103.610562,18.888847],[-103.609231,18.887837],[-103.608596,18.887208],[-103.60785,18.885872],[-103.607505,18.885267],[-103.607161,18.884662],[-103.606647,18.883453],[-103.605837,18.882822],[-103.604737,18.882064],[-103.603749,18.881971],[-103.602823,18.881214],[-103.600606,18.881814],[-103.599274,18.882681],[-103.598499,18.883162],[-103.597445,18.883981],[-103.59686,18.884307],[-103.596401,18.883472],[-103.596173,18.882847],[-103.595716,18.881847],[-103.594615,18.881213],[-103.593748,18.88054],[-103.592824,18.879534],[-103.592016,18.878696],[-103.591092,18.877898],[-103.590222,18.877432],[-103.589763,18.876639],[-103.589012,18.875967],[-103.588843,18.875218],[-103.588968,18.874224],[-103.589153,18.873022],[-103.589571,18.87174],[-103.589814,18.870456],[-103.58988,18.869585],[-103.589715,18.86838],[-103.589085,18.867211],[-103.588569,18.866251],[-103.587527,18.865576],[-103.586479,18.865607],[-103.585651,18.865451],[-103.585938,18.892656],[-103.586317,18.904141],[-103.586425,18.907399],[-103.586796,18.918651],[-103.588219,18.961739],[-103.588256,18.962853],[-103.588355,18.965083],[-103.58835,18.965743],[-103.593266,18.974375],[-103.592619,18.975732],[-103.592268,18.976182],[-103.591377,18.979229],[-103.589268,18.982553],[-103.589537,18.985362],[-103.589514,18.988334],[-103.589262,18.99118],[-103.589201,18.991592],[-103.592414,18.995709],[-103.592638,19.004545],[-103.611408,19.004569],[-103.614661,19.004574],[-103.638984,19.004602],[-103.64436,19.004608],[-103.644358,19.004814],[-103.64427,19.004979],[-103.644182,19.005143],[-103.644064,19.005431],[-103.644003,19.005885],[-103.644,19.00638],[-103.644113,19.006752],[-103.644227,19.007084],[-103.644456,19.007333],[-103.644686,19.007583],[-103.644914,19.008163],[-103.644971,19.008329],[-103.645085,19.008578],[-103.645141,19.008867],[-103.645312,19.009158],[-103.645541,19.009531],[-103.645827,19.010029],[-103.646404,19.010406],[-103.647096,19.010825],[-103.647499,19.011159],[-103.647565,19.01123],[-103.647844,19.011533],[-103.648131,19.011908],[-103.648127,19.012527],[-103.648123,19.013022],[-103.647887,19.013639],[-103.647652,19.014174],[-103.647242,19.01483],[-103.647182,19.015078],[-103.647006,19.015406],[-103.646704,19.017137],[-103.646934,19.017387],[-103.647512,19.017516],[-103.648147,19.017893],[-103.648547,19.018557],[-103.648834,19.018973],[-103.649236,19.019431],[-103.649464,19.019969],[-103.649634,19.020507],[-103.649746,19.021128],[-103.649685,19.02154],[-103.649682,19.021994],[-103.6552,19.038071],[-103.667168,19.072926],[-103.671582,19.072847],[-103.671849,19.072843],[-103.681076,19.072678],[-103.681779,19.072678],[-103.701357,19.072651],[-103.726137,19.067046],[-103.751755,19.062394],[-103.768536,19.059345],[-103.774112,19.058331],[-103.781072,19.062353],[-103.781274,19.06247],[-103.782419,19.063131],[-103.782798,19.06335],[-103.785782,19.065074],[-103.807175,19.077433],[-103.807203,19.040922],[-103.821092,19.041091],[-103.843483,19.040906],[-103.844874,19.040905],[-103.859128,19.044818],[-103.862333,19.045698],[-103.860698,19.071714],[-103.860111,19.08105],[-103.860016,19.082551],[-103.859112,19.096923],[-103.858045,19.113898],[-103.881973,19.100677],[-103.883941,19.099589],[-103.884053,19.099527],[-103.888345,19.097155],[-103.888468,19.097087],[-103.890371,19.096036],[-103.894428,19.093784],[-103.895128,19.093396],[-103.895101,19.093009],[-103.894647,19.091395],[-103.894533,19.090939],[-103.894251,19.089822],[-103.894144,19.088376],[-103.893749,19.086803],[-103.894044,19.085938],[-103.894743,19.085405],[-103.895562,19.084212],[-103.896146,19.083555],[-103.896615,19.082691],[-103.896101,19.081407],[-103.895705,19.079876],[-103.896814,19.078644],[-103.897575,19.077492],[-103.897695,19.07679],[-103.897931,19.076172],[-103.898631,19.075433],[-103.898927,19.074444],[-103.899223,19.073413],[-103.899402,19.07267],[-103.900102,19.071973],[-103.900684,19.071605],[-103.901036,19.070863],[-103.901274,19.069956],[-103.901743,19.069092],[-103.902094,19.068474],[-103.902446,19.067898],[-103.903682,19.064849],[-103.903747,19.063775],[-103.903638,19.062535],[-103.903528,19.061626],[-103.903477,19.060593],[-103.903309,19.059559],[-103.904721,19.056181],[-103.905133,19.055109],[-103.905487,19.054244],[-103.906188,19.053257],[-103.906339,19.053111],[-103.907121,19.052354],[-103.907879,19.051615],[-103.908753,19.05096],[-103.909045,19.05059],[-103.908886,19.048069],[-103.909008,19.047161],[-103.90913,19.04617],[-103.909251,19.045386],[-103.909836,19.044481],[-103.910535,19.043866],[-103.911178,19.043003],[-103.911705,19.042056],[-103.912062,19.040654],[-103.9124,19.039995],[-103.912824,19.039171],[-103.913522,19.038721],[-103.91388,19.037154],[-103.912219,19.033838],[-103.911941,19.031936],[-103.911955,19.029664],[-103.912137,19.028426],[-103.912437,19.026734],[-103.911461,19.025323],[-103.911064,19.023875],[-103.911074,19.022305],[-103.910788,19.021601],[-103.909233,19.020021],[-103.909006,19.019276],[-103.909069,19.018492],[-103.90896,19.017458],[-103.908675,19.01663],[-103.908333,19.015636],[-103.908569,19.014977],[-103.909154,19.014113],[-103.909792,19.013952],[-103.910777,19.014041],[-103.912581,19.012772],[-103.912936,19.011617],[-103.913692,19.011126],[-103.91422,19.010014],[-103.91463,19.009397],[-103.914924,19.008614],[-103.91476,19.007044],[-103.914244,19.006173],[-103.913727,19.005343],[-103.913906,19.004518],[-103.914491,19.003654],[-103.914322,19.002827],[-103.914333,19.001092],[-103.914512,19.000267],[-103.914517,18.999399],[-103.914177,18.99824],[-103.913779,18.996957],[-103.91338,18.995839],[-103.913792,18.99485],[-103.914492,18.994029],[-103.914386,18.992417],[-103.914569,18.99089],[-103.915273,18.989531],[-103.915334,18.989035],[-103.914817,18.988247],[-103.914767,18.987049],[-103.914659,18.985768],[-103.914664,18.984817],[-103.915134,18.983829],[-103.915256,18.982797],[-103.915263,18.981682],[-103.915442,18.980856],[-103.914698,18.979406],[-103.914937,18.978085],[-103.915752,18.97743],[-103.916624,18.976981],[-103.917496,18.976491],[-103.918722,18.975011],[-103.91844,18.973729],[-103.917873,18.97166],[-103.917721,18.971272],[-103.917303,18.97021],[-103.917427,18.968806],[-103.917553,18.967113],[-103.917212,18.966037],[-103.916871,18.965043],[-103.917105,18.964632],[-103.917339,18.96422],[-103.917226,18.963806],[-103.917114,18.963103],[-103.917176,18.962567],[-103.91741,18.962196],[-103.91747,18.961742],[-103.917532,18.961123],[-103.917478,18.960544],[-103.917539,18.959884],[-103.917717,18.959348],[-103.918183,18.958772],[-103.919127,18.958063],[-103.918665,18.95576],[-103.918899,18.955348],[-103.919018,18.954853],[-103.919022,18.954233],[-103.918619,18.953776],[-103.918216,18.953402],[-103.918221,18.952535],[-103.918459,18.951586],[-103.919273,18.951013],[-103.919852,18.951058],[-103.920084,18.951018],[-103.920898,18.950486],[-103.922055,18.950741],[-103.92298,18.951078],[-103.923789,18.951331],[-103.924541,18.951542],[-103.925584,18.951507],[-103.926512,18.951265],[-103.927728,18.951355],[-103.928886,18.951321],[-103.930046,18.951081],[-103.930859,18.950838],[-103.931612,18.95076],[-103.932248,18.950971],[-103.932246,18.951343],[-103.932069,18.951796],[-103.931893,18.952249],[-103.931832,18.952662],[-103.932063,18.95287],[-103.932756,18.953205],[-103.93333,18.953993],[-103.934019,18.95503],[-103.93442,18.955859],[-103.934822,18.95644],[-103.935513,18.957147],[-103.936724,18.958063],[-103.937417,18.958398],[-103.938284,18.958651],[-103.938978,18.958821],[-103.940193,18.959035],[-103.941061,18.959164],[-103.942046,18.959088],[-103.94248,18.959168],[-103.942741,18.959216],[-103.944192,18.958647],[-103.945179,18.958322],[-103.945934,18.957997],[-103.9464,18.957504],[-103.946579,18.956679],[-103.94664,18.956059],[-103.946702,18.955481],[-103.94604,18.95486],[-103.945415,18.95442],[-103.945241,18.95342],[-103.945179,18.953203],[-103.945065,18.952804],[-103.944924,18.952467],[-103.944467,18.951378],[-103.944125,18.950467],[-103.943783,18.949597],[-103.943729,18.948853],[-103.943617,18.948191],[-103.944027,18.947492],[-103.944959,18.946589],[-103.945483,18.946137],[-103.94624,18.94544],[-103.946822,18.944906],[-103.947114,18.944495],[-103.947175,18.944041],[-103.947062,18.943545],[-103.947011,18.943521],[-103.945791,18.942958],[-103.945621,18.942461],[-103.945623,18.94209],[-103.945392,18.941964],[-103.945162,18.941632],[-103.944851,18.94126],[-103.944773,18.940948],[-103.944694,18.940626],[-103.944883,18.939937],[-103.944826,18.939647],[-103.944597,18.939191],[-103.943961,18.939105],[-103.943278,18.937035],[-103.943224,18.936332],[-103.943227,18.935923],[-103.943231,18.935717],[-103.943233,18.935511],[-103.943233,18.93545],[-103.943234,18.935372],[-103.943227,18.934845],[-103.943223,18.934647],[-103.943221,18.934335],[-103.943151,18.934082],[-103.943145,18.934057],[-103.942839,18.932942],[-103.942561,18.930958],[-103.942394,18.929841],[-103.942457,18.928933],[-103.942693,18.928273],[-103.943161,18.927409],[-103.943571,18.926668],[-103.944039,18.92601],[-103.943809,18.925595],[-103.94393,18.924769],[-103.943878,18.923736],[-103.943833,18.921588],[-103.943777,18.921257],[-103.942738,18.920713],[-103.9417,18.919922],[-103.940491,18.91884],[-103.939975,18.917887],[-103.939923,18.916813],[-103.937368,18.916341],[-103.934567,18.915824],[-103.924164,18.918201],[-103.923894,18.918179],[-103.921016,18.917939],[-103.921245,18.916563],[-103.921254,18.916511],[-103.921338,18.916005],[-103.921572,18.914597],[-103.921725,18.913673],[-103.921811,18.913158],[-103.921975,18.91217],[-103.922071,18.911588],[-103.924923,18.911564],[-103.925083,18.909862],[-103.92516,18.908935],[-103.925357,18.908372],[-103.926453,18.907524],[-103.927941,18.906451],[-103.928408,18.90571],[-103.929338,18.90522],[-103.929686,18.905016],[-103.930151,18.904812],[-103.930674,18.904526],[-103.931314,18.904035],[-103.931896,18.903543],[-103.932651,18.903093],[-103.933348,18.902767],[-103.933638,18.902645],[-103.934161,18.9024],[-103.934569,18.901948],[-103.934806,18.901082],[-103.935623,18.900013],[-103.936208,18.899025],[-103.936616,18.89845],[-103.937084,18.897667],[-103.937204,18.89709],[-103.937209,18.896098],[-103.929557,18.89762],[-103.929495,18.89824],[-103.929378,18.898569],[-103.929027,18.899104],[-103.928327,18.899885],[-103.927103,18.901364],[-103.927613,18.902628],[-103.927811,18.903118],[-103.927797,18.903161],[-103.927296,18.904736],[-103.923923,18.90481],[-103.922954,18.904831],[-103.91878,18.904922],[-103.918346,18.908344],[-103.915461,18.90822],[-103.915898,18.904774],[-103.914956,18.904726],[-103.914002,18.906437],[-103.912629,18.908901],[-103.911849,18.9103],[-103.91067,18.912377],[-103.910364,18.912915],[-103.909494,18.914449],[-103.911046,18.915581],[-103.91015,18.917111],[-103.912056,18.917997],[-103.91239,18.918152],[-103.912047,18.920555],[-103.905852,18.920985],[-103.904687,18.921058],[-103.904613,18.921188],[-103.904543,18.921318],[-103.904472,18.921445],[-103.904402,18.921573],[-103.904327,18.9217],[-103.904253,18.921828],[-103.904178,18.921955],[-103.904103,18.922087],[-103.904027,18.922217],[-103.903952,18.922347],[-103.903877,18.922477],[-103.903803,18.922605],[-103.90373,18.922735],[-103.903657,18.922865],[-103.903582,18.922997],[-103.903507,18.923127],[-103.90349,18.923155],[-103.903432,18.923255],[-103.903358,18.923382],[-103.903288,18.92351],[-103.903215,18.923642],[-103.903142,18.923772],[-103.90307,18.923902],[-103.902998,18.92403],[-103.902923,18.924158],[-103.902888,18.924219],[-103.902874,18.924245],[-103.90285,18.924287],[-103.90284,18.924305],[-103.902777,18.924415],[-103.902705,18.924545],[-103.902632,18.924672],[-103.902558,18.9248],[-103.902485,18.924928],[-103.90241,18.925058],[-103.902338,18.925187],[-103.902263,18.925315],[-103.902237,18.925361],[-103.902192,18.92544],[-103.902118,18.925567],[-103.902047,18.925695],[-103.902006,18.925766],[-103.901973,18.925823],[-103.901915,18.925927],[-103.9019,18.925953],[-103.901828,18.92608],[-103.901755,18.926208],[-103.901682,18.926337],[-103.901608,18.926465],[-103.901533,18.926593],[-103.90146,18.926722],[-103.901388,18.926848],[-103.901323,18.926978],[-103.901263,18.92711],[-103.901207,18.92724],[-103.90115,18.927372],[-103.901095,18.927505],[-103.901043,18.927642],[-103.900995,18.927778],[-103.900983,18.927815],[-103.900952,18.927913],[-103.90091,18.928048],[-103.90087,18.928185],[-103.900832,18.928325],[-103.900798,18.928463],[-103.900778,18.928555],[-103.900768,18.928602],[-103.900742,18.928743],[-103.900717,18.928887],[-103.900695,18.929027],[-103.900678,18.92917],[-103.900665,18.929312],[-103.900653,18.929455],[-103.90064,18.929598],[-103.900632,18.92974],[-103.900622,18.929882],[-103.900613,18.930025],[-103.900612,18.930049],[-103.900607,18.930165],[-103.900598,18.930307],[-103.900592,18.930448],[-103.900585,18.930592],[-103.900577,18.930737],[-103.900568,18.93088],[-103.900562,18.931025],[-103.900552,18.931175],[-103.900543,18.931322],[-103.900533,18.931468],[-103.900525,18.931615],[-103.900515,18.931765],[-103.900507,18.931913],[-103.900498,18.932062],[-103.900488,18.932213],[-103.90048,18.932362],[-103.90047,18.932512],[-103.90046,18.932662],[-103.90045,18.932813],[-103.90044,18.932965],[-103.900432,18.933117],[-103.900422,18.933272],[-103.900413,18.933427],[-103.900407,18.933582],[-103.900398,18.933735],[-103.90039,18.93389],[-103.900382,18.934043],[-103.900372,18.934195],[-103.900363,18.934348],[-103.900355,18.9345],[-103.900345,18.934653],[-103.900335,18.934807],[-103.900327,18.934958],[-103.900318,18.93511],[-103.90031,18.935262],[-103.9003,18.93541],[-103.900292,18.93556],[-103.900282,18.93571],[-103.900273,18.93586],[-103.900265,18.936012],[-103.900253,18.936162],[-103.900243,18.936312],[-103.900233,18.936462],[-103.900223,18.936613],[-103.900212,18.936763],[-103.900203,18.936913],[-103.900195,18.937065],[-103.900187,18.937215],[-103.900177,18.937365],[-103.900163,18.937515],[-103.900145,18.937663],[-103.900122,18.93781],[-103.900095,18.937955],[-103.90006,18.9381],[-103.900015,18.938242],[-103.899955,18.938378],[-103.899882,18.938507],[-103.899795,18.93863],[-103.899702,18.938747],[-103.899602,18.938853],[-103.899497,18.938952],[-103.899382,18.939048],[-103.899265,18.939135],[-103.899143,18.939215],[-103.899013,18.93929],[-103.898882,18.939353],[-103.898747,18.939408],[-103.898616,18.939457],[-103.898468,18.939502],[-103.898325,18.939537],[-103.898178,18.939567],[-103.898032,18.939592],[-103.897887,18.939613],[-103.89774,18.939637],[-103.897592,18.939657],[-103.897442,18.939677],[-103.897293,18.9397],[-103.897143,18.93972],[-103.896993,18.939743],[-103.896845,18.939765],[-103.8967,18.939787],[-103.896508,18.939825],[-103.896425,18.939839],[-103.896346,18.939852],[-103.896236,18.939872],[-103.896113,18.939893],[-103.895988,18.939913],[-103.895882,18.93993],[-103.895766,18.939948],[-103.895667,18.939964],[-103.895587,18.939976],[-103.895488,18.939987],[-103.895373,18.940001],[-103.895284,18.940014],[-103.895208,18.940021],[-103.895153,18.940025],[-103.8951,18.940026],[-103.895052,18.940025],[-103.895,18.940024],[-103.894909,18.940024],[-103.894859,18.939989],[-103.894813,18.939955],[-103.894758,18.939928],[-103.894703,18.939915],[-103.894658,18.939918],[-103.894608,18.939928],[-103.894574,18.939944],[-103.894543,18.939961],[-103.894514,18.939994],[-103.89449,18.940035],[-103.894468,18.940095],[-103.89446,18.940149],[-103.894457,18.940186],[-103.894451,18.940214],[-103.89444,18.940233],[-103.894424,18.940247],[-103.894405,18.940254],[-103.894364,18.940262],[-103.894195,18.940326],[-103.893788,18.940486],[-103.893378,18.940642],[-103.892673,18.940902],[-103.891976,18.941172],[-103.891891,18.941204],[-103.891755,18.941265],[-103.89162,18.941335],[-103.891494,18.941408],[-103.891376,18.941487],[-103.891266,18.941573],[-103.891161,18.941666],[-103.891062,18.941764],[-103.890964,18.941866],[-103.890867,18.941967],[-103.890768,18.942066],[-103.890664,18.942167],[-103.890558,18.94227],[-103.890446,18.942372],[-103.890337,18.942473],[-103.890225,18.942574],[-103.890118,18.942675],[-103.890014,18.942777],[-103.889911,18.942878],[-103.889809,18.942983],[-103.889706,18.943083],[-103.889598,18.94318],[-103.889484,18.943281],[-103.88938,18.943381],[-103.889279,18.943483],[-103.889217,18.943542],[-103.889171,18.94358],[-103.889125,18.943619],[-103.88908,18.943648],[-103.889028,18.943681],[-103.888971,18.94371],[-103.888903,18.943745],[-103.888852,18.943767],[-103.888798,18.943787],[-103.888758,18.9438],[-103.888613,18.943827],[-103.888513,18.943834],[-103.888442,18.94384],[-103.888225,18.944467],[-103.888146,18.944772],[-103.887592,18.945173],[-103.88631,18.948565],[-103.886715,18.948815],[-103.886586,18.949442],[-103.886306,18.950843],[-103.880624,18.955181],[-103.87945,18.956078],[-103.867553,18.941719],[-103.867155,18.94124],[-103.866773,18.940784],[-103.868671,18.940582],[-103.868459,18.938802],[-103.86887,18.936194],[-103.866966,18.935848],[-103.867575,18.934097],[-103.867603,18.934017],[-103.868363,18.930488],[-103.868367,18.930462],[-103.86838,18.93039],[-103.868392,18.93032],[-103.868403,18.93025],[-103.868417,18.93018],[-103.86843,18.93011],[-103.868443,18.930038],[-103.868457,18.929968],[-103.86847,18.929897],[-103.868482,18.929825],[-103.868493,18.929753],[-103.868507,18.929683],[-103.868562,18.929377],[-103.868646,18.928916],[-103.868668,18.928793],[-103.868682,18.928722],[-103.868689,18.928686],[-103.868697,18.92865],[-103.86871,18.928578],[-103.868725,18.928507],[-103.868738,18.928437],[-103.868752,18.928368],[-103.868767,18.928302],[-103.868782,18.928237],[-103.868795,18.928177],[-103.868812,18.928113],[-103.868825,18.928068],[-103.86883,18.92805],[-103.868852,18.927992],[-103.868873,18.927935],[-103.868895,18.92788],[-103.868906,18.927852],[-103.868917,18.927823],[-103.868938,18.927767],[-103.868962,18.927707],[-103.868973,18.927676],[-103.868985,18.927645],[-103.869008,18.927583],[-103.869032,18.927522],[-103.869055,18.92746],[-103.869064,18.927436],[-103.869078,18.927398],[-103.869102,18.927337],[-103.869123,18.927273],[-103.869135,18.927242],[-103.869147,18.927212],[-103.869214,18.927022],[-103.869571,18.926011],[-103.869637,18.925804],[-103.869816,18.925389],[-103.870265,18.92424],[-103.870567,18.923506],[-103.870975,18.922551],[-103.871352,18.921789],[-103.871411,18.92166],[-103.871614,18.921217],[-103.871769,18.920875],[-103.871866,18.92066],[-103.87201,18.920337],[-103.872062,18.92022],[-103.872116,18.920095],[-103.872187,18.919934],[-103.872297,18.919681],[-103.872346,18.918664],[-103.870619,18.918302],[-103.869058,18.917969],[-103.868357,18.917821],[-103.867204,18.917573],[-103.866145,18.917345],[-103.866157,18.916844],[-103.866158,18.916644],[-103.866157,18.916397],[-103.866162,18.915948],[-103.866165,18.91541],[-103.86472,18.915218],[-103.864737,18.914752],[-103.863701,18.914669],[-103.86294,18.914582],[-103.862041,18.914492],[-103.862091,18.91416],[-103.862151,18.913787],[-103.860893,18.913619],[-103.859892,18.91347],[-103.859111,18.913368],[-103.859047,18.91335],[-103.859047,18.913319],[-103.859047,18.912825],[-103.859051,18.912752],[-103.859052,18.912492],[-103.859054,18.911981],[-103.859055,18.9119],[-103.859056,18.911125],[-103.859057,18.911043],[-103.859058,18.910807],[-103.859058,18.910729],[-103.859059,18.910635],[-103.859059,18.910602],[-103.859058,18.910569],[-103.85639,18.910304],[-103.855082,18.910169],[-103.855139,18.909363],[-103.855141,18.909338],[-103.854442,18.909263],[-103.854135,18.909163],[-103.854142,18.909132],[-103.854153,18.90908],[-103.854167,18.909028],[-103.854177,18.908992],[-103.854183,18.908967],[-103.854192,18.908945],[-103.854203,18.908913],[-103.854222,18.908867],[-103.854248,18.9088],[-103.85428,18.90872],[-103.854318,18.908623],[-103.854365,18.908512],[-103.854418,18.908388],[-103.854478,18.908253],[-103.854538,18.908117],[-103.8546,18.907978],[-103.854662,18.90784],[-103.85467,18.90782],[-103.854687,18.907783],[-103.854722,18.907705],[-103.854783,18.907572],[-103.854843,18.90744],[-103.854875,18.90737],[-103.854854,18.907357],[-103.854814,18.907331],[-103.854774,18.907306],[-103.854748,18.90729],[-103.85473,18.907277],[-103.854707,18.907263],[-103.854682,18.907247],[-103.854652,18.907227],[-103.854618,18.907205],[-103.854585,18.907182],[-103.85455,18.907158],[-103.854513,18.907133],[-103.85448,18.907112],[-103.854448,18.907092],[-103.854417,18.90707],[-103.854387,18.907048],[-103.854355,18.907027],[-103.854322,18.907003],[-103.854287,18.906978],[-103.85425,18.906952],[-103.85421,18.906923],[-103.85417,18.906895],[-103.854128,18.906868],[-103.854092,18.906847],[-103.854055,18.906822],[-103.854018,18.906795],[-103.853983,18.90677],[-103.853952,18.906748],[-103.853922,18.906727],[-103.853893,18.906702],[-103.85386,18.906677],[-103.853825,18.906653],[-103.853787,18.906627],[-103.853747,18.906598],[-103.853707,18.906572],[-103.853667,18.906547],[-103.853628,18.90652],[-103.853588,18.906493],[-103.853548,18.906465],[-103.85351,18.906438],[-103.853473,18.906412],[-103.853438,18.906387],[-103.853403,18.906363],[-103.853372,18.906342],[-103.853342,18.906322],[-103.853315,18.906303],[-103.85329,18.906285],[-103.853267,18.90627],[-103.853245,18.906255],[-103.853225,18.90624],[-103.853205,18.906227],[-103.853187,18.906212],[-103.853168,18.906198],[-103.853153,18.906187],[-103.853138,18.906175],[-103.853097,18.906143],[-103.853052,18.906113],[-103.853035,18.906102],[-103.853015,18.90609],[-103.852995,18.906077],[-103.852972,18.906062],[-103.852947,18.906043],[-103.852917,18.906022],[-103.852885,18.905997],[-103.852855,18.905972],[-103.852827,18.90595],[-103.852805,18.90593],[-103.852783,18.905912],[-103.85276,18.905892],[-103.852732,18.905868],[-103.852702,18.905842],[-103.852668,18.905815],[-103.852635,18.905787],[-103.852603,18.905758],[-103.852578,18.905735],[-103.852553,18.905713],[-103.852532,18.905693],[-103.85251,18.905675],[-103.852487,18.905653],[-103.852463,18.905633],[-103.852358,18.905604],[-103.851574,18.904756],[-103.846763,18.903776],[-103.844866,18.903389],[-103.843939,18.903224],[-103.840357,18.902584],[-103.838609,18.902258],[-103.840574,18.900248],[-103.841065,18.900141],[-103.840726,18.8989],[-103.839398,18.898271],[-103.839345,18.897527],[-103.841699,18.891801],[-103.841447,18.891421],[-103.841005,18.890753],[-103.838943,18.889613],[-103.839437,18.88908],[-103.839466,18.889049],[-103.839494,18.889018],[-103.840132,18.888329],[-103.840756,18.887646],[-103.840811,18.887586],[-103.841634,18.886684],[-103.842519,18.885714],[-103.844135,18.883943],[-103.8442,18.883883],[-103.845001,18.883131],[-103.84801,18.88031],[-103.848425,18.880029],[-103.848724,18.879827],[-103.849601,18.878859],[-103.853039,18.875063],[-103.852561,18.874582],[-103.848484,18.870483],[-103.850473,18.869015],[-103.850617,18.864637],[-103.850909,18.864308],[-103.851836,18.864232],[-103.854678,18.863301],[-103.855087,18.862725],[-103.85539,18.860662],[-103.854912,18.859419],[-103.852714,18.853703],[-103.852832,18.853291],[-103.855798,18.851245],[-103.860418,18.852929],[-103.866748,18.849789],[-103.868252,18.840835],[-103.871569,18.838006],[-103.872044,18.837502],[-103.872477,18.837043],[-103.87252,18.836997],[-103.887384,18.821221],[-103.890564,18.817846],[-103.893491,18.812495],[-103.894744,18.810626]]]}},{"type":"Feature","properties":{"distrito_l":13},"geometry":{"type":"MultiPolygon","coordinates":[[[[-111.011379,18.835364],[-111.012235,18.836362],[-111.012591,18.834755],[-111.011221,18.833009],[-111.011755,18.830412],[-111.013137,18.8303],[-111.013488,18.829436],[-111.01298,18.827821],[-111.014364,18.827462],[-111.019905,18.824661],[-111.023694,18.826056],[-111.026276,18.827194],[-111.028702,18.825728],[-111.029064,18.82313],[-111.029939,18.821156],[-111.032866,18.82242],[-111.035112,18.822068],[-111.037353,18.822582],[-111.038243,18.818131],[-111.040314,18.818272],[-111.041184,18.817165],[-111.040853,18.814933],[-111.043094,18.815324],[-111.045701,18.812373],[-111.046919,18.810897],[-111.049165,18.810421],[-111.048656,18.809054],[-111.046584,18.80916],[-111.045729,18.807914],[-111.044883,18.805182],[-111.046626,18.802472],[-111.044385,18.801957],[-111.043361,18.80009],[-111.042171,18.797231],[-111.04218,18.795868],[-111.045294,18.794657],[-111.047357,18.795913],[-111.048921,18.794192],[-111.046686,18.79281],[-111.051364,18.789878],[-111.054484,18.787675],[-111.05571,18.784713],[-111.057456,18.781507],[-111.05574,18.779882],[-111.053485,18.781721],[-111.052279,18.781463],[-111.050213,18.780702],[-111.049167,18.782427],[-111.049679,18.783298],[-111.048638,18.784157],[-111.048109,18.78601],[-111.045169,18.786976],[-111.042929,18.786461],[-111.041038,18.785206],[-111.039488,18.784821],[-111.036706,18.788017],[-111.035677,18.787017],[-111.036032,18.785534],[-111.034657,18.784531],[-111.035017,18.782181],[-111.033644,18.781054],[-111.031236,18.779794],[-111.02883,18.778287],[-111.029525,18.777426],[-111.029364,18.77569],[-111.026082,18.776157],[-111.023664,18.776507],[-111.022812,18.774765],[-111.023175,18.772043],[-111.024225,18.769699],[-111.022504,18.768941],[-111.020609,18.768429],[-111.019942,18.76483],[-111.016317,18.765046],[-111.015462,18.763924],[-111.017024,18.762451],[-111.018924,18.76222],[-111.018936,18.760362],[-111.017913,18.758495],[-111.017408,18.756508],[-111.015005,18.754505],[-111.01396,18.755982],[-111.012914,18.757584],[-111.011707,18.757449],[-111.009992,18.755823],[-111.010522,18.75397],[-111.009497,18.752474],[-111.008285,18.753083],[-111.006563,18.752448],[-111.004132,18.754904],[-111.002392,18.756994],[-111.000148,18.757098],[-110.997918,18.75522],[-110.994644,18.754448],[-110.990855,18.753423],[-110.988794,18.751917],[-110.989513,18.747588],[-110.988151,18.74485],[-110.985403,18.742967],[-110.982993,18.742078],[-110.981947,18.743679],[-110.980039,18.745149],[-110.971774,18.742596],[-110.971609,18.74148],[-110.968854,18.740587],[-110.967483,18.739212],[-110.965761,18.738701],[-110.964563,18.737327],[-110.965283,18.732874],[-110.964253,18.732121],[-110.963369,18.73521],[-110.961644,18.735194],[-110.959069,18.733188],[-110.961328,18.730855],[-110.959435,18.730218],[-110.958061,18.729339],[-110.957284,18.729269],[-110.956509,18.7292],[-110.956343,18.728208],[-110.957387,18.726978],[-110.958952,18.725135],[-110.957926,18.723886],[-110.958798,18.722532],[-110.957782,18.719673],[-110.952975,18.71616],[-110.951763,18.716892],[-110.948823,18.717855],[-110.949327,18.719842],[-110.950176,18.721832],[-110.950679,18.723819],[-110.948954,18.723803],[-110.94724,18.722177],[-110.945691,18.721667],[-110.943456,18.720531],[-110.941555,18.720885],[-110.941196,18.722864],[-110.941186,18.724351],[-110.942037,18.726093],[-110.941508,18.727699],[-110.939782,18.727683],[-110.937201,18.726668],[-110.93496,18.726399],[-110.932548,18.725881],[-110.929098,18.725848],[-110.92702,18.72682],[-110.92563,18.72817],[-110.923732,18.728152],[-110.921312,18.728749],[-110.920603,18.731468],[-110.920237,18.734438],[-110.919526,18.737281],[-110.91882,18.739504],[-110.918635,18.741361],[-110.918101,18.743586],[-110.91757,18.745439],[-110.916858,18.74853],[-110.916668,18.751006],[-110.916127,18.754346],[-110.91748,18.7582],[-110.918657,18.762671],[-110.920191,18.765287],[-110.920343,18.768262],[-110.919117,18.770852],[-110.918066,18.773073],[-110.917012,18.775665],[-110.915447,18.777261],[-110.913888,18.778113],[-110.913535,18.779101],[-110.91215,18.779708],[-110.910084,18.778945],[-110.908531,18.77893],[-110.91059,18.780684],[-110.913174,18.781452],[-110.913852,18.783193],[-110.914713,18.783449],[-110.914357,18.785056],[-110.916079,18.785568],[-110.916738,18.790034],[-110.917419,18.791403],[-110.917038,18.796479],[-110.915983,18.799319],[-110.918038,18.801568],[-110.919576,18.803813],[-110.921812,18.805072],[-110.9237,18.806577],[-110.926085,18.811183],[-110.928676,18.810959],[-110.929185,18.812326],[-110.93056,18.813206],[-110.930545,18.815312],[-110.930191,18.816548],[-110.930693,18.818907],[-110.93173,18.818792],[-110.932765,18.818926],[-110.933776,18.822528],[-110.935158,18.822417],[-110.935662,18.824404],[-110.937396,18.823304],[-110.939109,18.825302],[-110.938923,18.827283],[-110.937365,18.827888],[-110.939749,18.832742],[-110.941299,18.833251],[-110.940599,18.834608],[-110.941109,18.835851],[-110.942488,18.836112],[-110.944731,18.83638],[-110.944719,18.838114],[-110.944537,18.839599],[-110.946254,18.840977],[-110.947804,18.841487],[-110.94971,18.840513],[-110.951628,18.837805],[-110.953523,18.838318],[-110.954568,18.837088],[-110.959893,18.841101],[-110.958849,18.84233],[-110.961938,18.845207],[-110.963469,18.848566],[-110.965363,18.84945],[-110.966382,18.851937],[-110.968962,18.853447],[-110.969467,18.855433],[-110.973793,18.853985],[-110.974997,18.854739],[-110.976896,18.854756],[-110.976715,18.855994],[-110.978777,18.857622],[-110.977557,18.859346],[-110.97788,18.862694],[-110.979258,18.863201],[-110.980482,18.860858],[-110.981862,18.861118],[-110.98237,18.862733],[-110.98514,18.861519],[-110.98807,18.862412],[-110.990487,18.862433],[-110.99256,18.862204],[-110.994464,18.861601],[-110.995323,18.862228],[-110.99601,18.862854],[-110.997227,18.861502],[-110.999475,18.860902],[-110.99812,18.856802],[-110.998659,18.853586],[-111.000896,18.85472],[-111.002632,18.853249],[-111.005572,18.852532],[-111.005592,18.849311],[-111.008363,18.848096],[-111.009767,18.844392],[-111.007889,18.841155],[-111.009277,18.840053],[-111.008608,18.836702],[-111.011379,18.835364]]],[[[-104.296888,19.013443],[-104.296868,19.013539],[-104.296158,19.01693],[-104.296147,19.016984],[-104.29614,19.017018],[-104.296082,19.017267],[-104.295708,19.018885],[-104.295678,19.018967],[-104.293792,19.018582],[-104.293802,19.018646],[-104.295176,19.025124],[-104.295226,19.025357],[-104.297403,19.026091],[-104.29881,19.026565],[-104.299071,19.02674],[-104.300656,19.027098],[-104.301742,19.027273],[-104.301912,19.027377],[-104.302086,19.027329],[-104.302594,19.027607],[-104.302828,19.027665],[-104.303081,19.027639],[-104.303167,19.02775],[-104.30367,19.027776],[-104.304264,19.027971],[-104.304617,19.028022],[-104.304772,19.027944],[-104.306458,19.02849],[-104.306845,19.028658],[-104.307063,19.028721],[-104.307619,19.028764],[-104.307845,19.028821],[-104.308328,19.028906],[-104.308514,19.028798],[-104.308664,19.028756],[-104.309037,19.028742],[-104.30946,19.028721],[-104.309559,19.028691],[-104.309657,19.028637],[-104.309937,19.028741],[-104.310201,19.028839],[-104.310394,19.028914],[-104.310711,19.028947],[-104.311647,19.029263],[-104.31199,19.029358],[-104.312334,19.029452],[-104.312618,19.029391],[-104.312782,19.029425],[-104.31315,19.029452],[-104.313558,19.029478],[-104.313701,19.029458],[-104.313848,19.029421],[-104.314191,19.029378],[-104.31421,19.029253],[-104.314271,19.029185],[-104.314349,19.029267],[-104.314373,19.029508],[-104.314368,19.029736],[-104.314446,19.029984],[-104.31447,19.030348],[-104.314447,19.030691],[-104.314474,19.031106],[-104.314629,19.032703],[-104.314801,19.03281],[-104.314806,19.033017],[-104.315026,19.033357],[-104.315312,19.033631],[-104.315165,19.033873],[-104.314879,19.03775],[-104.314763,19.040198],[-104.314738,19.043385],[-104.314472,19.045831],[-104.314518,19.046509],[-104.314427,19.047075],[-104.314398,19.047238],[-104.314321,19.047396],[-104.314189,19.047593],[-104.314035,19.04796],[-104.313872,19.048163],[-104.313583,19.048444],[-104.313301,19.048563],[-104.312992,19.048633],[-104.312744,19.048648],[-104.312352,19.048764],[-104.3121,19.048839],[-104.311931,19.048889],[-104.311828,19.04892],[-104.311191,19.04912],[-104.310909,19.048934],[-104.309338,19.048184],[-104.30794,19.047977],[-104.30749,19.047911],[-104.306087,19.047703],[-104.306016,19.047796],[-104.305917,19.047799],[-104.30581,19.047785],[-104.305696,19.047737],[-104.305581,19.047702],[-104.305535,19.047697],[-104.30549,19.047693],[-104.305358,19.047704],[-104.305318,19.04764],[-104.30527,19.047564],[-104.304907,19.047557],[-104.304807,19.047568],[-104.304525,19.047628],[-104.304059,19.04755],[-104.302682,19.047321],[-104.302174,19.04716],[-104.301623,19.04707],[-104.301294,19.047085],[-104.301135,19.047093],[-104.299527,19.046594],[-104.299217,19.046411],[-104.299041,19.046437],[-104.298944,19.046451],[-104.298819,19.046514],[-104.298735,19.046591],[-104.298504,19.046974],[-104.298298,19.047324],[-104.297794,19.047753],[-104.297317,19.048038],[-104.296775,19.048309],[-104.296693,19.048301],[-104.296142,19.048552],[-104.295636,19.048699],[-104.295124,19.048701],[-104.294662,19.048679],[-104.29421,19.048591],[-104.293576,19.048486],[-104.292327,19.048198],[-104.291248,19.048071],[-104.290525,19.047932],[-104.289731,19.047955],[-104.289665,19.047954],[-104.288269,19.048004],[-104.287393,19.047664],[-104.286447,19.047068],[-104.286026,19.046705],[-104.285969,19.046632],[-104.285929,19.046572],[-104.285776,19.046405],[-104.285323,19.045576],[-104.284478,19.044149],[-104.284218,19.04394],[-104.283813,19.043538],[-104.28337,19.043018],[-104.282803,19.042514],[-104.281949,19.041867],[-104.281369,19.041586],[-104.280116,19.041095],[-104.279795,19.041075],[-104.279671,19.04106],[-104.279523,19.04105],[-104.27938,19.041191],[-104.279285,19.041366],[-104.278823,19.042924],[-104.278889,19.043332],[-104.279112,19.043704],[-104.279088,19.044071],[-104.279167,19.044236],[-104.279182,19.044329],[-104.279211,19.044412],[-104.279259,19.044551],[-104.279353,19.044817],[-104.279903,19.044973],[-104.280709,19.045488],[-104.281203,19.045977],[-104.28137,19.046256],[-104.281548,19.046863],[-104.281652,19.047015],[-104.281992,19.047324],[-104.281999,19.047383],[-104.282005,19.047501],[-104.281877,19.048082],[-104.281747,19.048395],[-104.281457,19.048821],[-104.281178,19.049117],[-104.280635,19.049421],[-104.28027,19.049492],[-104.280097,19.049502],[-104.279445,19.049482],[-104.279391,19.049472],[-104.279454,19.048978],[-104.278149,19.048754],[-104.277587,19.048682],[-104.275641,19.048504],[-104.272692,19.047252],[-104.272743,19.046677],[-104.271532,19.046251],[-104.271135,19.045791],[-104.269901,19.047382],[-104.267064,19.04952],[-104.266901,19.049643],[-104.267136,19.049862],[-104.267518,19.050188],[-104.268001,19.050694],[-104.268294,19.051081],[-104.26831,19.051108],[-104.268423,19.051309],[-104.268587,19.051704],[-104.268795,19.052457],[-104.268798,19.052485],[-104.268866,19.053201],[-104.268864,19.053619],[-104.268777,19.053982],[-104.268711,19.054272],[-104.268642,19.054552],[-104.268618,19.054755],[-104.268619,19.054986],[-104.268707,19.055291],[-104.268889,19.055555],[-104.269166,19.055984],[-104.269415,19.056355],[-104.269572,19.056623],[-104.269774,19.05731],[-104.269841,19.057606],[-104.269939,19.057961],[-104.269999,19.058443],[-104.270187,19.060003],[-104.270077,19.060503],[-104.269951,19.060929],[-104.269778,19.061459],[-104.269605,19.062017],[-104.269433,19.062619],[-104.26937,19.06331],[-104.269436,19.064248],[-104.270055,19.068076],[-104.270076,19.068205],[-104.270117,19.068538],[-104.270162,19.069083],[-104.270226,19.069852],[-104.270745,19.076099],[-104.270737,19.076415],[-104.270704,19.07677],[-104.270622,19.077097],[-104.270443,19.077354],[-104.270027,19.077805],[-104.269886,19.077957],[-104.269823,19.078025],[-104.269685,19.078169],[-104.269608,19.078242],[-104.269522,19.078324],[-104.269356,19.078483],[-104.269237,19.078598],[-104.269195,19.07864],[-104.269052,19.078784],[-104.26892,19.078918],[-104.268796,19.079044],[-104.268703,19.079143],[-104.268576,19.079288],[-104.268317,19.079586],[-104.268165,19.079842],[-104.268069,19.080184],[-104.267998,19.080434],[-104.267639,19.082233],[-104.267625,19.082371],[-104.267636,19.082516],[-104.267986,19.084382],[-104.268409,19.084383],[-104.268456,19.08486],[-104.268506,19.085207],[-104.268532,19.085413],[-104.268547,19.085554],[-104.268589,19.085863],[-104.268616,19.086088],[-104.268646,19.0863],[-104.268666,19.086399],[-104.268674,19.086433],[-104.268682,19.086464],[-104.26871,19.086571],[-104.268751,19.086704],[-104.268779,19.086778],[-104.268799,19.08683],[-104.268826,19.086903],[-104.268836,19.086928],[-104.268858,19.086976],[-104.26888,19.087028],[-104.268931,19.087135],[-104.269012,19.087268],[-104.269047,19.087322],[-104.269112,19.087408],[-104.269168,19.087477],[-104.269226,19.087548],[-104.269273,19.087602],[-104.269313,19.087647],[-104.269393,19.087726],[-104.269494,19.08782],[-104.269682,19.087989],[-104.269762,19.08806],[-104.27001,19.088305],[-104.270157,19.08845],[-104.270348,19.088627],[-104.270497,19.088764],[-104.270673,19.088926],[-104.270952,19.089181],[-104.27114,19.089354],[-104.271214,19.089425],[-104.27138,19.089584],[-104.271497,19.089694],[-104.27162,19.08981],[-104.271859,19.09003],[-104.272397,19.090525],[-104.272707,19.090818],[-104.273106,19.091189],[-104.273535,19.09159],[-104.273686,19.091734],[-104.273834,19.091878],[-104.273947,19.091999],[-104.274045,19.092112],[-104.274157,19.09224],[-104.274272,19.092371],[-104.274392,19.092496],[-104.274601,19.092721],[-104.274756,19.092906],[-104.275719,19.094096],[-104.276503,19.095074],[-104.276783,19.095428],[-104.277124,19.095852],[-104.27727,19.096034],[-104.27745,19.096276],[-104.27753,19.096375],[-104.277637,19.096507],[-104.277743,19.096638],[-104.277853,19.096767],[-104.27797,19.096893],[-104.278031,19.096954],[-104.278092,19.097015],[-104.27822,19.097133],[-104.278353,19.097245],[-104.278493,19.09735],[-104.278638,19.097448],[-104.278788,19.09754],[-104.278943,19.097627],[-104.279103,19.097705],[-104.279268,19.097777],[-104.279437,19.097842],[-104.279607,19.097902],[-104.27978,19.097955],[-104.279957,19.098003],[-104.280132,19.09805],[-104.280307,19.098098],[-104.280482,19.098147],[-104.280657,19.098193],[-104.280832,19.09824],[-104.281005,19.098287],[-104.28118,19.098332],[-104.281353,19.098377],[-104.281527,19.098423],[-104.2817,19.098468],[-104.281875,19.098515],[-104.282048,19.09856],[-104.282223,19.098607],[-104.282397,19.098652],[-104.282572,19.098698],[-104.282745,19.098743],[-104.28292,19.098787],[-104.283095,19.098827],[-104.28327,19.098863],[-104.283445,19.098895],[-104.283532,19.098907],[-104.28362,19.09892],[-104.283795,19.098938],[-104.283972,19.09895],[-104.284147,19.098955],[-104.284322,19.098957],[-104.284495,19.098955],[-104.284667,19.09895],[-104.284838,19.098942],[-104.284939,19.098934],[-104.285008,19.098928],[-104.285178,19.098912],[-104.285302,19.098898],[-104.285348,19.098893],[-104.28552,19.098873],[-104.285692,19.098853],[-104.285865,19.098833],[-104.28604,19.098815],[-104.286218,19.098797],[-104.2864,19.098778],[-104.286583,19.098758],[-104.28677,19.098737],[-104.286957,19.098715],[-104.287147,19.098693],[-104.287337,19.098672],[-104.287528,19.098652],[-104.28772,19.09863],[-104.287912,19.098607],[-104.288103,19.098585],[-104.288293,19.098562],[-104.288485,19.098542],[-104.288677,19.098522],[-104.288868,19.098503],[-104.28906,19.098487],[-104.289252,19.098473],[-104.289348,19.098469],[-104.289443,19.098465],[-104.289637,19.098465],[-104.28983,19.09847],[-104.290022,19.09848],[-104.290212,19.098498],[-104.290402,19.09852],[-104.290592,19.09855],[-104.290778,19.098585],[-104.290963,19.098627],[-104.291147,19.098677],[-104.291327,19.098732],[-104.291505,19.098795],[-104.29168,19.098863],[-104.291852,19.098937],[-104.29202,19.099013],[-104.292187,19.099097],[-104.292348,19.099183],[-104.292508,19.099277],[-104.292667,19.099375],[-104.292822,19.099478],[-104.292977,19.099582],[-104.293132,19.099687],[-104.293287,19.099793],[-104.29344,19.099902],[-104.293592,19.10001],[-104.293743,19.100115],[-104.293867,19.100203],[-104.29456,19.09925],[-104.295061,19.098319],[-104.295558,19.097396],[-104.29565,19.097224],[-104.29621,19.096184],[-104.296547,19.095557],[-104.297061,19.09519],[-104.297464,19.094903],[-104.297599,19.094806],[-104.298035,19.094495],[-104.298313,19.094297],[-104.298525,19.094145],[-104.298635,19.094067],[-104.29903,19.093785],[-104.299228,19.093644],[-104.29953,19.093428],[-104.300917,19.092439],[-104.30104,19.092464],[-104.30146,19.092242],[-104.302,19.091879],[-104.30206,19.091836],[-104.302961,19.091169],[-104.303004,19.091136],[-104.306138,19.088813],[-104.304276,19.086565],[-104.30409,19.08634],[-104.303683,19.086051],[-104.303278,19.085701],[-104.302569,19.086442],[-104.302248,19.086561],[-104.301653,19.087175],[-104.301612,19.087231],[-104.301579,19.087227],[-104.301488,19.087206],[-104.301186,19.086891],[-104.300989,19.086459],[-104.300699,19.085822],[-104.300456,19.085592],[-104.299583,19.084665],[-104.299473,19.084496],[-104.299119,19.083948],[-104.297772,19.082242],[-104.296922,19.081788],[-104.296224,19.081548],[-104.295892,19.081468],[-104.295659,19.081392],[-104.295326,19.081192],[-104.295026,19.081077],[-104.294909,19.080976],[-104.294784,19.080904],[-104.294644,19.080297],[-104.294005,19.080422],[-104.293418,19.080422],[-104.293019,19.080422],[-104.292288,19.080879],[-104.291854,19.08115],[-104.29136,19.080623],[-104.291994,19.080107],[-104.292029,19.079639],[-104.291744,19.079343],[-104.291639,19.07923],[-104.291249,19.078813],[-104.291005,19.078552],[-104.290763,19.078396],[-104.290713,19.078351],[-104.290619,19.078125],[-104.290776,19.076855],[-104.290993,19.075113],[-104.291238,19.073142],[-104.292342,19.064263],[-104.29236,19.06412],[-104.294454,19.064151],[-104.294592,19.06137],[-104.29464,19.060404],[-104.294684,19.058693],[-104.298233,19.057566],[-104.298495,19.057663],[-104.299994,19.061838],[-104.300624,19.061674],[-104.300732,19.061663],[-104.300826,19.061514],[-104.304473,19.060854],[-104.304576,19.060646],[-104.304513,19.060494],[-104.304348,19.060491],[-104.304102,19.0604],[-104.30394,19.059859],[-104.303984,19.059722],[-104.304112,19.059535],[-104.304462,19.059004],[-104.304545,19.058967],[-104.304839,19.058756],[-104.305041,19.05857],[-104.305378,19.058229],[-104.305658,19.057923],[-104.305681,19.057907],[-104.305721,19.057878],[-104.305766,19.057846],[-104.305858,19.05778],[-104.306301,19.05752],[-104.306742,19.057379],[-104.307106,19.057347],[-104.307422,19.057228],[-104.307816,19.056928],[-104.308362,19.05608],[-104.309675,19.054881],[-104.309925,19.055174],[-104.310418,19.054902],[-104.310444,19.054881],[-104.310468,19.05486],[-104.310514,19.054822],[-104.310611,19.054742],[-104.310763,19.054595],[-104.310708,19.054462],[-104.310868,19.054295],[-104.310861,19.054223],[-104.310944,19.054192],[-104.311323,19.054232],[-104.311325,19.054173],[-104.311382,19.054194],[-104.31138,19.054286],[-104.31143,19.054293],[-104.31149,19.05415],[-104.311573,19.054159],[-104.311582,19.054106],[-104.312445,19.054179],[-104.312513,19.054184],[-104.312561,19.054257],[-104.312645,19.054207],[-104.313031,19.054321],[-104.313146,19.054355],[-104.313196,19.05469],[-104.313086,19.054839],[-104.312961,19.054875],[-104.312893,19.054972],[-104.31295,19.055006],[-104.313076,19.054917],[-104.313083,19.054983],[-104.313175,19.054952],[-104.313218,19.054835],[-104.313268,19.054803],[-104.313317,19.054863],[-104.313425,19.0548],[-104.313402,19.054721],[-104.31353,19.054907],[-104.31366,19.055021],[-104.3136,19.055551],[-104.313682,19.055559],[-104.313724,19.055134],[-104.313866,19.055051],[-104.31381,19.054965],[-104.313703,19.054963],[-104.313671,19.054923],[-104.313732,19.054734],[-104.313876,19.054566],[-104.314232,19.054547],[-104.314272,19.054587],[-104.314355,19.054576],[-104.314429,19.054577],[-104.314438,19.054532],[-104.314587,19.054528],[-104.314434,19.057109],[-104.314799,19.057135],[-104.31516,19.057163],[-104.31528,19.054936],[-104.317661,19.055542],[-104.317826,19.055584],[-104.318068,19.055904],[-104.318073,19.056822],[-104.317477,19.057308],[-104.317403,19.057287],[-104.317193,19.057447],[-104.31725,19.05752],[-104.317065,19.057661],[-104.317008,19.057607],[-104.316815,19.05778],[-104.316879,19.057847],[-104.316654,19.05798],[-104.316605,19.057933],[-104.316395,19.058119],[-104.316525,19.05824],[-104.316608,19.058209],[-104.316573,19.0583],[-104.316641,19.058374],[-104.31671,19.058447],[-104.316886,19.058306],[-104.316806,19.058193],[-104.317032,19.058034],[-104.31713,19.058095],[-104.317282,19.057954],[-104.317193,19.057854],[-104.317419,19.057694],[-104.3175,19.057788],[-104.317718,19.057609],[-104.317629,19.057528],[-104.318142,19.057112],[-104.318169,19.057388],[-104.318231,19.057566],[-104.318359,19.057766],[-104.318491,19.057782],[-104.318718,19.057963],[-104.318731,19.058013],[-104.318741,19.058056],[-104.318571,19.059095],[-104.318399,19.059419],[-104.318332,19.05949],[-104.317901,19.05996],[-104.317524,19.060221],[-104.317339,19.060388],[-104.317138,19.060528],[-104.317063,19.06052],[-104.316871,19.060641],[-104.316755,19.060645],[-104.316108,19.061209],[-104.316025,19.061233],[-104.315163,19.061754],[-104.315045,19.061869],[-104.31472,19.062413],[-104.314751,19.062512],[-104.314809,19.062533],[-104.314966,19.062504],[-104.314993,19.062393],[-104.315136,19.062297],[-104.315396,19.062099],[-104.315572,19.061972],[-104.315916,19.06169],[-104.316253,19.061382],[-104.317098,19.060835],[-104.317214,19.060838],[-104.317833,19.060424],[-104.318169,19.060182],[-104.318548,19.059816],[-104.318642,19.059654],[-104.318736,19.059492],[-104.318839,19.05931],[-104.31897,19.058946],[-104.319205,19.05876],[-104.319297,19.058742],[-104.319965,19.057982],[-104.320198,19.057902],[-104.32031,19.058068],[-104.320324,19.058193],[-104.320406,19.058194],[-104.320449,19.058116],[-104.320533,19.058053],[-104.32064,19.058055],[-104.320585,19.058316],[-104.320627,19.058317],[-104.32114,19.057862],[-104.321471,19.057836],[-104.321407,19.057729],[-104.321501,19.057567],[-104.32157,19.057418],[-104.321635,19.057091],[-104.321886,19.0569],[-104.321938,19.056776],[-104.322541,19.056401],[-104.322563,19.056526],[-104.322684,19.056667],[-104.322742,19.056622],[-104.322852,19.056506],[-104.323044,19.056425],[-104.323092,19.056491],[-104.323166,19.056526],[-104.323245,19.056691],[-104.323671,19.056424],[-104.323676,19.056215],[-104.323607,19.055938],[-104.323758,19.05581],[-104.323862,19.055609],[-104.323964,19.055447],[-104.324066,19.055324],[-104.324201,19.055156],[-104.324335,19.055087],[-104.324653,19.054864],[-104.32498,19.054628],[-104.325112,19.054237],[-104.325122,19.05421],[-104.325138,19.054165],[-104.325554,19.053643],[-104.326244,19.053394],[-104.326356,19.053574],[-104.32659,19.05346],[-104.326561,19.05323],[-104.326564,19.053086],[-104.326875,19.052856],[-104.326979,19.05259],[-104.327405,19.052342],[-104.327511,19.05243],[-104.327912,19.052189],[-104.328449,19.05218],[-104.328767,19.051957],[-104.328865,19.052018],[-104.329204,19.051825],[-104.329224,19.051842],[-104.329236,19.051658],[-104.329395,19.05155],[-104.329511,19.051519],[-104.329705,19.051353],[-104.329749,19.051203],[-104.329688,19.050966],[-104.330113,19.050771],[-104.330172,19.050687],[-104.330034,19.050592],[-104.330111,19.049669],[-104.330171,19.049559],[-104.330201,19.049323],[-104.329764,19.049256],[-104.329796,19.048909],[-104.32977,19.048613],[-104.329789,19.048312],[-104.329809,19.04801],[-104.330533,19.047716],[-104.330409,19.046487],[-104.330703,19.046237],[-104.331049,19.0456],[-104.331209,19.045675],[-104.331862,19.045658],[-104.332149,19.045539],[-104.332002,19.045199],[-104.331846,19.045159],[-104.33167,19.045195],[-104.331464,19.045173],[-104.331282,19.045233],[-104.331219,19.045049],[-104.331204,19.045005],[-104.331807,19.0448],[-104.33188,19.044653],[-104.332017,19.044669],[-104.332084,19.044545],[-104.331637,19.043872],[-104.331982,19.043529],[-104.331675,19.043308],[-104.331508,19.043456],[-104.331414,19.043339],[-104.331293,19.042811],[-104.331111,19.042565],[-104.330571,19.041276],[-104.330708,19.041192],[-104.331027,19.041249],[-104.331082,19.04109],[-104.330822,19.040927],[-104.330598,19.040887],[-104.330584,19.040723],[-104.330782,19.040039],[-104.330467,19.039824],[-104.330567,19.0396],[-104.330636,19.039305],[-104.330567,19.038772],[-104.330424,19.037978],[-104.330512,19.037913],[-104.330409,19.037808],[-104.33033,19.037061],[-104.330466,19.036855],[-104.330369,19.036091],[-104.3305,19.035725],[-104.330512,19.035566],[-104.330568,19.035219],[-104.330704,19.034507],[-104.330882,19.034299],[-104.331123,19.034427],[-104.331187,19.034285],[-104.331472,19.034336],[-104.331561,19.034482],[-104.331732,19.034699],[-104.331867,19.034486],[-104.331808,19.034292],[-104.331568,19.034165],[-104.331757,19.033987],[-104.332095,19.033955],[-104.33226,19.034007],[-104.332462,19.033876],[-104.332523,19.033787],[-104.332352,19.033571],[-104.33227,19.033301],[-104.33248,19.03317],[-104.33255,19.033299],[-104.33271,19.03328],[-104.332832,19.033109],[-104.332998,19.033066],[-104.33308,19.03313],[-104.332941,19.03289],[-104.333058,19.032766],[-104.333094,19.032583],[-104.3332,19.03243],[-104.333194,19.032359],[-104.332966,19.031967],[-104.332822,19.031568],[-104.332622,19.030893],[-104.332724,19.030387],[-104.332811,19.030204],[-104.332965,19.029915],[-104.333001,19.029632],[-104.333544,19.029105],[-104.334094,19.028871],[-104.334216,19.0287],[-104.334136,19.028559],[-104.334284,19.028499],[-104.334545,19.028568],[-104.334512,19.028386],[-104.334787,19.028525],[-104.335011,19.028453],[-104.335164,19.028552],[-104.335453,19.028555],[-104.335537,19.028243],[-104.335511,19.028131],[-104.335664,19.02803],[-104.335613,19.027931],[-104.335406,19.027997],[-104.335236,19.027992],[-104.335112,19.027829],[-104.33495,19.027718],[-104.335072,19.027447],[-104.334761,19.027396],[-104.334504,19.027569],[-104.33432,19.027611],[-104.334223,19.027459],[-104.334374,19.027235],[-104.334194,19.027212],[-104.334223,19.026953],[-104.334315,19.026835],[-104.334697,19.026621],[-104.334385,19.026447],[-104.334254,19.026406],[-104.334335,19.026353],[-104.334042,19.026102],[-104.334066,19.025984],[-104.333998,19.025785],[-104.333942,19.025209],[-104.334078,19.025102],[-104.334205,19.025001],[-104.334323,19.024883],[-104.33471,19.025045],[-104.334807,19.024879],[-104.334788,19.02455],[-104.33471,19.024333],[-104.33448,19.024217],[-104.334516,19.024141],[-104.334681,19.024086],[-104.334708,19.023998],[-104.334863,19.023914],[-104.334874,19.023544],[-104.334741,19.023374],[-104.334808,19.023262],[-104.334906,19.023214],[-104.335045,19.023249],[-104.335196,19.023124],[-104.335101,19.023007],[-104.334948,19.022897],[-104.335236,19.022683],[-104.335205,19.022312],[-104.335462,19.022134],[-104.33544,19.02187],[-104.335648,19.021815],[-104.335802,19.021932],[-104.335969,19.021895],[-104.336191,19.021705],[-104.336373,19.021645],[-104.336366,19.021551],[-104.336326,19.021481],[-104.336362,19.02141],[-104.336498,19.021409],[-104.33653,19.021385],[-104.336261,19.021111],[-104.335966,19.021042],[-104.335879,19.020914],[-104.335685,19.020833],[-104.335695,19.020745],[-104.335884,19.020567],[-104.336096,19.020553],[-104.336049,19.020295],[-104.335957,19.020119],[-104.335811,19.019991],[-104.335695,19.019927],[-104.335487,19.019876],[-104.335352,19.019889],[-104.335305,19.019942],[-104.334612,19.019571],[-104.334493,19.019372],[-104.334353,19.019326],[-104.334409,19.019184],[-104.334327,19.019014],[-104.334206,19.018886],[-104.334085,19.018863],[-104.333811,19.018942],[-104.333719,19.019054],[-104.333201,19.019064],[-104.332708,19.018962],[-104.332573,19.018769],[-104.332501,19.018617],[-104.33235,19.018541],[-104.332316,19.018436],[-104.332548,19.018463],[-104.332666,19.018357],[-104.332655,19.018216],[-104.332451,19.018123],[-104.332472,19.017964],[-104.332582,19.017752],[-104.332756,19.017697],[-104.332764,19.017586],[-104.332648,19.017522],[-104.332535,19.017387],[-104.33221,19.017372],[-104.331934,19.017521],[-104.331925,19.017721],[-104.331823,19.017622],[-104.331749,19.017652],[-104.331594,19.01763],[-104.331452,19.017343],[-104.33144,19.017202],[-104.331353,19.017079],[-104.331279,19.016903],[-104.331094,19.016828],[-104.331028,19.016646],[-104.330831,19.01663],[-104.330334,19.016887],[-104.330074,19.016918],[-104.330034,19.016854],[-104.329948,19.016843],[-104.329871,19.016831],[-104.329774,19.016797],[-104.329572,19.016816],[-104.32943,19.016741],[-104.329368,19.016606],[-104.329184,19.016642],[-104.328831,19.017004],[-104.328846,19.01708],[-104.32881,19.017151],[-104.328709,19.017275],[-104.328525,19.017606],[-104.328349,19.017543],[-104.328308,19.017655],[-104.327927,19.017569],[-104.327938,19.017916],[-104.328045,19.017974],[-104.328104,19.018068],[-104.328118,19.018138],[-104.328204,19.018349],[-104.328358,19.018466],[-104.328347,19.01853],[-104.3282,19.018608],[-104.328087,19.018679],[-104.327991,19.018851],[-104.327944,19.019104],[-104.327796,19.01917],[-104.3277,19.019141],[-104.327597,19.019189],[-104.32752,19.019225],[-104.327333,19.019214],[-104.32712,19.019216],[-104.326942,19.019217],[-104.326707,19.019248],[-104.326537,19.019256],[-104.326131,19.019282],[-104.32593,19.019307],[-104.325775,19.019291],[-104.325529,19.019293],[-104.325374,19.01927],[-104.325009,19.019373],[-104.324845,19.019345],[-104.324707,19.019322],[-104.324544,19.019206],[-104.324391,19.019195],[-104.324222,19.019214],[-104.324063,19.019239],[-104.323882,19.019311],[-104.323701,19.019289],[-104.32348,19.019279],[-104.323298,19.019339],[-104.323077,19.01934],[-104.322838,19.01933],[-104.322635,19.019238],[-104.322455,19.019222],[-104.322219,19.019241],[-104.321965,19.019255],[-104.321728,19.019262],[-104.321523,19.019258],[-104.321152,19.019284],[-104.320686,19.019305],[-104.320556,19.019277],[-104.32033,19.019214],[-104.319873,19.019141],[-104.319764,19.019153],[-104.319512,19.019185],[-104.319385,19.019192],[-104.319213,19.019169],[-104.319058,19.019153],[-104.318814,19.019172],[-104.318673,19.01912],[-104.318466,19.019081],[-104.31833,19.018976],[-104.317514,19.018876],[-104.317369,19.018871],[-104.317258,19.018866],[-104.31683,19.018823],[-104.316528,19.018766],[-104.316237,19.018739],[-104.315961,19.018694],[-104.315225,19.018635],[-104.314974,19.018578],[-104.314551,19.018393],[-104.31422,19.018401],[-104.313879,19.018386],[-104.313541,19.018306],[-104.313163,19.018262],[-104.312774,19.018083],[-104.312588,19.01809],[-104.312451,19.018122],[-104.312423,19.018128],[-104.312404,19.018132],[-104.312159,19.01804],[-104.311862,19.017948],[-104.311537,19.017915],[-104.311372,19.017881],[-104.310648,19.017657],[-104.310359,19.017654],[-104.309493,19.017354],[-104.308735,19.017237],[-104.308576,19.017055],[-104.308187,19.016982],[-104.307616,19.016751],[-104.307023,19.016679],[-104.306538,19.016465],[-104.304591,19.015944],[-104.303678,19.015798],[-104.303479,19.015653],[-104.303311,19.015677],[-104.302892,19.015439],[-104.302687,19.015423],[-104.302497,19.015283],[-104.301986,19.01517],[-104.301697,19.015072],[-104.3015,19.01505],[-104.301166,19.014811],[-104.300546,19.014716],[-104.299903,19.014444],[-104.299133,19.014173],[-104.296888,19.013443]]]]}},{"type":"Feature","properties":{"distrito_l":7},"geometry":{"type":"Polygon","coordinates":[[[-103.748573,19.242098],[-103.748435,19.242103],[-103.748072,19.242096],[-103.747987,19.242101],[-103.747885,19.242106],[-103.747784,19.242112],[-103.745839,19.242218],[-103.744744,19.242278],[-103.744499,19.242291],[-103.744457,19.242295],[-103.744467,19.242396],[-103.744447,19.242538],[-103.744468,19.242674],[-103.744477,19.2428],[-103.744441,19.242863],[-103.744369,19.242926],[-103.744263,19.24298],[-103.743901,19.243101],[-103.743404,19.243377],[-103.743234,19.243521],[-103.743102,19.243699],[-103.743054,19.243907],[-103.743004,19.244119],[-103.742984,19.244214],[-103.742949,19.244344],[-103.742896,19.244537],[-103.74276,19.245086],[-103.742621,19.245539],[-103.74236,19.246164],[-103.742123,19.246534],[-103.741841,19.246732],[-103.741785,19.246772],[-103.741583,19.246932],[-103.74154,19.246967],[-103.741403,19.247166],[-103.741322,19.247327],[-103.741232,19.247504],[-103.741196,19.247577],[-103.741128,19.247711],[-103.740704,19.248548],[-103.740551,19.249112],[-103.740401,19.249343],[-103.740298,19.249546],[-103.740192,19.249694],[-103.740113,19.249849],[-103.740015,19.249976],[-103.739982,19.250034],[-103.739854,19.250255],[-103.739795,19.250402],[-103.739723,19.250583],[-103.739474,19.251084],[-103.739341,19.251364],[-103.739188,19.25173],[-103.739116,19.25199],[-103.739053,19.252141],[-103.739024,19.252208],[-103.73899,19.25229],[-103.738897,19.252519],[-103.738683,19.252833],[-103.738534,19.25302],[-103.738379,19.253213],[-103.738111,19.253681],[-103.738053,19.25385],[-103.738032,19.25399],[-103.7378,19.255017],[-103.737757,19.255208],[-103.737223,19.256331],[-103.737094,19.256273],[-103.736598,19.256042],[-103.736387,19.255944],[-103.736063,19.255819],[-103.73584,19.255733],[-103.735191,19.255482],[-103.733639,19.255088],[-103.733592,19.255072],[-103.732731,19.254788],[-103.732476,19.255633],[-103.732336,19.256097],[-103.73221,19.256516],[-103.731304,19.256786],[-103.730097,19.257188],[-103.73036,19.258061],[-103.730269,19.258766],[-103.730068,19.260726],[-103.729041,19.260364],[-103.728688,19.260235],[-103.728491,19.260162],[-103.728354,19.260112],[-103.727997,19.259982],[-103.727369,19.259752],[-103.727291,19.259723],[-103.726403,19.259399],[-103.726228,19.259338],[-103.725916,19.259229],[-103.725539,19.259098],[-103.724688,19.258802],[-103.72366,19.258444],[-103.723572,19.258661],[-103.723375,19.259141],[-103.723348,19.259207],[-103.723151,19.259688],[-103.722779,19.260597],[-103.724956,19.262266],[-103.725594,19.262755],[-103.726058,19.26311],[-103.726501,19.263451],[-103.726564,19.263508],[-103.726765,19.263692],[-103.726974,19.263975],[-103.726994,19.264027],[-103.727081,19.264253],[-103.727144,19.264492],[-103.727165,19.26513],[-103.727121,19.265413],[-103.72713,19.265741],[-103.727192,19.266101],[-103.727257,19.266253],[-103.727292,19.266334],[-103.727382,19.266543],[-103.727459,19.266602],[-103.727536,19.266661],[-103.727937,19.266966],[-103.72867,19.267525],[-103.729395,19.268078],[-103.730208,19.268698],[-103.730267,19.268743],[-103.730955,19.269285],[-103.731045,19.269356],[-103.731084,19.269386],[-103.731175,19.269457],[-103.731385,19.26962],[-103.732289,19.270324],[-103.733462,19.271238],[-103.733643,19.27138],[-103.734146,19.271772],[-103.734621,19.272154],[-103.734725,19.272222],[-103.735126,19.272535],[-103.734801,19.272912],[-103.734529,19.273229],[-103.734252,19.273551],[-103.734002,19.273842],[-103.733734,19.274153],[-103.733463,19.274468],[-103.733205,19.274769],[-103.733106,19.274884],[-103.732924,19.275096],[-103.732651,19.275413],[-103.73238,19.275728],[-103.732111,19.276041],[-103.731864,19.276328],[-103.731935,19.276464],[-103.732195,19.276973],[-103.732232,19.277219],[-103.733034,19.277838],[-103.733472,19.278017],[-103.7334,19.278275],[-103.733354,19.278442],[-103.733288,19.278681],[-103.733232,19.27888],[-103.733115,19.279305],[-103.733081,19.279424],[-103.732983,19.279731],[-103.732941,19.279859],[-103.732793,19.280321],[-103.732715,19.280565],[-103.732703,19.280603],[-103.732655,19.280752],[-103.732636,19.280811],[-103.732546,19.281113],[-103.732459,19.281406],[-103.732411,19.28157],[-103.732205,19.282263],[-103.732157,19.282384],[-103.732086,19.282564],[-103.731979,19.282835],[-103.731868,19.283117],[-103.731664,19.283633],[-103.731547,19.283998],[-103.731482,19.284201],[-103.731433,19.284351],[-103.731307,19.284745],[-103.731175,19.285126],[-103.731122,19.28528],[-103.731023,19.285581],[-103.730936,19.285852],[-103.730761,19.286393],[-103.730674,19.286632],[-103.730559,19.286947],[-103.730474,19.287179],[-103.730367,19.287472],[-103.731386,19.287973],[-103.73251,19.28851],[-103.733744,19.289099],[-103.734975,19.289687],[-103.736539,19.290434],[-103.738228,19.291241],[-103.73817,19.291406],[-103.739329,19.291707],[-103.740558,19.292061],[-103.740451,19.292432],[-103.741592,19.292728],[-103.742829,19.293054],[-103.742948,19.292674],[-103.742995,19.292686],[-103.74416,19.292997],[-103.744903,19.293195],[-103.744794,19.293575],[-103.744687,19.293956],[-103.744583,19.294355],[-103.744731,19.294433],[-103.745696,19.29469],[-103.746754,19.29498],[-103.746813,19.294669],[-103.746889,19.294679],[-103.747652,19.294729],[-103.748731,19.29477],[-103.748995,19.294773],[-103.749241,19.293353],[-103.749254,19.293272],[-103.749272,19.293167],[-103.749412,19.293232],[-103.75386,19.295332],[-103.755636,19.29617],[-103.762351,19.299339],[-103.76357,19.297424],[-103.767257,19.299132],[-103.771435,19.294738],[-103.775369,19.290599],[-103.775831,19.290958],[-103.776268,19.290216],[-103.776496,19.289775],[-103.776848,19.289217],[-103.77507,19.288204],[-103.77462,19.28904],[-103.77422,19.289694],[-103.772439,19.288253],[-103.771057,19.287125],[-103.770528,19.286693],[-103.770424,19.286541],[-103.766926,19.291939],[-103.76624,19.291379],[-103.766174,19.290945],[-103.766028,19.290837],[-103.765607,19.290589],[-103.765145,19.290296],[-103.764289,19.290095],[-103.764236,19.289993],[-103.764944,19.288839],[-103.764981,19.288726],[-103.76504,19.28852],[-103.765012,19.288375],[-103.764984,19.288231],[-103.764811,19.288105],[-103.764644,19.287998],[-103.76189,19.287108],[-103.761915,19.287064],[-103.760346,19.28659],[-103.759375,19.286304],[-103.759031,19.28622],[-103.758961,19.285941],[-103.758891,19.285708],[-103.758746,19.285721],[-103.758723,19.285676],[-103.758637,19.285453],[-103.758599,19.2853],[-103.758575,19.285082],[-103.758559,19.284844],[-103.758587,19.284776],[-103.758594,19.284705],[-103.758671,19.284648],[-103.75872,19.284593],[-103.758846,19.284498],[-103.758935,19.284443],[-103.759015,19.284366],[-103.759108,19.284233],[-103.759214,19.284082],[-103.759294,19.283912],[-103.75932,19.283752],[-103.759347,19.283532],[-103.759414,19.283339],[-103.759515,19.28327],[-103.759603,19.283064],[-103.759618,19.282934],[-103.759604,19.28276],[-103.759537,19.2826],[-103.759572,19.282342],[-103.759607,19.28223],[-103.759688,19.282039],[-103.759804,19.281847],[-103.759944,19.281659],[-103.760081,19.281532],[-103.760227,19.281378],[-103.760334,19.281228],[-103.760399,19.281057],[-103.760457,19.28092],[-103.760478,19.280739],[-103.760501,19.280651],[-103.760569,19.280544],[-103.760817,19.280244],[-103.760943,19.279994],[-103.761024,19.27981],[-103.76106,19.279657],[-103.761086,19.279484],[-103.761023,19.27933],[-103.761035,19.279156],[-103.761061,19.278675],[-103.76108,19.278535],[-103.761104,19.278407],[-103.761123,19.278285],[-103.761138,19.278071],[-103.761139,19.277959],[-103.761095,19.277889],[-103.761049,19.277763],[-103.761016,19.277622],[-103.760824,19.277173],[-103.760678,19.276899],[-103.760559,19.276831],[-103.760519,19.27678],[-103.760517,19.276555],[-103.760341,19.276499],[-103.760255,19.276467],[-103.7601,19.276405],[-103.759942,19.276343],[-103.75962,19.27622],[-103.759457,19.276157],[-103.759297,19.276098],[-103.759135,19.27604],[-103.758645,19.275858],[-103.75848,19.275797],[-103.758313,19.275735],[-103.757535,19.27551],[-103.75743,19.27547],[-103.757333,19.275435],[-103.757152,19.275365],[-103.757002,19.275308],[-103.75688,19.275262],[-103.75677,19.275223],[-103.75665,19.275178],[-103.756587,19.275156],[-103.756523,19.275133],[-103.756357,19.27507],[-103.756255,19.275032],[-103.756143,19.274992],[-103.756025,19.27495],[-103.75591,19.274905],[-103.755792,19.274862],[-103.75567,19.274815],[-103.755545,19.274768],[-103.755417,19.274722],[-103.755287,19.274673],[-103.755158,19.274625],[-103.755027,19.274577],[-103.754893,19.274527],[-103.754758,19.274477],[-103.754628,19.274428],[-103.754497,19.274382],[-103.754365,19.274332],[-103.754233,19.274282],[-103.754103,19.274233],[-103.753977,19.274187],[-103.753853,19.274142],[-103.753733,19.2741],[-103.753612,19.274057],[-103.753498,19.274017],[-103.75339,19.273975],[-103.753282,19.273935],[-103.753177,19.273898],[-103.753072,19.273862],[-103.752973,19.273823],[-103.752882,19.27379],[-103.752728,19.273735],[-103.752618,19.273693],[-103.752492,19.273653],[-103.752373,19.273613],[-103.752327,19.273596],[-103.752243,19.273565],[-103.752098,19.27351],[-103.751958,19.273457],[-103.751877,19.273426],[-103.751579,19.273311],[-103.75065,19.272938],[-103.75018,19.272668],[-103.749499,19.272225],[-103.749112,19.271997],[-103.748602,19.271696],[-103.748163,19.271437],[-103.748094,19.271396],[-103.74735,19.270959],[-103.746795,19.270629],[-103.746386,19.270386],[-103.746152,19.27025],[-103.746006,19.270164],[-103.744868,19.269492],[-103.74521,19.268878],[-103.745515,19.26833],[-103.744184,19.267602],[-103.744321,19.267367],[-103.744494,19.267069],[-103.744607,19.266876],[-103.744829,19.266494],[-103.74498,19.266237],[-103.74516,19.265927],[-103.745343,19.265614],[-103.745526,19.2653],[-103.745699,19.265003],[-103.745887,19.264681],[-103.746244,19.263954],[-103.746619,19.263193],[-103.745901,19.26288],[-103.745201,19.262575],[-103.744035,19.262066],[-103.74321,19.261706],[-103.742491,19.261392],[-103.741732,19.261061],[-103.74237,19.259824],[-103.742774,19.25904],[-103.74293,19.25877],[-103.743119,19.258348],[-103.743292,19.257962],[-103.743415,19.257686],[-103.743447,19.257614],[-103.743473,19.25754],[-103.743611,19.257135],[-103.743755,19.256715],[-103.743896,19.256295],[-103.744123,19.255619],[-103.74456,19.254316],[-103.744687,19.253907],[-103.744963,19.253018],[-103.745027,19.252813],[-103.745091,19.252607],[-103.745494,19.251311],[-103.745835,19.250238],[-103.746144,19.249394],[-103.74637,19.248789],[-103.746555,19.248299],[-103.746686,19.247951],[-103.746876,19.247496],[-103.747054,19.247073],[-103.747233,19.246643],[-103.747977,19.244867],[-103.748067,19.244339],[-103.748213,19.243893],[-103.748361,19.243146],[-103.748399,19.242954],[-103.748563,19.242144],[-103.748573,19.242098]]]}},{"type":"Feature","properties":{"distrito_l":2},"geometry":{"type":"Polygon","coordinates":[[[-103.760933,19.241607],[-103.761267,19.241397],[-103.761821,19.241088],[-103.762079,19.240942],[-103.762735,19.240667],[-103.76278,19.24065],[-103.7631,19.240522],[-103.763572,19.240332],[-103.763669,19.240294],[-103.764184,19.240107],[-103.764415,19.240024],[-103.764724,19.239895],[-103.764816,19.239852],[-103.765255,19.239649],[-103.765642,19.239485],[-103.766134,19.23928],[-103.766586,19.239067],[-103.766937,19.238823],[-103.766993,19.238784],[-103.767209,19.238674],[-103.767381,19.238557],[-103.767643,19.238518],[-103.767696,19.238519],[-103.767703,19.238515],[-103.767776,19.238477],[-103.767892,19.238435],[-103.767904,19.238431],[-103.767954,19.238412],[-103.768016,19.238389],[-103.768056,19.238375],[-103.768196,19.238323],[-103.768839,19.238243],[-103.769034,19.238225],[-103.769108,19.238219],[-103.769349,19.238204],[-103.769576,19.238191],[-103.769814,19.238163],[-103.770257,19.238106],[-103.770441,19.238079],[-103.77102,19.238017],[-103.771024,19.238016],[-103.771386,19.237949],[-103.771827,19.237822],[-103.771868,19.23781],[-103.771815,19.237654],[-103.771884,19.237633],[-103.77193,19.23762],[-103.772187,19.237554],[-103.773345,19.237224],[-103.774334,19.236942],[-103.774923,19.236778],[-103.774923,19.236778],[-103.775273,19.236635],[-103.775273,19.236635],[-103.775359,19.2366],[-103.775652,19.236504],[-103.776786,19.236134],[-103.777395,19.23592],[-103.778822,19.23542],[-103.778894,19.235385],[-103.778968,19.235328],[-103.779011,19.235244],[-103.779009,19.235172],[-103.778971,19.235132],[-103.778931,19.235095],[-103.778874,19.233563],[-103.77887,19.233439],[-103.779814,19.23343],[-103.780368,19.233424],[-103.780593,19.232744],[-103.780729,19.232331],[-103.780663,19.232302],[-103.780264,19.232121],[-103.779693,19.231863],[-103.779022,19.231463],[-103.778992,19.231434],[-103.778892,19.23116],[-103.778806,19.230978],[-103.778744,19.230777],[-103.778773,19.230521],[-103.778859,19.230001],[-103.778872,19.229857],[-103.778929,19.229228],[-103.778977,19.228873],[-103.779073,19.228283],[-103.779205,19.227806],[-103.779309,19.227303],[-103.779481,19.226236],[-103.779294,19.224307],[-103.778875,19.221716],[-103.778252,19.219419],[-103.779945,19.206847],[-103.779972,19.206646],[-103.780015,19.205961],[-103.78008,19.204599],[-103.780117,19.203909],[-103.778928,19.203516],[-103.778175,19.203386],[-103.777596,19.20334],[-103.776728,19.202961],[-103.776268,19.202379],[-103.775923,19.201923],[-103.775346,19.201505],[-103.775003,19.200718],[-103.774542,19.200177],[-103.774308,19.200149],[-103.773789,19.200088],[-103.773208,19.200248],[-103.772802,19.200286],[-103.772166,19.200033],[-103.771634,19.19963],[-103.77155,19.199566],[-103.771346,19.199542],[-103.771,19.199756],[-103.770879,19.199839],[-103.770619,19.19997],[-103.770381,19.200039],[-103.770232,19.200051],[-103.770104,19.200069],[-103.770051,19.200127],[-103.77005,19.20022],[-103.770048,19.200532],[-103.770012,19.200668],[-103.769824,19.200825],[-103.769677,19.200868],[-103.769505,19.200823],[-103.769313,19.200758],[-103.768933,19.200626],[-103.768772,19.200565],[-103.768663,19.20057],[-103.768596,19.200617],[-103.768537,19.200699],[-103.768336,19.200981],[-103.768209,19.201236],[-103.76816,19.201485],[-103.768118,19.201676],[-103.768058,19.201925],[-103.768019,19.201995],[-103.76797,19.201994],[-103.767876,19.201994],[-103.767829,19.202027],[-103.767764,19.202101],[-103.767758,19.202187],[-103.76776,19.202315],[-103.767768,19.202426],[-103.767793,19.202556],[-103.767861,19.202793],[-103.768075,19.203116],[-103.768329,19.203492],[-103.768369,19.203634],[-103.768345,19.203747],[-103.768219,19.203881],[-103.767842,19.204285],[-103.767788,19.204395],[-103.767576,19.204588],[-103.767213,19.20483],[-103.766978,19.204914],[-103.766657,19.204918],[-103.766339,19.20486],[-103.766161,19.204878],[-103.766,19.204988],[-103.765867,19.205123],[-103.76554,19.205548],[-103.765336,19.205885],[-103.765299,19.206529],[-103.765262,19.206836],[-103.765137,19.207049],[-103.764809,19.207263],[-103.764481,19.207375],[-103.764319,19.207576],[-103.764135,19.207663],[-103.763967,19.207743],[-103.763724,19.207822],[-103.76356,19.207881],[-103.763367,19.20795],[-103.763162,19.208004],[-103.762916,19.208102],[-103.762738,19.208112],[-103.76267,19.208128],[-103.762532,19.20833],[-103.762437,19.208468],[-103.762325,19.208578],[-103.76215,19.208652],[-103.762015,19.208676],[-103.761913,19.208617],[-103.761788,19.208572],[-103.76166,19.208477],[-103.761629,19.208327],[-103.761589,19.208246],[-103.761484,19.208254],[-103.761381,19.208292],[-103.761343,19.208389],[-103.761274,19.208624],[-103.761205,19.208834],[-103.76122,19.209184],[-103.761369,19.209413],[-103.761462,19.209557],[-103.761508,19.209757],[-103.76169,19.209919],[-103.761853,19.210007],[-103.762008,19.210071],[-103.762065,19.210222],[-103.762163,19.210389],[-103.762165,19.210539],[-103.762114,19.210699],[-103.761958,19.210795],[-103.761888,19.21101],[-103.761788,19.211263],[-103.761793,19.211404],[-103.761476,19.211699],[-103.761264,19.21195],[-103.760676,19.211926],[-103.760553,19.212047],[-103.760446,19.212156],[-103.760275,19.212199],[-103.760131,19.212546],[-103.760037,19.212853],[-103.759952,19.213021],[-103.759884,19.213176],[-103.759768,19.213298],[-103.759744,19.213401],[-103.759589,19.213498],[-103.759399,19.213535],[-103.759247,19.21359],[-103.759092,19.213613],[-103.758924,19.213649],[-103.758742,19.213587],[-103.758517,19.213671],[-103.758447,19.213756],[-103.75841,19.213878],[-103.758387,19.21413],[-103.75831,19.214263],[-103.758316,19.214373],[-103.75828,19.214522],[-103.758282,19.214651],[-103.758426,19.214744],[-103.758488,19.214854],[-103.758498,19.215026],[-103.758206,19.215207],[-103.757991,19.215223],[-103.757771,19.215355],[-103.757664,19.215528],[-103.757527,19.215557],[-103.757401,19.215519],[-103.75728,19.215584],[-103.757249,19.215715],[-103.757214,19.215805],[-103.75719,19.215917],[-103.757371,19.21613],[-103.757377,19.216227],[-103.757329,19.216516],[-103.757241,19.216767],[-103.757185,19.216942],[-103.757061,19.217174],[-103.756685,19.217309],[-103.756485,19.21753],[-103.75629,19.217778],[-103.756318,19.218],[-103.756258,19.218166],[-103.756093,19.218326],[-103.755876,19.218469],[-103.755659,19.218562],[-103.75546,19.218621],[-103.755332,19.218582],[-103.755209,19.218631],[-103.755179,19.218775],[-103.755172,19.218947],[-103.755176,19.219113],[-103.755368,19.219237],[-103.755629,19.219336],[-103.755776,19.219395],[-103.755944,19.219518],[-103.756353,19.219587],[-103.756281,19.219737],[-103.756002,19.220141],[-103.756029,19.220165],[-103.755674,19.220482],[-103.756236,19.220924],[-103.756006,19.221185],[-103.75595,19.221134],[-103.755636,19.220848],[-103.755465,19.221163],[-103.755282,19.221417],[-103.755093,19.221715],[-103.755089,19.222126],[-103.755116,19.222459],[-103.755027,19.222724],[-103.754838,19.222998],[-103.754743,19.223069],[-103.754589,19.223185],[-103.754515,19.223198],[-103.754483,19.223203],[-103.754297,19.223114],[-103.754183,19.223155],[-103.753956,19.223196],[-103.753837,19.223303],[-103.753702,19.223511],[-103.753506,19.223629],[-103.753403,19.223736],[-103.753179,19.223846],[-103.753028,19.223961],[-103.752926,19.224126],[-103.752867,19.22433],[-103.752821,19.22455],[-103.752596,19.224695],[-103.752454,19.224767],[-103.752298,19.224955],[-103.752233,19.225032],[-103.752081,19.225146],[-103.752084,19.225297],[-103.752165,19.225428],[-103.752233,19.22556],[-103.75237,19.225653],[-103.752581,19.225651],[-103.752625,19.22569],[-103.752625,19.225806],[-103.752481,19.226028],[-103.752228,19.226177],[-103.75205,19.226258],[-103.751934,19.226352],[-103.751723,19.226436],[-103.751526,19.22662],[-103.751521,19.226851],[-103.751406,19.226997],[-103.751291,19.227142],[-103.751123,19.227346],[-103.750923,19.227456],[-103.750716,19.227486],[-103.750379,19.22741],[-103.7502,19.227478],[-103.750118,19.227678],[-103.75012,19.22789],[-103.750134,19.228153],[-103.75012,19.228411],[-103.750175,19.228693],[-103.75027,19.228822],[-103.750302,19.22897],[-103.750328,19.229293],[-103.750372,19.229634],[-103.750333,19.229871],[-103.750251,19.230094],[-103.75016,19.23021],[-103.750056,19.230339],[-103.749951,19.230423],[-103.749833,19.230436],[-103.749734,19.23044],[-103.749617,19.230412],[-103.749505,19.230478],[-103.749505,19.230509],[-103.749496,19.230564],[-103.7495,19.230583],[-103.7495,19.23062],[-103.749497,19.23071],[-103.749509,19.230807],[-103.749507,19.231119],[-103.74944,19.23112],[-103.74891,19.231075],[-103.748814,19.230991],[-103.748829,19.229644],[-103.748778,19.229452],[-103.748699,19.229352],[-103.746606,19.228122],[-103.746223,19.227689],[-103.745501,19.226872],[-103.744101,19.226054],[-103.74389,19.225929],[-103.743671,19.225753],[-103.743599,19.225661],[-103.743537,19.225614],[-103.743414,19.22554],[-103.743288,19.225494],[-103.743185,19.225493],[-103.743125,19.225421],[-103.743108,19.225386],[-103.743194,19.225329],[-103.744128,19.225143],[-103.74423,19.225108],[-103.744065,19.225071],[-103.742183,19.224004],[-103.741873,19.224519],[-103.741848,19.224558],[-103.741805,19.224528],[-103.741719,19.22447],[-103.741633,19.224429],[-103.741551,19.224403],[-103.741469,19.224391],[-103.74003,19.224467],[-103.739943,19.224407],[-103.739877,19.22434],[-103.739783,19.224237],[-103.739743,19.224181],[-103.739734,19.224235],[-103.739711,19.224246],[-103.739534,19.224328],[-103.739405,19.224372],[-103.739248,19.224419],[-103.739129,19.224467],[-103.739071,19.224495],[-103.738985,19.224588],[-103.738896,19.224697],[-103.738838,19.224784],[-103.738824,19.22489],[-103.738823,19.224952],[-103.73884,19.225023],[-103.738869,19.225107],[-103.738893,19.225188],[-103.738882,19.225236],[-103.738834,19.225294],[-103.738749,19.225338],[-103.738647,19.225386],[-103.738541,19.225411],[-103.738388,19.225471],[-103.738265,19.225538],[-103.738166,19.225615],[-103.738064,19.225688],[-103.737962,19.225733],[-103.737866,19.225768],[-103.737764,19.225767],[-103.73768,19.225766],[-103.737622,19.22574],[-103.73751,19.225704],[-103.737408,19.225729],[-103.737292,19.225825],[-103.737244,19.225947],[-103.737223,19.226044],[-103.737215,19.22616],[-103.737247,19.226366],[-103.737341,19.226573],[-103.737373,19.226832],[-103.73729,19.22705],[-103.737227,19.22725],[-103.73711,19.227423],[-103.736902,19.227692],[-103.736616,19.227931],[-103.736102,19.228325],[-103.735839,19.228475],[-103.735588,19.228626],[-103.735411,19.228785],[-103.735106,19.229041],[-103.734986,19.229183],[-103.734956,19.229265],[-103.734929,19.229342],[-103.734919,19.229594],[-103.734891,19.22987],[-103.734898,19.230273],[-103.73482,19.23026],[-103.734652,19.230231],[-103.734595,19.230221],[-103.734584,19.230335],[-103.73457,19.230412],[-103.734542,19.230467],[-103.734446,19.23055],[-103.734303,19.230623],[-103.734167,19.230661],[-103.733991,19.230679],[-103.733753,19.230681],[-103.733583,19.230657],[-103.732486,19.23048],[-103.73179,19.230372],[-103.731026,19.230253],[-103.730904,19.23015],[-103.729409,19.229961],[-103.729381,19.230381],[-103.728979,19.230937],[-103.728072,19.232192],[-103.727462,19.233036],[-103.726679,19.234118],[-103.725519,19.235722],[-103.726405,19.236088],[-103.725551,19.237365],[-103.725228,19.237848],[-103.724972,19.23823],[-103.724565,19.238772],[-103.724588,19.238916],[-103.723908,19.239827],[-103.723606,19.240233],[-103.724488,19.240877],[-103.723968,19.241495],[-103.723478,19.242078],[-103.723362,19.242129],[-103.721888,19.24278],[-103.721682,19.242899],[-103.720259,19.243146],[-103.719801,19.243829],[-103.719391,19.244381],[-103.719031,19.244864],[-103.718487,19.245607],[-103.717874,19.246444],[-103.717285,19.247248],[-103.717258,19.247284],[-103.716829,19.24787],[-103.716138,19.248683],[-103.715736,19.249156],[-103.715341,19.24962],[-103.715018,19.250001],[-103.714735,19.250336],[-103.714359,19.250781],[-103.713962,19.25125],[-103.713629,19.251643],[-103.713274,19.252063],[-103.712921,19.25248],[-103.71255,19.252918],[-103.71345,19.253586],[-103.714158,19.254111],[-103.714781,19.254573],[-103.715815,19.25534],[-103.716412,19.255783],[-103.716952,19.256183],[-103.718375,19.257265],[-103.718435,19.25731],[-103.719121,19.257831],[-103.720846,19.259142],[-103.721184,19.259406],[-103.722779,19.260597],[-103.723151,19.259688],[-103.723348,19.259207],[-103.723375,19.259141],[-103.723572,19.258661],[-103.72366,19.258444],[-103.724688,19.258802],[-103.725539,19.259098],[-103.725916,19.259229],[-103.726228,19.259338],[-103.726403,19.259399],[-103.727291,19.259723],[-103.727369,19.259752],[-103.727997,19.259982],[-103.728354,19.260112],[-103.728491,19.260162],[-103.728688,19.260235],[-103.729041,19.260364],[-103.730068,19.260726],[-103.730269,19.258766],[-103.73036,19.258061],[-103.730097,19.257188],[-103.731304,19.256786],[-103.73221,19.256516],[-103.732336,19.256097],[-103.732476,19.255633],[-103.732731,19.254788],[-103.733592,19.255072],[-103.733639,19.255088],[-103.735191,19.255482],[-103.73584,19.255733],[-103.736063,19.255819],[-103.736387,19.255944],[-103.736598,19.256042],[-103.737094,19.256273],[-103.737223,19.256331],[-103.737757,19.255208],[-103.7378,19.255017],[-103.738032,19.25399],[-103.738053,19.25385],[-103.738111,19.253681],[-103.738379,19.253213],[-103.738534,19.25302],[-103.738683,19.252833],[-103.738897,19.252519],[-103.73899,19.25229],[-103.739024,19.252208],[-103.739053,19.252141],[-103.739116,19.25199],[-103.739188,19.25173],[-103.739341,19.251364],[-103.739474,19.251084],[-103.739723,19.250583],[-103.739795,19.250402],[-103.739854,19.250255],[-103.739982,19.250034],[-103.740015,19.249976],[-103.740113,19.249849],[-103.740192,19.249694],[-103.740298,19.249546],[-103.740401,19.249343],[-103.740551,19.249112],[-103.740704,19.248548],[-103.741128,19.247711],[-103.741196,19.247577],[-103.741232,19.247504],[-103.741322,19.247327],[-103.741403,19.247166],[-103.74154,19.246967],[-103.741583,19.246932],[-103.741785,19.246772],[-103.741841,19.246732],[-103.742123,19.246534],[-103.74236,19.246164],[-103.742621,19.245539],[-103.74276,19.245086],[-103.742896,19.244537],[-103.742949,19.244344],[-103.742984,19.244214],[-103.743004,19.244119],[-103.743054,19.243907],[-103.743102,19.243699],[-103.743234,19.243521],[-103.743404,19.243377],[-103.743901,19.243101],[-103.744263,19.24298],[-103.744369,19.242926],[-103.744441,19.242863],[-103.744477,19.2428],[-103.744468,19.242674],[-103.744447,19.242538],[-103.744467,19.242396],[-103.744457,19.242295],[-103.744499,19.242291],[-103.744744,19.242278],[-103.745839,19.242218],[-103.747784,19.242112],[-103.747885,19.242106],[-103.747987,19.242101],[-103.748072,19.242096],[-103.748435,19.242103],[-103.748573,19.242098],[-103.748717,19.24211],[-103.749938,19.242082],[-103.751912,19.242037],[-103.751957,19.242036],[-103.75201,19.242034],[-103.752558,19.242016],[-103.752786,19.242008],[-103.753407,19.241987],[-103.753883,19.241971],[-103.755226,19.241908],[-103.755445,19.2419],[-103.755738,19.241889],[-103.755774,19.241892],[-103.755916,19.241902],[-103.756094,19.241916],[-103.756215,19.241937],[-103.756507,19.241989],[-103.756951,19.242052],[-103.75742,19.242152],[-103.757963,19.24224],[-103.758341,19.242247],[-103.758872,19.242237],[-103.759352,19.242169],[-103.759617,19.242132],[-103.759889,19.242044],[-103.760054,19.241991],[-103.760774,19.24168],[-103.760933,19.241607]]]}},{"type":"Feature","properties":{"distrito_l":14},"geometry":{"type":"Polygon","coordinates":[[[-104.366946,19.119069],[-104.366949,19.119452],[-104.36683,19.119436],[-104.366708,19.119419],[-104.366365,19.119372],[-104.366126,19.119337],[-104.365818,19.119286],[-104.365189,19.119198],[-104.364937,19.119169],[-104.364662,19.119158],[-104.363688,19.119113],[-104.362658,19.119083],[-104.362413,19.119081],[-104.362234,19.119097],[-104.362097,19.119115],[-104.361997,19.119134],[-104.361868,19.119164],[-104.361737,19.11921],[-104.361499,19.119297],[-104.361153,19.119419],[-104.36084,19.119539],[-104.360538,19.11965],[-104.359937,19.119881],[-104.359391,19.120083],[-104.359204,19.12015],[-104.358886,19.120243],[-104.358573,19.120304],[-104.358423,19.120324],[-104.358461,19.121218],[-104.35833,19.121587],[-104.358267,19.121762],[-104.358142,19.122215],[-104.357427,19.121977],[-104.357327,19.122441],[-104.357241,19.122839],[-104.357187,19.123078],[-104.357065,19.123565],[-104.35739,19.123761],[-104.357736,19.123963],[-104.357627,19.124481],[-104.357624,19.124552],[-104.357632,19.124593],[-104.357682,19.124708],[-104.357714,19.124885],[-104.357698,19.125095],[-104.357687,19.125179],[-104.357652,19.12523],[-104.357614,19.125247],[-104.357511,19.125303],[-104.357196,19.12545],[-104.356777,19.125661],[-104.356379,19.125918],[-104.356326,19.125961],[-104.355917,19.126252],[-104.355805,19.126337],[-104.355563,19.126499],[-104.355185,19.126752],[-104.355046,19.126876],[-104.355012,19.127025],[-104.35499,19.127174],[-104.354982,19.127319],[-104.354981,19.127394],[-104.355001,19.127487],[-104.355035,19.127599],[-104.355125,19.127841],[-104.355156,19.127938],[-104.355183,19.128005],[-104.355252,19.128119],[-104.355326,19.12824],[-104.355381,19.128316],[-104.355346,19.128377],[-104.355175,19.12861],[-104.355117,19.128679],[-104.355067,19.128749],[-104.355051,19.128774],[-104.355034,19.128811],[-104.354959,19.129177],[-104.353895,19.128651],[-104.353356,19.128388],[-104.353218,19.128314],[-104.353115,19.128261],[-104.353059,19.128246],[-104.352878,19.128281],[-104.352365,19.128375],[-104.352211,19.128396],[-104.352045,19.128407],[-104.351974,19.128407],[-104.351916,19.128436],[-104.351831,19.12849],[-104.351215,19.128907],[-104.350668,19.129263],[-104.349479,19.130067],[-104.349335,19.130171],[-104.349153,19.129963],[-104.348991,19.12969],[-104.34862,19.129203],[-104.348492,19.12937],[-104.348426,19.129492],[-104.348331,19.129671],[-104.348197,19.129957],[-104.348103,19.130132],[-104.347824,19.130654],[-104.347685,19.130898],[-104.347548,19.131143],[-104.347415,19.131397],[-104.347191,19.131828],[-104.346869,19.132425],[-104.346519,19.133088],[-104.346395,19.133294],[-104.346172,19.133652],[-104.345967,19.134021],[-104.345748,19.134403],[-104.345615,19.134616],[-104.345587,19.134701],[-104.345542,19.134836],[-104.345491,19.134962],[-104.345409,19.135038],[-104.345333,19.135147],[-104.345259,19.135254],[-104.345121,19.13547],[-104.344906,19.135844],[-104.344753,19.136183],[-104.344715,19.136286],[-104.344455,19.136644],[-104.344335,19.136868],[-104.34397,19.13762],[-104.343838,19.137973],[-104.343772,19.138234],[-104.343613,19.138936],[-104.343554,19.139213],[-104.343622,19.139247],[-104.343719,19.139288],[-104.343675,19.1394],[-104.343641,19.139495],[-104.3436,19.139609],[-104.343468,19.139605],[-104.343393,19.139815],[-104.343307,19.140028],[-104.343256,19.140145],[-104.343228,19.140293],[-104.343216,19.140461],[-104.343198,19.140625],[-104.343176,19.140753],[-104.343164,19.14087],[-104.343064,19.1412],[-104.34295,19.141587],[-104.342855,19.141985],[-104.342754,19.142429],[-104.342617,19.142406],[-104.342422,19.142366],[-104.342175,19.142311],[-104.341798,19.142225],[-104.340949,19.142029],[-104.340548,19.141955],[-104.339999,19.141854],[-104.339958,19.142027],[-104.339917,19.142188],[-104.339888,19.142348],[-104.339806,19.14273],[-104.339745,19.142984],[-104.339686,19.143254],[-104.338849,19.143064],[-104.337504,19.142763],[-104.337474,19.142741],[-104.337429,19.142597],[-104.337248,19.142855],[-104.337146,19.143005],[-104.337032,19.143153],[-104.336972,19.14322],[-104.33686,19.143346],[-104.336726,19.143506],[-104.336656,19.143611],[-104.336597,19.14373],[-104.336574,19.143847],[-104.336576,19.143964],[-104.336593,19.144122],[-104.336643,19.144323],[-104.336692,19.144496],[-104.336732,19.144701],[-104.336744,19.144815],[-104.336747,19.144917],[-104.336747,19.145137],[-104.336764,19.145512],[-104.336768,19.145703],[-104.336767,19.14594],[-104.336764,19.146033],[-104.336734,19.146748],[-104.336705,19.147621],[-104.336699,19.147932],[-104.336691,19.148063],[-104.33669,19.148128],[-104.336674,19.148532],[-104.336667,19.148811],[-104.336648,19.149225],[-104.336629,19.149519],[-104.336624,19.149605],[-104.336591,19.149799],[-104.336519,19.150136],[-104.336501,19.150234],[-104.336437,19.150549],[-104.336373,19.150842],[-104.33636,19.150903],[-104.336288,19.151206],[-104.336255,19.151359],[-104.336219,19.151507],[-104.336162,19.151798],[-104.336052,19.152317],[-104.336012,19.152491],[-104.335982,19.152627],[-104.335824,19.153356],[-104.335752,19.153734],[-104.335729,19.153939],[-104.335716,19.154028],[-104.33572,19.154188],[-104.335732,19.154348],[-104.335749,19.154422],[-104.335762,19.15448],[-104.335789,19.154583],[-104.335851,19.154729],[-104.335921,19.154901],[-104.335993,19.155064],[-104.336068,19.155203],[-104.336143,19.155368],[-104.336238,19.155524],[-104.336323,19.155699],[-104.336415,19.155867],[-104.336345,19.155863],[-104.336039,19.155843],[-104.332026,19.155573],[-104.329414,19.155101],[-104.329372,19.155094],[-104.322849,19.154548],[-104.322045,19.154463],[-104.321806,19.154166],[-104.321558,19.154063],[-104.321095,19.153912],[-104.320139,19.153616],[-104.319746,19.153495],[-104.319638,19.153463],[-104.319371,19.153406],[-104.318854,19.153233],[-104.318403,19.15308],[-104.31813,19.152989],[-104.318049,19.152911],[-104.31796,19.152883],[-104.317844,19.152831],[-104.317781,19.152793],[-104.317721,19.152747],[-104.317592,19.152646],[-104.317439,19.152526],[-104.317379,19.152488],[-104.317339,19.152477],[-104.317276,19.152468],[-104.317096,19.152408],[-104.316881,19.152334],[-104.316648,19.152264],[-104.316418,19.152194],[-104.316331,19.152159],[-104.316273,19.152125],[-104.316228,19.152086],[-104.31617,19.152018],[-104.316089,19.151909],[-104.316022,19.151813],[-104.3159,19.15167],[-104.315845,19.151607],[-104.31574,19.15149],[-104.315582,19.151343],[-104.315391,19.151276],[-104.31536,19.151261],[-104.315308,19.151229],[-104.315269,19.151205],[-104.315243,19.151167],[-104.315244,19.151125],[-104.315232,19.151012],[-104.315203,19.150916],[-104.315188,19.150843],[-104.315175,19.150807],[-104.315146,19.150685],[-104.315095,19.150775],[-104.315046,19.150784],[-104.314918,19.150768],[-104.314851,19.15076],[-104.314734,19.150748],[-104.314598,19.15074],[-104.314525,19.150741],[-104.314413,19.150737],[-104.314348,19.150745],[-104.314304,19.150758],[-104.314248,19.150781],[-104.314216,19.150785],[-104.314165,19.150786],[-104.314114,19.150772],[-104.314073,19.15078],[-104.314042,19.150793],[-104.314005,19.150799],[-104.313953,19.150808],[-104.313904,19.150808],[-104.313847,19.150805],[-104.313749,19.150808],[-104.313672,19.150813],[-104.313579,19.150794],[-104.313453,19.150774],[-104.313393,19.150776],[-104.313329,19.150786],[-104.313276,19.150796],[-104.313223,19.150798],[-104.313175,19.150797],[-104.313129,19.150796],[-104.313018,19.150795],[-104.312901,19.150804],[-104.312829,19.150804],[-104.312736,19.150807],[-104.312664,19.150805],[-104.312623,19.150802],[-104.312575,19.150796],[-104.312531,19.150783],[-104.312472,19.15075],[-104.312448,19.150799],[-104.312396,19.150873],[-104.312318,19.150959],[-104.312249,19.151058],[-104.312189,19.151128],[-104.312088,19.151235],[-104.311985,19.151332],[-104.311868,19.151436],[-104.311808,19.151448],[-104.311744,19.151492],[-104.311685,19.15153],[-104.311622,19.151562],[-104.311586,19.151575],[-104.311529,19.151593],[-104.31147,19.151599],[-104.311416,19.151603],[-104.311355,19.1516],[-104.3113,19.151592],[-104.311241,19.151587],[-104.311145,19.151561],[-104.311049,19.151531],[-104.310787,19.151509],[-104.310456,19.151495],[-104.310366,19.151489],[-104.310248,19.151476],[-104.310198,19.151482],[-104.310156,19.151516],[-104.310137,19.151552],[-104.310125,19.15159],[-104.310124,19.151632],[-104.310125,19.15168],[-104.310133,19.151767],[-104.310161,19.151905],[-104.310177,19.152009],[-104.310185,19.152093],[-104.310203,19.152195],[-104.310226,19.152285],[-104.310243,19.152389],[-104.310255,19.152459],[-104.31027,19.152525],[-104.311542,19.152596],[-104.31154,19.155294],[-104.311482,19.156207],[-104.311365,19.157452],[-104.311422,19.159153],[-104.311596,19.160067],[-104.311421,19.161312],[-104.31113,19.16264],[-104.311304,19.163636],[-104.311126,19.164651],[-104.310545,19.164977],[-104.309262,19.165696],[-104.309148,19.165759],[-104.308281,19.166963],[-104.306662,19.168073],[-104.305562,19.169831],[-104.304288,19.170789],[-104.303247,19.171828],[-104.301974,19.172992],[-104.301048,19.17428],[-104.300757,19.173245],[-104.300115,19.170555],[-104.299538,19.1718],[-104.298378,19.171059],[-104.29716,19.170897],[-104.295828,19.171565],[-104.29519,19.170987],[-104.294551,19.16983],[-104.293277,19.168051],[-104.291009,19.168047],[-104.289621,19.167114],[-104.288287,19.168043],[-104.282805,19.168033],[-104.28176,19.167659],[-104.280251,19.16741],[-104.278569,19.167161],[-104.276769,19.167368],[-104.275551,19.167368],[-104.275145,19.166206],[-104.274043,19.165541],[-104.272534,19.165168],[-104.271374,19.16496],[-104.270213,19.165582],[-104.269981,19.16471],[-104.269227,19.163922],[-104.267893,19.162884],[-104.26757,19.163136],[-104.2665,19.163963],[-104.265687,19.164336],[-104.264932,19.164253],[-104.263946,19.164128],[-104.262959,19.164086],[-104.262089,19.164211],[-104.26145,19.164252],[-104.26058,19.163629],[-104.259856,19.163444],[-104.259768,19.163421],[-104.25884,19.16284],[-104.259421,19.161678],[-104.260118,19.161761],[-104.260028,19.16144],[-104.260002,19.161346],[-104.259886,19.160931],[-104.259481,19.160101],[-104.258726,19.159727],[-104.257798,19.159686],[-104.257043,19.159727],[-104.255708,19.160059],[-104.254779,19.160473],[-104.254559,19.160696],[-104.254082,19.161179],[-104.25396,19.161208],[-104.253618,19.161262],[-104.253154,19.160805],[-104.252748,19.160307],[-104.252169,19.159767],[-104.251589,19.159435],[-104.250951,19.158771],[-104.250283,19.157894],[-104.249385,19.157234],[-104.247993,19.157151],[-104.246948,19.157026],[-104.246136,19.15632],[-104.245441,19.155573],[-104.245035,19.155075],[-104.244629,19.154577],[-104.243991,19.154286],[-104.242308,19.154451],[-104.241321,19.154824],[-104.240276,19.155322],[-104.240061,19.155563],[-104.240042,19.155584],[-104.239869,19.155778],[-104.239811,19.156359],[-104.239752,19.156899],[-104.239447,19.157516],[-104.239403,19.157604],[-104.23888,19.158061],[-104.238126,19.158351],[-104.236674,19.15889],[-104.236337,19.158927],[-104.234817,19.159097],[-104.234236,19.159553],[-104.234288,19.15974],[-104.234525,19.160591],[-104.234467,19.161338],[-104.233885,19.162292],[-104.23313,19.163163],[-104.232317,19.163868],[-104.231562,19.164076],[-104.230982,19.163743],[-104.230867,19.163038],[-104.231099,19.162457],[-104.231158,19.161959],[-104.231275,19.161419],[-104.231043,19.160672],[-104.230695,19.160174],[-104.230638,19.159717],[-104.230697,19.159136],[-104.230407,19.158348],[-104.229826,19.158721],[-104.229013,19.159343],[-104.228374,19.159965],[-104.227619,19.160712],[-104.226748,19.160961],[-104.225298,19.160919],[-104.224544,19.160503],[-104.22379,19.159963],[-104.222862,19.159423],[-104.222051,19.157929],[-104.221472,19.156891],[-104.220834,19.156476],[-104.219963,19.1566],[-104.21973,19.157388],[-104.219671,19.158218],[-104.219573,19.158847],[-104.219554,19.158965],[-104.219361,19.159131],[-104.218973,19.159463],[-104.218393,19.15967],[-104.217638,19.159587],[-104.217175,19.159006],[-104.217002,19.158341],[-104.21648,19.157968],[-104.21598,19.158285],[-104.215957,19.158299],[-104.215376,19.158714],[-104.214854,19.158921],[-104.214273,19.158963],[-104.213462,19.158298],[-104.212534,19.157426],[-104.211838,19.156679],[-104.211317,19.156139],[-104.210853,19.155475],[-104.210042,19.154271],[-104.209753,19.153482],[-104.209464,19.152278],[-104.208943,19.151531],[-104.208305,19.151406],[-104.208014,19.151738],[-104.207723,19.152194],[-104.207259,19.152692],[-104.20699,19.152607],[-104.206737,19.152526],[-104.206157,19.152027],[-104.206125,19.151959],[-104.205925,19.151529],[-104.205926,19.151269],[-104.205926,19.150907],[-104.205869,19.150284],[-104.205695,19.149745],[-104.205058,19.148997],[-104.204281,19.149143],[-104.203955,19.149204],[-104.202852,19.149328],[-104.202718,19.14924],[-104.202214,19.148912],[-104.201983,19.148041],[-104.201287,19.147833],[-104.201228,19.147819],[-104.200765,19.147708],[-104.200219,19.147382],[-104.200069,19.147293],[-104.199432,19.14667],[-104.198736,19.146254],[-104.197808,19.145756],[-104.196822,19.145838],[-104.195602,19.14646],[-104.194964,19.146501],[-104.194094,19.146334],[-104.193222,19.146832],[-104.192758,19.147413],[-104.192119,19.147495],[-104.191133,19.147453],[-104.189972,19.147203],[-104.18916,19.147452],[-104.188753,19.148116],[-104.188288,19.148738],[-104.187824,19.14853],[-104.187244,19.148115],[-104.186606,19.147865],[-104.186141,19.148321],[-104.186024,19.148902],[-104.185734,19.149234],[-104.185269,19.149234],[-104.184747,19.148984],[-104.184226,19.148652],[-104.18382,19.148278],[-104.18324,19.148236],[-104.182833,19.148734],[-104.182658,19.149274],[-104.181961,19.149564],[-104.181381,19.149148],[-104.180395,19.149355],[-104.179466,19.149271],[-104.178247,19.149519],[-104.176854,19.149767],[-104.175867,19.150389],[-104.175866,19.150929],[-104.17598,19.15234],[-104.175282,19.153668],[-104.175455,19.154788],[-104.175685,19.155992],[-104.175684,19.156988],[-104.176146,19.158233],[-104.176783,19.15923],[-104.17742,19.160558],[-104.17765,19.161679],[-104.177649,19.162551],[-104.17759,19.163671],[-104.177763,19.16446],[-104.178226,19.165207],[-104.178574,19.165705],[-104.178747,19.166494],[-104.178978,19.167034],[-104.180253,19.168114],[-104.180905,19.1695],[-104.181079,19.170535],[-104.181602,19.171362],[-104.18195,19.172603],[-104.181893,19.173432],[-104.182126,19.174922],[-104.182881,19.176701],[-104.183219,19.177764],[-104.183405,19.178688],[-104.184158,19.178685],[-104.183695,19.179142],[-104.183521,19.179888],[-104.183523,19.181338],[-104.183466,19.182456],[-104.18393,19.183366],[-104.183931,19.184526],[-104.182316,19.186932],[-104.181759,19.187762],[-104.18104,19.187246],[-104.179649,19.185876],[-104.178372,19.18546],[-104.177265,19.184667],[-104.176923,19.184421],[-104.176228,19.183383],[-104.175782,19.182872],[-104.175359,19.182387],[-104.173677,19.181472],[-104.172865,19.180974],[-104.171937,19.180019],[-104.170661,19.179561],[-104.168629,19.179809],[-104.167932,19.180348],[-104.166886,19.181343],[-104.165956,19.182089],[-104.165085,19.182254],[-104.163809,19.182087],[-104.162648,19.181837],[-104.161836,19.182003],[-104.160673,19.182832],[-104.159337,19.183744],[-104.158118,19.184158],[-104.156842,19.183617],[-104.155997,19.18394],[-104.156053,19.183158],[-104.154778,19.183451],[-104.154545,19.183614],[-104.153851,19.184117],[-104.152924,19.184616],[-104.151997,19.184909],[-104.15136,19.185035],[-104.15049,19.18512],[-104.149795,19.185122],[-104.149157,19.185041],[-104.148461,19.184463],[-104.147881,19.183844],[-104.147443,19.183219],[-104.147301,19.183017],[-104.14688,19.182517],[-104.146779,19.182397],[-104.146025,19.181654],[-104.14504,19.181118],[-104.144576,19.180539],[-104.144054,19.179671],[-104.144079,19.179301],[-104.144111,19.178635],[-104.143009,19.177562],[-104.142488,19.177853],[-104.141908,19.178269],[-104.141535,19.178434],[-104.141155,19.178602],[-104.14046,19.17877],[-104.139736,19.178977],[-104.139069,19.179354],[-104.137968,19.179854],[-104.136926,19.180519],[-104.135883,19.180812],[-104.134955,19.18069],[-104.134754,19.18065],[-104.133506,19.180404],[-104.133198,19.180571],[-104.132521,19.180945],[-104.132174,19.181857],[-104.131943,19.182728],[-104.13119,19.184055],[-104.130089,19.184762],[-104.128872,19.185014],[-104.128003,19.185182],[-104.12696,19.185516],[-104.125859,19.185643],[-104.125163,19.185314],[-104.124409,19.184819],[-104.123772,19.184158],[-104.122902,19.183539],[-104.121685,19.18317],[-104.12041,19.183421],[-104.119541,19.183797],[-104.118961,19.184419],[-104.118324,19.185415],[-104.117745,19.186369],[-104.11705,19.186909],[-104.116181,19.187284],[-104.115312,19.187618],[-104.113979,19.188408],[-104.112994,19.188949],[-104.111951,19.189739],[-104.11114,19.190528],[-104.110386,19.190489],[-104.110145,19.190331],[-104.109691,19.190035],[-104.108589,19.189706],[-104.107062,19.189697],[-104.106392,19.189839],[-104.105807,19.189962],[-104.105688,19.189991],[-104.104417,19.190297],[-104.10291,19.190259],[-104.101345,19.189974],[-104.100127,19.189687],[-104.099316,19.189399],[-104.095568,19.188796],[-104.095483,19.188782],[-104.095259,19.188746],[-104.095432,19.187421],[-104.09588,19.186509],[-104.094098,19.185187],[-104.093171,19.184983],[-104.09207,19.185317],[-104.090273,19.186067],[-104.088361,19.18487],[-104.086506,19.184792],[-104.085752,19.184256],[-104.085057,19.183885],[-104.084303,19.183514],[-104.083318,19.183143],[-104.082548,19.18437],[-104.081985,19.181697],[-104.07955,19.180626],[-104.08015,19.180441],[-104.077927,19.179926],[-104.077174,19.179928],[-104.076421,19.180012],[-104.075841,19.180428],[-104.074972,19.180389],[-104.07416,19.180929],[-104.073755,19.181758],[-104.07306,19.18176],[-104.072016,19.182011],[-104.071321,19.182178],[-104.070336,19.182139],[-104.069524,19.18239],[-104.068655,19.183179],[-104.068134,19.183801],[-104.067206,19.18401],[-104.065931,19.184096],[-104.064714,19.184265],[-104.063439,19.184351],[-104.06257,19.18485],[-104.062049,19.185762],[-104.061527,19.186592],[-104.058658,19.187331],[-104.057728,19.192778],[-104.060032,19.20397],[-104.06071,19.207264],[-104.066757,19.236633],[-104.031831,19.252555],[-104.03174,19.254295],[-104.02994,19.288745],[-104.028157,19.316029],[-104.027304,19.329059],[-104.010774,19.335181],[-103.991673,19.342252],[-103.978722,19.347078],[-103.974816,19.348533],[-103.973921,19.348866],[-103.966473,19.351641],[-103.965807,19.351889],[-103.963124,19.352889],[-103.940643,19.361261],[-103.939973,19.36151],[-103.900663,19.37614],[-103.901178,19.376683],[-103.901525,19.376812],[-103.901814,19.376898],[-103.902162,19.376943],[-103.902685,19.37695],[-103.903211,19.376708],[-103.903618,19.376631],[-103.903966,19.376676],[-103.904197,19.376762],[-103.904944,19.377391],[-103.90558,19.377564],[-103.906098,19.3779],[-103.906675,19.378197],[-103.907193,19.378534],[-103.90742,19.378867],[-103.90788,19.379244],[-103.908226,19.379414],[-103.908631,19.379543],[-103.908975,19.379836],[-103.909258,19.380377],[-103.909198,19.380541],[-103.909248,19.381079],[-103.9093,19.381534],[-103.909293,19.381988],[-103.909575,19.382611],[-103.9098,19.383151],[-103.910026,19.383608],[-103.910194,19.384065],[-103.91042,19.384522],[-103.91059,19.384813],[-103.910757,19.385353],[-103.910984,19.385686],[-103.911211,19.38606],[-103.911608,19.386768],[-103.911835,19.387183],[-103.911944,19.387681],[-103.912055,19.388012],[-103.912224,19.388386],[-103.912393,19.38876],[-103.912505,19.389051],[-103.912616,19.389465],[-103.912439,19.38967],[-103.912667,19.389962],[-103.913015,19.389966],[-103.913304,19.390093],[-103.913649,19.390387],[-103.913932,19.390886],[-103.913927,19.391258],[-103.914152,19.391756],[-103.914377,19.392296],[-103.914547,19.392629],[-103.915122,19.393049],[-103.915524,19.393343],[-103.915808,19.393842],[-103.916031,19.394506],[-103.916257,19.394922],[-103.916366,19.39546],[-103.916707,19.39596],[-103.916932,19.3965],[-103.917451,19.396754],[-103.917853,19.397089],[-103.918025,19.397298],[-103.918251,19.397755],[-103.918128,19.39825],[-103.918123,19.39858],[-103.918116,19.399076],[-103.918344,19.399409],[-103.918513,19.399783],[-103.918738,19.400281],[-103.918965,19.400697],[-103.91925,19.401073],[-103.919245,19.401444],[-103.919124,19.401815],[-103.919293,19.402189],[-103.919405,19.402479],[-103.919574,19.402812],[-103.919746,19.40302],[-103.919801,19.403228],[-103.919969,19.403643],[-103.920139,19.403975],[-103.92031,19.404225],[-103.920543,19.404145],[-103.920778,19.403983],[-103.921011,19.403903],[-103.92124,19.404195],[-103.921526,19.404529],[-103.921638,19.40482],[-103.921862,19.405401],[-103.922029,19.405899],[-103.922198,19.406273],[-103.922547,19.406277],[-103.92278,19.406238],[-103.922956,19.406075],[-103.923193,19.405748],[-103.923484,19.40571],[-103.923654,19.406001],[-103.923649,19.406373],[-103.923526,19.406908],[-103.923753,19.407283],[-103.924217,19.40733],[-103.924567,19.40721],[-103.924856,19.407338],[-103.925437,19.407345],[-103.92602,19.407187],[-103.926541,19.407276],[-103.926596,19.407524],[-103.926824,19.407857],[-103.926993,19.40819],[-103.927045,19.408645],[-103.927039,19.409058],[-103.92715,19.409473],[-103.927264,19.409598],[-103.927791,19.409274],[-103.92832,19.408867],[-103.928731,19.408583],[-103.929018,19.408834],[-103.929071,19.409165],[-103.929066,19.409496],[-103.929003,19.409867],[-103.928998,19.410239],[-103.929051,19.410611],[-103.929397,19.410822],[-103.929747,19.410702],[-103.92998,19.410622],[-103.930153,19.410748],[-103.930381,19.411082],[-103.930547,19.411662],[-103.93071,19.412449],[-103.930879,19.412864],[-103.931163,19.413322],[-103.931328,19.413944],[-103.931554,19.414442],[-103.931719,19.415105],[-103.931827,19.415685],[-103.93205,19.416349],[-103.932338,19.416517],[-103.932626,19.416727],[-103.932913,19.416979],[-103.933487,19.417481],[-103.933883,19.41823],[-103.933759,19.418848],[-103.933457,19.419629],[-103.933626,19.420003],[-103.934377,19.420343],[-103.934781,19.420554],[-103.935244,19.420643],[-103.935768,19.420608],[-103.936172,19.420736],[-103.936395,19.421441],[-103.936443,19.422186],[-103.936436,19.422681],[-103.936483,19.423467],[-103.93653,19.424252],[-103.93652,19.425037],[-103.936685,19.4257],[-103.93678,19.426096],[-103.936795,19.426156],[-103.936849,19.426446],[-103.937071,19.427192],[-103.937294,19.427856],[-103.937402,19.428477],[-103.937514,19.428726],[-103.937681,19.429306],[-103.937736,19.429472],[-103.93773,19.429927],[-103.937723,19.430422],[-103.937602,19.430793],[-103.937482,19.431039],[-103.937479,19.431287],[-103.937417,19.431534],[-103.937646,19.431785],[-103.937876,19.431953],[-103.938224,19.431998],[-103.938512,19.432208],[-103.938741,19.432459],[-103.939146,19.432547],[-103.939615,19.432304],[-103.939965,19.432143],[-103.940315,19.432065],[-103.940721,19.432152],[-103.940891,19.432402],[-103.940826,19.432939],[-103.94111,19.433397],[-103.941573,19.433526],[-103.941978,19.433655],[-103.94256,19.433621],[-103.943546,19.433674],[-103.944126,19.433763],[-103.944762,19.433978],[-103.94537,19.434212],[-103.944965,19.434994],[-103.944503,19.436023],[-103.944424,19.436418],[-103.944331,19.436887],[-103.944276,19.437874],[-103.944745,19.439107],[-103.945155,19.440175],[-103.944691,19.44235],[-103.944409,19.443672],[-103.944412,19.444658],[-103.944357,19.445728],[-103.944505,19.446753],[-103.944535,19.446961],[-103.944829,19.448112],[-103.945066,19.449345],[-103.945069,19.450537],[-103.945131,19.45173],[-103.94525,19.452799],[-103.945486,19.453785],[-103.945646,19.454455],[-103.944806,19.455176],[-103.940766,19.458658],[-103.941001,19.459527],[-103.941293,19.460272],[-103.941643,19.46085],[-103.941992,19.461139],[-103.942458,19.461469],[-103.942924,19.461923],[-103.943274,19.462336],[-103.943973,19.46308],[-103.944032,19.463866],[-103.944383,19.464859],[-103.94421,19.465481],[-103.943978,19.466227],[-103.944444,19.466391],[-103.944735,19.466515],[-103.945258,19.466306],[-103.945624,19.466104],[-103.945953,19.465923],[-103.946014,19.46589],[-103.946769,19.46568],[-103.947293,19.465637],[-103.947934,19.466174],[-103.948167,19.466877],[-103.948574,19.466793],[-103.949329,19.465921],[-103.94991,19.465712],[-103.950491,19.465214],[-103.95206,19.464091],[-103.952583,19.464131],[-103.952671,19.464192],[-103.952758,19.464254],[-103.953049,19.46446],[-103.954097,19.464996],[-103.954447,19.465574],[-103.954623,19.466278],[-103.954972,19.466567],[-103.955147,19.466897],[-103.955555,19.467145],[-103.955845,19.466771],[-103.956077,19.466149],[-103.956483,19.465692],[-103.957297,19.465317],[-103.958577,19.465603],[-103.9591,19.465601],[-103.959914,19.465433],[-103.960264,19.465681],[-103.960672,19.466259],[-103.961197,19.466796],[-103.961545,19.466671],[-103.961953,19.466794],[-103.962476,19.466751],[-103.963,19.466873],[-103.96364,19.46712],[-103.964629,19.467117],[-103.96492,19.467199],[-103.96527,19.467529],[-103.965503,19.468025],[-103.965504,19.468315],[-103.965447,19.468895],[-103.965099,19.469559],[-103.964402,19.470099],[-103.963589,19.470681],[-103.963008,19.471304],[-103.962253,19.472094],[-103.961557,19.472924],[-103.961326,19.473794],[-103.963305,19.474616],[-103.965749,19.475064],[-103.966097,19.474732],[-103.966213,19.474359],[-103.966969,19.474481],[-103.967376,19.47448],[-103.967434,19.474024],[-103.967549,19.473237],[-103.967781,19.473029],[-103.968129,19.472282],[-103.969232,19.471119],[-103.969987,19.470537],[-103.970335,19.470288],[-103.970625,19.46979],[-103.970857,19.469127],[-103.971261,19.467676],[-103.971782,19.46639],[-103.972188,19.465685],[-103.972303,19.464815],[-103.972127,19.464029],[-103.971659,19.462581],[-103.97107,19.458938],[-103.970953,19.45869],[-103.971301,19.457985],[-103.971416,19.457488],[-103.971298,19.456577],[-103.971763,19.456037],[-103.972461,19.456242],[-103.973973,19.456196],[-103.975078,19.456193],[-103.976242,19.456562],[-103.976999,19.456683],[-103.978162,19.456845],[-103.978919,19.456967],[-103.979559,19.457131],[-103.980082,19.457088],[-103.981129,19.456919],[-103.98171,19.456668],[-103.982349,19.456211],[-103.983103,19.455463],[-103.984206,19.454134],[-103.984728,19.453387],[-103.985193,19.453386],[-103.985428,19.454255],[-103.985313,19.454959],[-103.985199,19.456202],[-103.98491,19.457528],[-103.984796,19.458315],[-103.985088,19.459308],[-103.985382,19.460549],[-103.985326,19.461751],[-103.985269,19.462455],[-103.985445,19.462993],[-103.985503,19.463241],[-103.985504,19.463779],[-103.985794,19.46403],[-103.986029,19.464233],[-103.986671,19.465515],[-103.986673,19.46626],[-103.986907,19.467171],[-103.987374,19.467956],[-103.987782,19.468369],[-103.988015,19.468824],[-103.98854,19.469195],[-104.011492,19.478029],[-104.02602,19.478263],[-104.02605,19.478491],[-104.026079,19.478719],[-104.026257,19.480333],[-104.02626,19.481493],[-104.02632,19.482445],[-104.026439,19.48348],[-104.026615,19.484308],[-104.027139,19.484596],[-104.028072,19.485338],[-104.028248,19.486124],[-104.028075,19.486705],[-104.027844,19.487658],[-104.028371,19.48894],[-104.029246,19.490138],[-104.030004,19.490839],[-104.030412,19.491376],[-104.030764,19.492493],[-104.030999,19.493403],[-104.031001,19.494646],[-104.031061,19.49535],[-104.03118,19.496343],[-104.031529,19.496549],[-104.03182,19.496672],[-104.032227,19.496547],[-104.033681,19.496003],[-104.034611,19.495876],[-104.034959,19.49546],[-104.035832,19.495375],[-104.036297,19.495414],[-104.037402,19.495245],[-104.038508,19.495282],[-104.039321,19.494907],[-104.039842,19.493828],[-104.040422,19.492791],[-104.040769,19.492003],[-104.042048,19.491419],[-104.043152,19.490959],[-104.043792,19.490833],[-104.044022,19.489838],[-104.044427,19.488967],[-104.044833,19.488386],[-104.044948,19.487723],[-104.045645,19.48714],[-104.047213,19.486265],[-104.048084,19.485392],[-104.048315,19.484687],[-104.048895,19.48394],[-104.049301,19.483317],[-104.049708,19.483192],[-104.050578,19.482319],[-104.051564,19.480783],[-104.051912,19.480368],[-104.051846,19.479932],[-104.051793,19.479581],[-104.051558,19.478547],[-104.051789,19.477842],[-104.051904,19.477303],[-104.052018,19.476309],[-104.051726,19.475771],[-104.051492,19.475234],[-104.051432,19.47453],[-104.050965,19.473703],[-104.050556,19.473084],[-104.050264,19.472298],[-104.05032,19.471304],[-104.050492,19.470392],[-104.050666,19.470019],[-104.051131,19.470183],[-104.05183,19.470636],[-104.052764,19.471833],[-104.053114,19.472371],[-104.053581,19.47299],[-104.054571,19.473235],[-104.054803,19.473276],[-104.05585,19.473065],[-104.056059,19.473064],[-104.056315,19.473063],[-104.056548,19.473186],[-104.056669,19.473753],[-104.056725,19.474014],[-104.056727,19.474801],[-104.05702,19.475835],[-104.057778,19.476454],[-104.058826,19.476823],[-104.059815,19.476902],[-104.060168,19.476843],[-104.061268,19.476648],[-104.062142,19.477101],[-104.062725,19.477595],[-104.063425,19.478214],[-104.063891,19.478502],[-104.065926,19.478329],[-104.068256,19.479273],[-104.069515,19.480091],[-104.070828,19.481091],[-104.073334,19.485191],[-104.074547,19.487176],[-104.09045,19.474417],[-104.09193,19.452261],[-104.092046,19.450521],[-104.092216,19.44966],[-104.09746,19.422954],[-104.098266,19.418799],[-104.10206,19.409826],[-104.102337,19.40917],[-104.105142,19.402537],[-104.106818,19.398572],[-104.106969,19.398214],[-104.108347,19.393645],[-104.125208,19.377435],[-104.137381,19.353301],[-104.15288,19.333104],[-104.162759,19.331551],[-104.168852,19.330192],[-104.180534,19.327587],[-104.190735,19.320357],[-104.204038,19.317762],[-104.208136,19.315706],[-104.209896,19.314823],[-104.215706,19.313857],[-104.235794,19.307905],[-104.238353,19.307937],[-104.241087,19.308339],[-104.243709,19.30944],[-104.245226,19.31075],[-104.247385,19.312305],[-104.248838,19.312258],[-104.250345,19.311143],[-104.251562,19.310398],[-104.253189,19.310227],[-104.254875,19.310139],[-104.255979,19.310012],[-104.256971,19.31083],[-104.257903,19.311279],[-104.258778,19.311728],[-104.259769,19.312218],[-104.261049,19.312501],[-104.261685,19.3118],[-104.261855,19.310853],[-104.261906,19.309455],[-104.262133,19.308344],[-104.263463,19.306858],[-104.264856,19.30636],[-104.266249,19.305943],[-104.267641,19.305115],[-104.268334,19.304249],[-104.26891,19.303219],[-104.269894,19.302269],[-104.27088,19.301855],[-104.271866,19.30144],[-104.273028,19.301147],[-104.27336,19.30117],[-104.273609,19.301186],[-104.274655,19.3011],[-104.275876,19.301013],[-104.277213,19.301131],[-104.278379,19.301785],[-104.278848,19.302441],[-104.279958,19.30363],[-104.280656,19.303586],[-104.281351,19.303131],[-104.281988,19.302511],[-104.282681,19.301645],[-104.282677,19.300782],[-104.282613,19.299795],[-104.282493,19.298891],[-104.282605,19.298027],[-104.283009,19.297449],[-104.284111,19.297075],[-104.285216,19.297029],[-104.286554,19.297271],[-104.287314,19.298173],[-104.287261,19.299078],[-104.287264,19.299818],[-104.287789,19.300104],[-104.288372,19.300307],[-104.288897,19.30084],[-104.28919,19.30125],[-104.289715,19.301618],[-104.291289,19.302434],[-104.292163,19.302801],[-104.292921,19.303168],[-104.293795,19.303576],[-104.294609,19.303696],[-104.29583,19.303568],[-104.296759,19.303318],[-104.297629,19.302985],[-104.298612,19.301953],[-104.298725,19.301336],[-104.299012,19.300636],[-104.299125,19.299895],[-104.299179,19.299237],[-104.299176,19.298579],[-104.299173,19.297921],[-104.299344,19.297304],[-104.299631,19.296603],[-104.300267,19.295984],[-104.300788,19.295571],[-104.301542,19.295115],[-104.302585,19.294577],[-104.303281,19.294245],[-104.304268,19.293871],[-104.304966,19.294033],[-104.305605,19.293948],[-104.306184,19.293452],[-104.306879,19.292956],[-104.3074,19.292584],[-104.308036,19.291923],[-104.308441,19.29151],[-104.309019,19.290891],[-104.309947,19.290517],[-104.310527,19.290145],[-104.31116,19.288991],[-104.3111,19.288497],[-104.311269,19.287551],[-104.311266,19.286934],[-104.311146,19.286153],[-104.311084,19.285578],[-104.311139,19.284961],[-104.311252,19.284261],[-104.31177,19.283272],[-104.312347,19.282529],[-104.312635,19.281911],[-104.312865,19.281499],[-104.313269,19.280881],[-104.313963,19.280179],[-104.314484,19.279889],[-104.315298,19.279803],[-104.316288,19.280128],[-104.317045,19.280454],[-104.317743,19.280534],[-104.318732,19.280612],[-104.31978,19.280978],[-104.320653,19.281262],[-104.321524,19.281053],[-104.322337,19.280885],[-104.322803,19.281048],[-104.323504,19.281621],[-104.323798,19.282236],[-104.324154,19.283592],[-104.32462,19.283919],[-104.325263,19.284451],[-104.326196,19.285147],[-104.327187,19.285677],[-104.328586,19.286247],[-104.329342,19.286367],[-104.329693,19.286859],[-104.330162,19.287598],[-104.331154,19.288252],[-104.331735,19.288167],[-104.332198,19.287795],[-104.33252,19.287542],[-104.334575,19.287899],[-104.336365,19.288132],[-104.337801,19.288941],[-104.33895,19.289538],[-104.340013,19.289797],[-104.340219,19.289847],[-104.341889,19.290493],[-104.343448,19.290722],[-104.34479,19.289785],[-104.346026,19.288057],[-104.34738,19.286165],[-104.348494,19.285017],[-104.349142,19.28407],[-104.35014,19.282879],[-104.350786,19.282099],[-104.351896,19.281242],[-104.352599,19.280503],[-104.353603,19.278897],[-104.354198,19.277534],[-104.35479,19.276421],[-104.355266,19.275388],[-104.356381,19.274074],[-104.357554,19.272761],[-104.359016,19.271493],[-104.360647,19.27056],[-104.36239,19.269919],[-104.363725,19.269563],[-104.365218,19.270456],[-104.365078,19.272448],[-104.36431,19.273726],[-104.364514,19.275972],[-104.365656,19.277151],[-104.367028,19.278458],[-104.368637,19.279352],[-104.3699,19.280075],[-104.371336,19.280884],[-104.37283,19.281694],[-104.373978,19.282416],[-104.375132,19.282681],[-104.376294,19.282281],[-104.3777,19.280846],[-104.378874,19.279408],[-104.380749,19.277439],[-104.382327,19.276173],[-104.382527,19.271916],[-104.382873,19.271534],[-104.383275,19.270648],[-104.383332,19.270479],[-104.383562,19.270014],[-104.384081,19.269505],[-104.384602,19.269122],[-104.385239,19.268865],[-104.386398,19.268436],[-104.387676,19.268342],[-104.388547,19.268378],[-104.389475,19.268202],[-104.390346,19.268238],[-104.390753,19.268319],[-104.391218,19.268358],[-104.392147,19.268267],[-104.39267,19.268305],[-104.392902,19.268303],[-104.393424,19.268299],[-104.393946,19.268043],[-104.394759,19.268079],[-104.395224,19.26816],[-104.39592,19.268028],[-104.396616,19.26777],[-104.397135,19.267261],[-104.397657,19.267047],[-104.39841,19.266663],[-104.398872,19.26628],[-104.399045,19.266027],[-104.399448,19.265392],[-104.399793,19.2648],[-104.400139,19.264461],[-104.400543,19.263995],[-104.400948,19.263697],[-104.401354,19.26361],[-104.401993,19.26369],[-104.402751,19.264105],[-104.402928,19.264651],[-104.402643,19.265537],[-104.402704,19.26621],[-104.403347,19.266878],[-104.403816,19.267632],[-104.403762,19.26839],[-104.40394,19.269063],[-104.403654,19.26978],[-104.403252,19.270709],[-104.402676,19.271555],[-104.402273,19.272106],[-104.401987,19.272908],[-104.40228,19.27341],[-104.402513,19.273493],[-104.402866,19.27429],[-104.402811,19.27488],[-104.403104,19.275425],[-104.402874,19.275805],[-104.402414,19.276608],[-104.402389,19.276637],[-104.401779,19.277329],[-104.401492,19.277962],[-104.400973,19.278555],[-104.400626,19.278853],[-104.400281,19.279402],[-104.400052,19.279951],[-104.399648,19.280543],[-104.399187,19.281094],[-104.398668,19.281771],[-104.39838,19.282237],[-104.398211,19.283122],[-104.398563,19.283793],[-104.398856,19.284211],[-104.399324,19.284839],[-104.399909,19.285592],[-104.401016,19.286258],[-104.401945,19.286124],[-104.402755,19.285571],[-104.403565,19.285018],[-104.404317,19.284591],[-104.405417,19.283994],[-104.405938,19.283653],[-104.406692,19.283395],[-104.40762,19.283178],[-104.409477,19.282911],[-104.410579,19.282734],[-104.411508,19.282685],[-104.41203,19.282555],[-104.41261,19.282466],[-104.413306,19.282251],[-104.41371,19.281785],[-104.413824,19.281321],[-104.413993,19.28052],[-104.414163,19.279803],[-104.414567,19.279211],[-104.415146,19.27887],[-104.416247,19.27844],[-104.416768,19.278226],[-104.416942,19.278183],[-104.417057,19.277971],[-104.41775,19.277377],[-104.41833,19.277162],[-104.418968,19.277073],[-104.419839,19.276982],[-104.420593,19.276808],[-104.421407,19.276928],[-104.422104,19.277049],[-104.422572,19.277508],[-104.423038,19.277884],[-104.423622,19.278342],[-104.424205,19.278717],[-104.425075,19.278668],[-104.425653,19.278158],[-104.426115,19.277692],[-104.426752,19.277266],[-104.42739,19.277135],[-104.427795,19.276922],[-104.428375,19.276833],[-104.429361,19.276531],[-104.429709,19.276402],[-104.429998,19.276189],[-104.430403,19.276018],[-104.431448,19.275968],[-104.432144,19.275836],[-104.432666,19.275706],[-104.433189,19.27566],[-104.433886,19.275654],[-104.434409,19.275692],[-104.435805,19.276103],[-104.436734,19.276138],[-104.437489,19.27609],[-104.438658,19.275203],[-104.438765,19.275121],[-104.436523,19.271624],[-104.436902,19.268887],[-104.437731,19.267278],[-104.438677,19.265628],[-104.439033,19.264802],[-104.438869,19.264052],[-104.439805,19.263151],[-104.441488,19.262674],[-104.442999,19.262113],[-104.444508,19.261634],[-104.445902,19.261154],[-104.447468,19.260801],[-104.448512,19.260524],[-104.449085,19.260264],[-104.44985,19.259918],[-104.451705,19.259486],[-104.452917,19.259751],[-104.454415,19.260228],[-104.455569,19.260451],[-104.456902,19.260219],[-104.458131,19.25903],[-104.459075,19.257422],[-104.45967,19.256018],[-104.459401,19.254311],[-104.458671,19.252432],[-104.457585,19.251337],[-104.457159,19.25075],[-104.456732,19.250163],[-104.457553,19.249177],[-104.458543,19.248608],[-104.459822,19.248002],[-104.460928,19.247476],[-104.462373,19.247495],[-104.463407,19.24809],[-104.464207,19.248932],[-104.465135,19.248736],[-104.466066,19.248208],[-104.467175,19.24735],[-104.468052,19.246572],[-104.467889,19.245615],[-104.467377,19.244943],[-104.466699,19.243522],[-104.465966,19.241933],[-104.464535,19.240668],[-104.464372,19.239835],[-104.463865,19.238665],[-104.463474,19.237455],[-104.463659,19.236502],[-104.464195,19.235221],[-104.464846,19.233942],[-104.465318,19.233159],[-104.466718,19.232056],[-104.467821,19.231696],[-104.469732,19.231472],[-104.470941,19.231986],[-104.472087,19.232874],[-104.472944,19.233799],[-104.473793,19.235306],[-104.474408,19.237183],[-104.475201,19.238564],[-104.475947,19.239073],[-104.476813,19.239167],[-104.477623,19.239136],[-104.478319,19.239021],[-104.479247,19.238783],[-104.480062,19.238254],[-104.480534,19.237512],[-104.480772,19.236892],[-104.481017,19.235774],[-104.48155,19.2347],[-104.482081,19.233793],[-104.482845,19.232723],[-104.483548,19.231901],[-104.484308,19.231205],[-104.485177,19.231092],[-104.486566,19.231027],[-104.488187,19.23084],[-104.48928,19.231311],[-104.490199,19.231905],[-104.490769,19.232618],[-104.490821,19.233097],[-104.490873,19.233575],[-104.491211,19.234327],[-104.491262,19.234951],[-104.491202,19.235755],[-104.491194,19.235864],[-104.491298,19.236863],[-104.491462,19.237654],[-104.491337,19.238442],[-104.491153,19.239395],[-104.491178,19.240187],[-104.491187,19.240476],[-104.491195,19.240725],[-104.491243,19.241598],[-104.49106,19.242385],[-104.490523,19.243791],[-104.490392,19.24516],[-104.49003,19.246443],[-104.489843,19.247646],[-104.489715,19.248683],[-104.489998,19.249206],[-104.490281,19.249729],[-104.491024,19.250528],[-104.491937,19.251578],[-104.492342,19.251583],[-104.493426,19.252802],[-104.494171,19.253435],[-104.495606,19.254326],[-104.49751,19.254766],[-104.498727,19.254574],[-104.499829,19.254256],[-104.501053,19.253482],[-104.501815,19.252578],[-104.502635,19.251716],[-104.504156,19.250157],[-104.504919,19.249212],[-104.505626,19.248099],[-104.506561,19.24728],[-104.507262,19.246666],[-104.507963,19.246052],[-104.50895,19.245691],[-104.509874,19.245869],[-104.510563,19.246293],[-104.510908,19.246464],[-104.511769,19.246973],[-104.51286,19.247652],[-104.513604,19.248368],[-104.514464,19.249044],[-104.515324,19.249719],[-104.516522,19.251106],[-104.517327,19.251573],[-104.51761,19.252075],[-104.518008,19.252704],[-104.518291,19.253206],[-104.51869,19.253751],[-104.519439,19.25401],[-104.520135,19.253769],[-104.520718,19.253445],[-104.521357,19.253203],[-104.522285,19.252966],[-104.523439,19.253147],[-104.523898,19.253527],[-104.524752,19.254701],[-104.525262,19.25558],[-104.525647,19.25733],[-104.525989,19.25775],[-104.526386,19.258461],[-104.527131,19.259052],[-104.528052,19.259479],[-104.528858,19.259822],[-104.529606,19.260122],[-104.530814,19.260761],[-104.531335,19.260664],[-104.531857,19.260566],[-104.533254,19.259795],[-104.53396,19.258724],[-104.534263,19.257481],[-104.534562,19.256613],[-104.534968,19.256576],[-104.535204,19.256122],[-104.535383,19.255667],[-104.53585,19.255258],[-104.536148,19.254514],[-104.536615,19.254104],[-104.537027,19.253445],[-104.537846,19.252666],[-104.538899,19.251558],[-104.54007,19.250368],[-104.541296,19.249303],[-104.542467,19.248072],[-104.544798,19.246481],[-104.546483,19.245796],[-104.547761,19.245272],[-104.549628,19.243506],[-104.549578,19.242943],[-104.549477,19.242827],[-104.549542,19.242675],[-104.549598,19.242516],[-104.549604,19.242321],[-104.549575,19.242143],[-104.549492,19.241951],[-104.54967,19.241632],[-104.549848,19.241313],[-104.549864,19.241289],[-104.549957,19.241158],[-104.54997,19.241139],[-104.549984,19.24112],[-104.550447,19.24091],[-104.550862,19.240713],[-104.551308,19.240382],[-104.551451,19.240252],[-104.551542,19.240169],[-104.551616,19.240099],[-104.551691,19.240029],[-104.551904,19.23966],[-104.552096,19.239417],[-104.552314,19.239149],[-104.552452,19.23898],[-104.552827,19.238318],[-104.553074,19.237961],[-104.553101,19.237922],[-104.553227,19.23774],[-104.553392,19.237509],[-104.55347,19.237401],[-104.553566,19.237269],[-104.553722,19.237053],[-104.553897,19.236812],[-104.554041,19.236317],[-104.554365,19.236154],[-104.554391,19.236141],[-104.554539,19.236071],[-104.554952,19.235649],[-104.555497,19.235093],[-104.556321,19.234252],[-104.557295,19.233736],[-104.557595,19.232807],[-104.557535,19.232476],[-104.55765,19.232018],[-104.557707,19.231769],[-104.557704,19.231187],[-104.55776,19.23073],[-104.557643,19.230357],[-104.557757,19.2299],[-104.557696,19.22936],[-104.557751,19.228488],[-104.557865,19.22801],[-104.557979,19.227532],[-104.558092,19.226866],[-104.558495,19.225826],[-104.558725,19.225368],[-104.559187,19.224659],[-104.559418,19.22445],[-104.559823,19.22395],[-104.560168,19.2232],[-104.561327,19.222529],[-104.562315,19.222523],[-104.563301,19.222351],[-104.564113,19.221972],[-104.564808,19.221387],[-104.565212,19.220928],[-104.565789,19.219928],[-104.566133,19.218846],[-104.566247,19.218347],[-104.566534,19.217639],[-104.566534,19.217598],[-104.566764,19.217181],[-104.567342,19.216472],[-104.567921,19.216012],[-104.568732,19.215425],[-104.569717,19.214755],[-104.570064,19.214545],[-104.570933,19.214083],[-104.571976,19.213454],[-104.572381,19.213037],[-104.572902,19.212494],[-104.573306,19.21191],[-104.573477,19.211328],[-104.573591,19.210704],[-104.57382,19.209872],[-104.573585,19.209417],[-104.573293,19.209045],[-104.572417,19.20797],[-104.572008,19.207475],[-104.571426,19.207063],[-104.570785,19.206735],[-104.569854,19.206283],[-104.569329,19.205913],[-104.568978,19.205209],[-104.568916,19.204337],[-104.568914,19.203922],[-104.56897,19.203423],[-104.569139,19.202177],[-104.569254,19.202051],[-104.5696,19.201385],[-104.570177,19.200551],[-104.570581,19.199801],[-104.570983,19.198844],[-104.570922,19.19818],[-104.570686,19.197392],[-104.570858,19.196768],[-104.570913,19.196104],[-104.57068,19.195856],[-104.570678,19.195524],[-104.571197,19.194732],[-104.572124,19.19402],[-104.572761,19.193601],[-104.573224,19.193266],[-104.573511,19.192475],[-104.573914,19.191767],[-104.574142,19.19081],[-104.574139,19.18998],[-104.574134,19.188983],[-104.574131,19.188278],[-104.574302,19.187363],[-104.574704,19.186489],[-104.574877,19.186238],[-104.575049,19.185698],[-104.575279,19.185032],[-104.575275,19.184201],[-104.575215,19.183662],[-104.575386,19.183038],[-104.575616,19.182414],[-104.575828,19.182049],[-104.576077,19.181622],[-104.576653,19.180705],[-104.577,19.180205],[-104.577694,19.179577],[-104.578562,19.178991],[-104.579142,19.17878],[-104.579606,19.178486],[-104.580649,19.17794],[-104.580837,19.177898],[-104.582563,19.177513],[-104.58332,19.177799],[-104.584019,19.178418],[-104.584428,19.178831],[-104.584954,19.179699],[-104.585307,19.180611],[-104.585484,19.181233],[-104.585603,19.181855],[-104.585664,19.18256],[-104.586424,19.183635],[-104.586715,19.183758],[-104.586948,19.184006],[-104.587357,19.184419],[-104.588174,19.185327],[-104.589397,19.186109],[-104.590211,19.186436],[-104.591663,19.186219],[-104.592242,19.186008],[-104.592938,19.18563],[-104.593459,19.185295],[-104.593748,19.184919],[-104.594499,19.184043],[-104.595076,19.18325],[-104.595653,19.182541],[-104.596174,19.182164],[-104.597044,19.181909],[-104.597858,19.182029],[-104.598788,19.182231],[-104.599428,19.182393],[-104.600474,19.18247],[-104.600645,19.181887],[-104.600644,19.181596],[-104.600585,19.181389],[-104.600467,19.180933],[-104.600697,19.180433],[-104.60087,19.180225],[-104.601101,19.179891],[-104.601273,19.179475],[-104.601273,19.179392],[-104.601271,19.179101],[-104.601212,19.178728],[-104.601153,19.178521],[-104.601034,19.178064],[-104.600975,19.177733],[-104.60074,19.177277],[-104.600564,19.176863],[-104.600213,19.176159],[-104.600095,19.175745],[-104.600092,19.175247],[-104.600091,19.175003],[-104.600089,19.174416],[-104.600086,19.173752],[-104.600026,19.173503],[-104.599849,19.172715],[-104.599439,19.172012],[-104.598971,19.171309],[-104.598619,19.170605],[-104.598444,19.170274],[-104.598151,19.169694],[-104.597916,19.169156],[-104.597681,19.168493],[-104.597563,19.168203],[-104.597475,19.167975],[-104.597387,19.167747],[-104.597152,19.167126],[-104.596918,19.166795],[-104.596509,19.166175],[-104.596214,19.165305],[-104.593835,19.165734],[-104.593079,19.165448],[-104.592148,19.165122],[-104.591566,19.164876],[-104.59145,19.164877],[-104.590404,19.164551],[-104.589531,19.164307],[-104.588776,19.164188],[-104.587961,19.163777],[-104.587552,19.163281],[-104.586969,19.162621],[-104.586733,19.161916],[-104.586614,19.161169],[-104.586611,19.160588],[-104.586549,19.159758],[-104.586603,19.158803],[-104.586483,19.157973],[-104.586654,19.157141],[-104.586766,19.156269],[-104.587284,19.155186],[-104.587803,19.154394],[-104.588208,19.154017],[-104.589307,19.153222],[-104.589944,19.152844],[-104.590466,19.152509],[-104.591798,19.151919],[-104.593074,19.151579],[-104.59464,19.151154],[-104.59615,19.151062],[-104.59766,19.151177],[-104.598938,19.151377],[-104.600565,19.151616],[-104.602426,19.152144],[-104.603647,19.152511],[-104.605683,19.153162],[-104.60702,19.153652],[-104.607603,19.153981],[-104.608185,19.154268],[-104.608825,19.154721],[-104.609581,19.154882],[-104.610123,19.154862],[-104.610857,19.154785],[-104.61143,19.154918],[-104.611887,19.155309],[-104.612407,19.1558],[-104.613318,19.156368],[-104.613364,19.156727],[-104.613309,19.157309],[-104.612963,19.157809],[-104.612559,19.158352],[-104.612214,19.159184],[-104.611926,19.159601],[-104.611872,19.160474],[-104.612339,19.161135],[-104.613154,19.161462],[-104.613909,19.161416],[-104.614315,19.161331],[-104.615012,19.161451],[-104.615826,19.16157],[-104.616408,19.16194],[-104.616877,19.162768],[-104.616877,19.162892],[-104.617112,19.163389],[-104.617153,19.163945],[-104.617236,19.165049],[-104.617472,19.165837],[-104.617998,19.166706],[-104.61829,19.166995],[-104.618932,19.167655],[-104.618932,19.167779],[-104.619283,19.168317],[-104.619226,19.168567],[-104.619055,19.169066],[-104.618824,19.169358],[-104.618418,19.16961],[-104.617549,19.169947],[-104.616739,19.170658],[-104.616107,19.172157],[-104.615944,19.174442],[-104.616535,19.176805],[-104.61724,19.178379],[-104.617647,19.178626],[-104.618229,19.178746],[-104.618637,19.179201],[-104.618641,19.17999],[-104.618876,19.180486],[-104.619457,19.18069],[-104.620386,19.18056],[-104.623576,19.179709],[-104.62404,19.179582],[-104.624213,19.17929],[-104.624733,19.178581],[-104.625254,19.17837],[-104.625835,19.178283],[-104.626356,19.178031],[-104.626528,19.177615],[-104.626642,19.177074],[-104.62664,19.176659],[-104.626696,19.17616],[-104.627158,19.175617],[-104.62768,19.175531],[-104.628261,19.175569],[-104.628957,19.175274],[-104.628895,19.174527],[-104.628486,19.174073],[-104.628832,19.173489],[-104.629586,19.173318],[-104.629995,19.173731],[-104.630634,19.17381],[-104.630981,19.173517],[-104.631563,19.173679],[-104.632206,19.174589],[-104.63302,19.174833],[-104.634994,19.174737],[-104.635225,19.174487],[-104.635982,19.174772],[-104.6361,19.175353],[-104.636509,19.175766],[-104.637961,19.175798],[-104.63889,19.175709],[-104.639355,19.175914],[-104.640226,19.175784],[-104.642027,19.175938],[-104.642319,19.176165],[-104.64261,19.176391],[-104.642646,19.176435],[-104.643733,19.177745],[-104.644645,19.179044],[-104.645038,19.180087],[-104.646186,19.180891],[-104.648261,19.181414],[-104.649416,19.181595],[-104.651657,19.182827],[-104.652863,19.18363],[-104.654421,19.183857],[-104.655693,19.183872],[-104.657196,19.183932],[-104.658469,19.183823],[-104.659914,19.183799],[-104.661472,19.184067],[-104.663204,19.184337],[-104.665454,19.184738],[-104.666608,19.185001],[-104.667644,19.185387],[-104.668504,19.186062],[-104.66954,19.186532],[-104.670403,19.186916],[-104.671446,19.186679],[-104.672661,19.186611],[-104.674164,19.186629],[-104.675321,19.186601],[-104.676009,19.187149],[-104.676641,19.187489],[-104.677214,19.187995],[-104.67732,19.18891],[-104.677602,19.189619],[-104.678173,19.19025],[-104.678685,19.191045],[-104.679256,19.191758],[-104.679773,19.192097],[-104.680197,19.192807],[-104.680398,19.193143],[-104.680733,19.19431],[-104.681361,19.195024],[-104.682051,19.195364],[-104.682859,19.19554],[-104.683378,19.195629],[-104.68372,19.196174],[-104.683996,19.197382],[-104.684628,19.197805],[-104.685551,19.197982],[-104.686592,19.197953],[-104.687164,19.1985],[-104.687793,19.199213],[-104.688485,19.199388],[-104.689243,19.198815],[-104.689709,19.198405],[-104.690521,19.198166],[-104.690985,19.198088],[-104.691052,19.197175],[-104.690247,19.19675],[-104.690138,19.196084],[-104.690318,19.195421],[-104.69073,19.194761],[-104.69114,19.194268],[-104.690739,19.193931],[-104.690453,19.193595],[-104.690517,19.192972],[-104.690755,19.19231],[-104.69094,19.191274],[-104.691005,19.190569],[-104.691302,19.189824],[-104.691883,19.189499],[-104.692403,19.189588],[-104.692868,19.189303],[-104.693336,19.18881],[-104.693566,19.188854],[-104.693915,19.188733],[-104.694552,19.188616],[-104.695421,19.188377],[-104.696575,19.188682],[-104.69715,19.188896],[-104.697799,19.187658],[-104.698092,19.187329],[-104.698617,19.186837],[-104.698388,19.186585],[-104.69845,19.186211],[-104.699208,19.185597],[-104.69962,19.184937],[-104.699855,19.184566],[-104.70038,19.184115],[-104.700556,19.183785],[-104.701195,19.183543],[-104.701315,19.183129],[-104.701233,19.182692],[-104.70115,19.182255],[-104.700639,19.181335],[-104.699951,19.180787],[-104.698974,19.180277],[-104.698054,19.179809],[-104.697888,19.179017],[-104.697839,19.178227],[-104.697734,19.177229],[-104.696978,19.177635],[-104.696857,19.178133],[-104.696565,19.17842],[-104.695928,19.178496],[-104.695292,19.17853],[-104.695066,19.178028],[-104.694777,19.178066],[-104.694431,19.177938],[-104.69432,19.177521],[-104.693855,19.177723],[-104.693449,19.177884],[-104.69322,19.177674],[-104.693342,19.177011],[-104.693578,19.176557],[-104.693758,19.175935],[-104.693936,19.175522],[-104.693654,19.174854],[-104.693077,19.174681],[-104.692497,19.174882],[-104.691972,19.175374],[-104.691679,19.175745],[-104.691674,19.176202],[-104.691667,19.176866],[-104.69126,19.177111],[-104.691083,19.177482],[-104.690503,19.177683],[-104.690153,19.17797],[-104.689573,19.178129],[-104.688821,19.178162],[-104.687838,19.178192],[-104.686336,19.178132],[-104.684892,19.177991],[-104.68368,19.17781],[-104.682178,19.177626],[-104.680447,19.177314],[-104.679007,19.17684],[-104.677795,19.176618],[-104.676472,19.176062],[-104.675203,19.175715],[-104.673878,19.175283],[-104.672438,19.174809],[-104.671113,19.174378],[-104.669498,19.174026],[-104.667076,19.173457],[-104.666153,19.173279],[-104.664943,19.172933],[-104.663388,19.172374],[-104.661891,19.171774],[-104.660625,19.17126],[-104.659415,19.170872],[-104.657285,19.169974],[-104.65498,19.169364],[-104.653021,19.168759],[-104.650717,19.1679],[-104.648353,19.167332],[-104.647263,19.166612],[-104.645704,19.166427],[-104.644381,19.165788],[-104.642882,19.165396],[-104.641041,19.164625],[-104.639375,19.16365],[-104.637242,19.163125],[-104.634938,19.162349],[-104.632403,19.161529],[-104.630216,19.16063],[-104.627339,19.159473],[-104.624689,19.158568],[-104.622271,19.157708],[-104.620372,19.156895],[-104.618412,19.156372],[-104.615706,19.155467],[-104.613058,19.154437],[-104.610639,19.153618],[-104.609199,19.153143],[-104.607585,19.152749],[-104.606432,19.152444],[-104.604992,19.152011],[-104.604014,19.151625],[-104.601996,19.151143],[-104.600784,19.150962],[-104.599575,19.15049],[-104.598076,19.150139],[-104.596403,19.149911],[-104.595076,19.149687],[-104.593575,19.14946],[-104.592652,19.149324],[-104.591326,19.149017],[-104.589938,19.149041],[-104.588552,19.148941],[-104.587339,19.148884],[-104.586069,19.148785],[-104.585261,19.148651],[-104.584683,19.148602],[-104.583588,19.148339],[-104.582375,19.148241],[-104.581452,19.148105],[-104.580356,19.147966],[-104.578913,19.147782],[-104.577644,19.147517],[-104.576316,19.147417],[-104.574469,19.147145],[-104.57245,19.146787],[-104.571064,19.146645],[-104.569045,19.146371],[-104.565702,19.145498],[-104.56478,19.145195],[-104.563167,19.144718],[-104.56138,19.144363],[-104.559939,19.143971],[-104.559539,19.143592],[-104.557694,19.143195],[-104.556539,19.143056],[-104.555155,19.142789],[-104.554118,19.142527],[-104.55285,19.142137],[-104.551815,19.141708],[-104.550604,19.141485],[-104.549507,19.141388],[-104.54847,19.141085],[-104.547607,19.140741],[-104.546454,19.140477],[-104.545532,19.140175],[-104.544725,19.14004],[-104.543687,19.139819],[-104.542481,19.139139],[-104.539712,19.138689],[-104.537983,19.138251],[-104.537005,19.137782],[-104.535158,19.137634],[-104.533943,19.137743],[-104.532156,19.137263],[-104.529851,19.136693],[-104.526971,19.135867],[-104.522705,19.134857],[-104.52086,19.134501],[-104.518843,19.133977],[-104.516023,19.132902],[-104.513835,19.132209],[-104.510031,19.13133],[-104.509344,19.130781],[-104.508246,19.130767],[-104.505136,19.129812],[-104.503006,19.129079],[-104.500473,19.128215],[-104.498227,19.12748],[-104.495,19.12669],[-104.492235,19.125948],[-104.487575,19.124143],[-104.472525,19.116302],[-104.471494,19.1155],[-104.47185,19.114715],[-104.472087,19.114178],[-104.471573,19.113714],[-104.470824,19.113497],[-104.470481,19.11316],[-104.470545,19.112662],[-104.469678,19.112692],[-104.46887,19.112599],[-104.468996,19.111686],[-104.468485,19.110932],[-104.467503,19.110919],[-104.466631,19.111365],[-104.466217,19.112148],[-104.464886,19.112297],[-104.463845,19.112408],[-104.463563,19.111781],[-104.462873,19.111481],[-104.462175,19.111846],[-104.461369,19.111586],[-104.460274,19.111364],[-104.459228,19.111849],[-104.458132,19.11171],[-104.458139,19.111087],[-104.457973,19.110462],[-104.45734,19.110287],[-104.45653,19.110318],[-104.455543,19.110762],[-104.454735,19.110627],[-104.453356,19.110027],[-104.452206,19.109513],[-104.451468,19.108423],[-104.451191,19.107381],[-104.451891,19.106809],[-104.451376,19.106386],[-104.451498,19.105848],[-104.451453,19.104726],[-104.450881,19.104261],[-104.451123,19.103309],[-104.451418,19.102856],[-104.451485,19.102026],[-104.452533,19.101416],[-104.453,19.100965],[-104.452367,19.100749],[-104.451324,19.100985],[-104.450741,19.101434],[-104.449937,19.10105],[-104.449252,19.100334],[-104.448568,19.099536],[-104.44875,19.098749],[-104.449047,19.09813],[-104.449345,19.097303],[-104.449586,19.096516],[-104.449539,19.095602],[-104.45018,19.095112],[-104.450417,19.094616],[-104.449897,19.094609],[-104.44932,19.09456],[-104.448911,19.09497],[-104.448566,19.0948],[-104.447933,19.094584],[-104.447589,19.09433],[-104.446952,19.094488],[-104.446782,19.094194],[-104.446446,19.093318],[-104.446686,19.092531],[-104.447268,19.092165],[-104.448079,19.09201],[-104.448718,19.091727],[-104.449072,19.091109],[-104.448782,19.091146],[-104.448493,19.091184],[-104.447854,19.091467],[-104.447686,19.091007],[-104.447282,19.091002],[-104.446986,19.09158],[-104.446347,19.091862],[-104.445947,19.091525],[-104.445605,19.091105],[-104.445496,19.090563],[-104.445212,19.090102],[-104.44493,19.089558],[-104.445052,19.08902],[-104.44465,19.088848],[-104.444713,19.088392],[-104.444309,19.088345],[-104.444026,19.087843],[-104.443276,19.08775],[-104.443226,19.087043],[-104.44277,19.08658],[-104.442604,19.085955],[-104.442616,19.084958],[-104.441868,19.084699],[-104.440939,19.085019],[-104.439843,19.08488],[-104.439093,19.084828],[-104.438797,19.085406],[-104.438966,19.085782],[-104.438669,19.086484],[-104.438428,19.087312],[-104.438708,19.088022],[-104.438579,19.089184],[-104.438978,19.089604],[-104.438223,19.089968],[-104.437638,19.090542],[-104.43769,19.091083],[-104.438028,19.091752],[-104.438712,19.092592],[-104.439514,19.093143],[-104.439392,19.093723],[-104.439674,19.094267],[-104.440071,19.094937],[-104.440345,19.096145],[-104.440214,19.097473],[-104.439681,19.098546],[-104.438693,19.099031],[-104.437596,19.098934],[-104.436851,19.098467],[-104.435989,19.09804],[-104.435247,19.097282],[-104.435545,19.096539],[-104.435552,19.095915],[-104.435326,19.095497],[-104.434692,19.095364],[-104.434814,19.094825],[-104.434297,19.094528],[-104.434,19.09523],[-104.433309,19.095013],[-104.433374,19.094432],[-104.432624,19.094339],[-104.43263,19.093799],[-104.431533,19.093743],[-104.431485,19.092912],[-104.430904,19.093195],[-104.430675,19.093067],[-104.430097,19.093018],[-104.429288,19.093049],[-104.429234,19.092716],[-104.429357,19.092094],[-104.428545,19.092374],[-104.428533,19.093371],[-104.428816,19.093873],[-104.428567,19.095366],[-104.427863,19.09627],[-104.427451,19.09693],[-104.426339,19.098078],[-104.425641,19.098484],[-104.42425,19.09884],[-104.424125,19.099586],[-104.423939,19.100705],[-104.4233,19.100987],[-104.422314,19.101265],[-104.421561,19.101421],[-104.420743,19.102158],[-104.420446,19.102819],[-104.41986,19.103559],[-104.419215,19.10434],[-104.418913,19.105374],[-104.418093,19.106277],[-104.417397,19.106559],[-104.41624,19.106668],[-104.415318,19.106448],[-104.414165,19.106183],[-104.413351,19.106629],[-104.412422,19.106991],[-104.411441,19.106853],[-104.41139,19.106312],[-104.411516,19.105442],[-104.411467,19.104693],[-104.410656,19.10489],[-104.410134,19.105049],[-104.409558,19.104875],[-104.409046,19.104245],[-104.408587,19.10399],[-104.407895,19.103814],[-104.407329,19.102851],[-104.407916,19.102111],[-104.408329,19.10141],[-104.407351,19.101065],[-104.406773,19.101057],[-104.406021,19.10113],[-104.405329,19.101038],[-104.405161,19.100537],[-104.405229,19.099749],[-104.405009,19.098832],[-104.405017,19.098167],[-104.40497,19.097252],[-104.404215,19.097575],[-104.403461,19.097814],[-104.402599,19.097428],[-104.40255,19.09668],[-104.402385,19.095971],[-104.401929,19.095467],[-104.401414,19.095086],[-104.400959,19.094456],[-104.399923,19.094152],[-104.399468,19.093564],[-104.399531,19.093066],[-104.399607,19.091572],[-104.400133,19.09108],[-104.400428,19.090586],[-104.399683,19.090077],[-104.39893,19.090233],[-104.398247,19.089393],[-104.398604,19.088567],[-104.398494,19.088067],[-104.397221,19.088216],[-104.397071,19.086303],[-104.396388,19.085463],[-104.396205,19.086291],[-104.395905,19.087201],[-104.396064,19.088366],[-104.395423,19.088815],[-104.395763,19.089359],[-104.396329,19.090323],[-104.395798,19.091229],[-104.394926,19.091675],[-104.394112,19.092079],[-104.393109,19.093811],[-104.393092,19.095223],[-104.392215,19.096],[-104.390471,19.096932],[-104.391148,19.098271],[-104.392281,19.100073],[-104.392787,19.101284],[-104.394103,19.102341],[-104.396175,19.103034],[-104.398825,19.104486],[-104.398653,19.10587],[-104.398697,19.10639],[-104.398738,19.106967],[-104.398522,19.108105],[-104.398089,19.109229],[-104.398057,19.10928],[-104.398039,19.109322],[-104.397692,19.110115],[-104.397039,19.111151],[-104.397006,19.11119],[-104.396974,19.11123],[-104.396429,19.11176],[-104.396364,19.111833],[-104.395748,19.112551],[-104.395665,19.112641],[-104.395019,19.113244],[-104.394929,19.113334],[-104.39372,19.114484],[-104.393645,19.114534],[-104.392806,19.115306],[-104.392021,19.115862],[-104.391923,19.115918],[-104.391264,19.116389],[-104.390326,19.116937],[-104.390209,19.117016],[-104.389068,19.117516],[-104.388156,19.117842],[-104.386505,19.118416],[-104.386439,19.118439],[-104.386365,19.118465],[-104.386297,19.118489],[-104.386209,19.118519],[-104.385098,19.118906],[-104.382871,19.11968],[-104.382266,19.119788],[-104.382006,19.119835],[-104.381642,19.1199],[-104.380846,19.119986],[-104.380775,19.119994],[-104.380692,19.120003],[-104.380615,19.120011],[-104.380406,19.120034],[-104.380369,19.12004],[-104.380345,19.120045],[-104.379249,19.120175],[-104.379197,19.120176],[-104.379146,19.120179],[-104.37906,19.12018],[-104.377414,19.120206],[-104.377268,19.120209],[-104.376102,19.120281],[-104.375948,19.120279],[-104.375281,19.120237],[-104.374039,19.12024],[-104.373666,19.120355],[-104.372717,19.120241],[-104.371067,19.120154],[-104.369504,19.119851],[-104.369531,19.119427],[-104.368647,19.119322],[-104.36843,19.119294],[-104.367756,19.119193],[-104.367366,19.119127],[-104.366946,19.119069]]]}},{"type":"Feature","properties":{"distrito_l":3},"geometry":{"type":"Polygon","coordinates":[[[-103.780117,19.203909],[-103.780165,19.202997],[-103.780182,19.202143],[-103.780851,19.180545],[-103.780889,19.17864],[-103.780904,19.177878],[-103.781245,19.160793],[-103.784332,19.157182],[-103.784401,19.157101],[-103.784459,19.157033],[-103.784662,19.156795],[-103.793488,19.146473],[-103.793578,19.146367],[-103.793638,19.146297],[-103.795682,19.143907],[-103.795863,19.143694],[-103.797511,19.141767],[-103.797804,19.141424],[-103.797959,19.141242],[-103.798005,19.141188],[-103.79843,19.140686],[-103.798614,19.140477],[-103.801575,19.137012],[-103.801624,19.136955],[-103.804882,19.133143],[-103.815089,19.121199],[-103.814971,19.120912],[-103.814383,19.119765],[-103.813273,19.118499],[-103.812108,19.117603],[-103.811346,19.11654],[-103.81041,19.115313],[-103.809126,19.114048],[-103.808135,19.113151],[-103.807147,19.112665],[-103.807175,19.077433],[-103.785782,19.065074],[-103.782798,19.06335],[-103.782419,19.063131],[-103.781274,19.06247],[-103.781072,19.062353],[-103.774112,19.058331],[-103.768536,19.059345],[-103.751755,19.062394],[-103.726137,19.067046],[-103.701357,19.072651],[-103.681779,19.072678],[-103.681076,19.072678],[-103.671849,19.072843],[-103.671582,19.072847],[-103.667168,19.072926],[-103.6552,19.038071],[-103.649682,19.021994],[-103.649685,19.02154],[-103.649746,19.021128],[-103.649634,19.020507],[-103.649464,19.019969],[-103.649236,19.019431],[-103.648834,19.018973],[-103.648547,19.018557],[-103.648147,19.017893],[-103.647512,19.017516],[-103.646934,19.017387],[-103.646704,19.017137],[-103.647006,19.015406],[-103.647182,19.015078],[-103.647242,19.01483],[-103.647652,19.014174],[-103.647887,19.013639],[-103.648123,19.013022],[-103.648127,19.012527],[-103.648131,19.011908],[-103.647844,19.011533],[-103.647565,19.01123],[-103.647499,19.011159],[-103.647096,19.010825],[-103.646404,19.010406],[-103.645827,19.010029],[-103.645541,19.009531],[-103.645312,19.009158],[-103.645141,19.008867],[-103.645085,19.008578],[-103.644971,19.008329],[-103.644914,19.008163],[-103.644686,19.007583],[-103.644456,19.007333],[-103.644227,19.007084],[-103.644113,19.006752],[-103.644,19.00638],[-103.644003,19.005885],[-103.644064,19.005431],[-103.644182,19.005143],[-103.64427,19.004979],[-103.644358,19.004814],[-103.64436,19.004608],[-103.638984,19.004602],[-103.614661,19.004574],[-103.611408,19.004569],[-103.592638,19.004545],[-103.592414,18.995709],[-103.589201,18.991592],[-103.589262,18.99118],[-103.589514,18.988334],[-103.589537,18.985362],[-103.589268,18.982553],[-103.591377,18.979229],[-103.592268,18.976182],[-103.592619,18.975732],[-103.593266,18.974375],[-103.58835,18.965743],[-103.588355,18.965083],[-103.588256,18.962853],[-103.588219,18.961739],[-103.586796,18.918651],[-103.586425,18.907399],[-103.586317,18.904141],[-103.585938,18.892656],[-103.585651,18.865451],[-103.585249,18.865478],[-103.58457,18.86577],[-103.584494,18.865802],[-103.583526,18.870999],[-103.583347,18.8717],[-103.583342,18.87232],[-103.583629,18.872652],[-103.583856,18.87315],[-103.583908,18.873853],[-103.583674,18.874264],[-103.583207,18.874714],[-103.582682,18.875164],[-103.581985,18.875448],[-103.581231,18.875648],[-103.580131,18.875681],[-103.578918,18.87534],[-103.577938,18.874878],[-103.577656,18.873967],[-103.577315,18.873179],[-103.576509,18.872594],[-103.575701,18.872299],[-103.575298,18.872006],[-103.575013,18.871425],[-103.574727,18.870969],[-103.574151,18.870675],[-103.573282,18.870709],[-103.5727,18.871159],[-103.572695,18.871778],[-103.572518,18.872149],[-103.572341,18.872601],[-103.572395,18.873098],[-103.57238,18.874874],[-103.572463,18.878923],[-103.572106,18.880076],[-103.571698,18.880527],[-103.571114,18.881142],[-103.570473,18.881632],[-103.569833,18.88204],[-103.569251,18.882366],[-103.568841,18.882941],[-103.568662,18.883642],[-103.568712,18.884551],[-103.568761,18.885625],[-103.568812,18.886534],[-103.568979,18.887403],[-103.569147,18.888066],[-103.568969,18.888601],[-103.568847,18.889302],[-103.568958,18.889964],[-103.568594,18.891944],[-103.568995,18.892526],[-103.568747,18.892701],[-103.567703,18.89298],[-103.567068,18.89285],[-103.566257,18.892884],[-103.565215,18.892915],[-103.564461,18.893156],[-103.563824,18.893191],[-103.56313,18.893143],[-103.562374,18.893549],[-103.561792,18.894039],[-103.561325,18.894488],[-103.560744,18.894772],[-103.560452,18.895182],[-103.55981,18.895795],[-103.559402,18.896286],[-103.559166,18.896821],[-103.559452,18.897236],[-103.559275,18.897771],[-103.55927,18.898432],[-103.559206,18.899174],[-103.558967,18.900121],[-103.558788,18.900945],[-103.558607,18.901851],[-103.558947,18.902804],[-103.558998,18.903713],[-103.559051,18.904374],[-103.558931,18.904909],[-103.55858,18.905484],[-103.558403,18.905936],[-103.558225,18.90643],[-103.557757,18.907086],[-103.557005,18.907079],[-103.556542,18.906992],[-103.556138,18.906905],[-103.555676,18.906695],[-103.555158,18.906318],[-103.554523,18.906147],[-103.554004,18.905812],[-103.553718,18.905355],[-103.553253,18.905598],[-103.552671,18.906088],[-103.552088,18.906578],[-103.551274,18.907065],[-103.550576,18.907513],[-103.549937,18.907796],[-103.549358,18.907873],[-103.54872,18.907991],[-103.547967,18.908066],[-103.546692,18.908301],[-103.545997,18.908336],[-103.545071,18.908711],[-103.544198,18.908938],[-103.542975,18.909834],[-103.542222,18.90991],[-103.542225,18.909621],[-103.542399,18.90954],[-103.542516,18.909335],[-103.541937,18.909329],[-103.541473,18.909449],[-103.541068,18.909403],[-103.540549,18.909233],[-103.539915,18.908897],[-103.538068,18.908177],[-103.536518,18.90647],[-103.535653,18.906049],[-103.534844,18.905835],[-103.534152,18.905539],[-103.533693,18.904957],[-103.533115,18.904869],[-103.532739,18.904927],[-103.532362,18.904985],[-103.531314,18.905718],[-103.530788,18.906415],[-103.530667,18.907074],[-103.530374,18.907567],[-103.530022,18.908141],[-103.529611,18.908963],[-103.529606,18.909582],[-103.529599,18.91049],[-103.529246,18.91123],[-103.52872,18.911803],[-103.528195,18.912417],[-103.528249,18.912913],[-103.528534,18.913493],[-103.52882,18.913909],[-103.52905,18.914076],[-103.529454,18.914245],[-103.5298,18.914414],[-103.530145,18.914747],[-103.532092,18.91749],[-103.532261,18.91807],[-103.53243,18.918608],[-103.532543,18.91896],[-103.532656,18.919312],[-103.533055,18.920141],[-103.533401,18.920351],[-103.533511,18.921095],[-103.533507,18.921673],[-103.533617,18.922335],[-103.533904,18.922709],[-103.534133,18.923],[-103.53401,18.923907],[-103.533947,18.924567],[-103.533942,18.925269],[-103.533995,18.92593],[-103.534046,18.926797],[-103.533868,18.927332],[-103.533345,18.927574],[-103.532881,18.927776],[-103.532185,18.927893],[-103.531374,18.927968],[-103.530913,18.927716],[-103.530218,18.927668],[-103.529234,18.927741],[-103.528307,18.927815],[-103.527322,18.927888],[-103.526397,18.927755],[-103.525128,18.927206],[-103.524434,18.926993],[-103.523972,18.926947],[-103.523274,18.927353],[-103.52275,18.92772],[-103.522517,18.927841],[-103.521588,18.928286],[-103.520711,18.929351],[-103.520763,18.930053],[-103.520816,18.930797],[-103.520461,18.93166],[-103.51982,18.932314],[-103.519005,18.932843],[-103.518076,18.933206],[-103.517265,18.933239],[-103.516743,18.933317],[-103.516104,18.933599],[-103.515466,18.933841],[-103.51471,18.934164],[-103.514071,18.934529],[-103.513835,18.935063],[-103.513714,18.935764],[-103.513708,18.936465],[-103.514106,18.93746],[-103.514509,18.937712],[-103.514736,18.938292],[-103.514963,18.938872],[-103.515537,18.939538],[-103.515939,18.939955],[-103.516398,18.940496],[-103.516857,18.940954],[-103.517776,18.941913],[-103.51858,18.942787],[-103.519328,18.943414],[-103.520187,18.944537],[-103.520528,18.945365],[-103.520929,18.945947],[-103.521736,18.946409],[-103.52231,18.947034],[-103.522596,18.947532],[-103.522301,18.948148],[-103.521775,18.948804],[-103.521307,18.949501],[-103.520549,18.950071],[-103.519969,18.950313],[-103.518867,18.950468],[-103.518347,18.95038],[-103.51771,18.950374],[-103.517131,18.950368],[-103.516784,18.950282],[-103.51696,18.950037],[-103.516671,18.94991],[-103.516267,18.949823],[-103.515632,18.94957],[-103.514879,18.949562],[-103.514184,18.949679],[-103.513259,18.949505],[-103.512624,18.949251],[-103.512049,18.94875],[-103.511704,18.948375],[-103.511882,18.947882],[-103.511715,18.947013],[-103.511372,18.946473],[-103.510622,18.946095],[-103.509986,18.946047],[-103.508823,18.946572],[-103.507835,18.947099],[-103.507078,18.947587],[-103.506613,18.947872],[-103.505914,18.94836],[-103.505563,18.948811],[-103.505154,18.949385],[-103.504916,18.950125],[-103.504852,18.95095],[-103.504647,18.951217],[-103.504442,18.951483],[-103.504495,18.952185],[-103.504349,18.952935],[-103.504229,18.954282],[-103.504183,18.95503],[-103.504005,18.955483],[-103.503945,18.955812],[-103.503536,18.956304],[-103.503302,18.95659],[-103.502951,18.956958],[-103.502774,18.957411],[-103.502942,18.958197],[-103.503341,18.958985],[-103.504033,18.95928],[-103.504321,18.959531],[-103.504551,18.95974],[-103.505362,18.959665],[-103.506057,18.959631],[-103.507099,18.959641],[-103.507967,18.959773],[-103.508541,18.960398],[-103.508767,18.961143],[-103.508993,18.961806],[-103.509278,18.962304],[-103.509334,18.962593],[-103.509158,18.962881],[-103.509038,18.963375],[-103.506837,18.963477],[-103.505742,18.962847],[-103.504992,18.96251],[-103.504184,18.962171],[-103.50332,18.961668],[-103.502277,18.961699],[-103.501525,18.96165],[-103.501122,18.961316],[-103.500429,18.96102],[-103.499793,18.960973],[-103.499098,18.960966],[-103.498522,18.96063],[-103.497945,18.960376],[-103.49754,18.960249],[-103.496566,18.959001],[-103.496104,18.958914],[-103.49541,18.9587],[-103.494834,18.958406],[-103.494488,18.958196],[-103.49362,18.958105],[-103.492578,18.958095],[-103.491883,18.958129],[-103.491186,18.958411],[-103.490489,18.958693],[-103.490023,18.95906],[-103.48996,18.959679],[-103.489953,18.960504],[-103.489661,18.960873],[-103.48931,18.961323],[-103.488959,18.961733],[-103.48884,18.962185],[-103.48872,18.962721],[-103.488656,18.963422],[-103.488592,18.964247],[-103.488529,18.964824],[-103.488532,18.965896],[-103.488914,18.967428],[-103.489485,18.968342],[-103.490116,18.969091],[-103.491273,18.969268],[-103.492662,18.969323],[-103.493587,18.969539],[-103.494508,18.970167],[-103.495082,18.970833],[-103.495539,18.971622],[-103.495764,18.972449],[-103.495412,18.972983],[-103.49448,18.973758],[-103.494008,18.974785],[-103.49261,18.975844],[-103.49231,18.977121],[-103.491957,18.977861],[-103.491426,18.979052],[-103.490839,18.98012],[-103.490137,18.981021],[-103.490595,18.981603],[-103.490824,18.981977],[-103.491052,18.982434],[-103.491278,18.983055],[-103.491446,18.9838],[-103.491671,18.984627],[-103.491837,18.985578],[-103.492006,18.986282],[-103.492292,18.986697],[-103.492461,18.987318],[-103.492515,18.987773],[-103.492278,18.98839],[-103.492037,18.989626],[-103.491973,18.990409],[-103.491617,18.991438],[-103.491554,18.992056],[-103.491317,18.992673],[-103.491136,18.993662],[-103.490951,18.994981],[-103.490998,18.996426],[-103.491277,18.997667],[-103.491736,18.998291],[-103.492364,18.999329],[-103.492763,19.000159],[-103.492991,19.000615],[-103.492984,19.001523],[-103.49292,19.002307],[-103.493029,19.003092],[-103.49314,19.003712],[-103.493192,19.004456],[-103.493185,19.005323],[-103.493412,19.005944],[-103.49364,19.006442],[-103.493753,19.006814],[-103.49421,19.007562],[-103.494668,19.008227],[-103.495126,19.008892],[-103.495583,19.009681],[-103.496041,19.010346],[-103.496327,19.010844],[-103.496612,19.011342],[-103.496842,19.011551],[-103.497068,19.011622],[-103.497247,19.011678],[-103.49771,19.011724],[-103.498231,19.011729],[-103.498519,19.011897],[-103.498575,19.012228],[-103.498398,19.012557],[-103.498164,19.012843],[-103.498046,19.013131],[-103.497871,19.013336],[-103.497405,19.01362],[-103.496765,19.014026],[-103.496126,19.014185],[-103.49543,19.014302],[-103.494792,19.014461],[-103.494442,19.014746],[-103.494149,19.015156],[-103.494029,19.015651],[-103.494025,19.016187],[-103.49402,19.016848],[-103.493898,19.017548],[-103.493836,19.018084],[-103.493946,19.018787],[-103.493883,19.019488],[-103.493879,19.020025],[-103.493759,19.020436],[-103.49358,19.021136],[-103.493456,19.022126],[-103.493452,19.022621],[-103.493334,19.02295],[-103.493042,19.023277],[-103.491644,19.024213],[-103.489955,19.025311],[-103.489432,19.025553],[-103.489082,19.025921],[-103.488847,19.026332],[-103.488609,19.027113],[-103.488714,19.028435],[-103.489977,19.02981],[-103.490382,19.029855],[-103.490556,19.029898],[-103.490903,19.029984],[-103.491132,19.030276],[-103.491186,19.030771],[-103.491182,19.031225],[-103.491007,19.031389],[-103.490832,19.031552],[-103.490715,19.031757],[-103.490653,19.03217],[-103.490766,19.032583],[-103.49088,19.03275],[-103.491169,19.032876],[-103.491457,19.033044],[-103.491978,19.033173],[-103.492613,19.033386],[-103.493133,19.033598],[-103.493653,19.033768],[-103.494403,19.034105],[-103.495039,19.034277],[-103.4955,19.034529],[-103.495847,19.034698],[-103.496308,19.03495],[-103.496653,19.035201],[-103.496709,19.03549],[-103.496591,19.035819],[-103.49653,19.03619],[-103.496467,19.036809],[-103.496404,19.037386],[-103.496284,19.037963],[-103.49622,19.038747],[-103.496329,19.039532],[-103.496381,19.040275],[-103.496494,19.040689],[-103.496601,19.041722],[-103.496714,19.042095],[-103.496884,19.042633],[-103.497282,19.043545],[-103.497482,19.043939],[-103.497681,19.044334],[-103.497967,19.044832],[-103.498254,19.045165],[-103.498541,19.045456],[-103.498886,19.045831],[-103.499172,19.046206],[-103.499632,19.046706],[-103.500035,19.046999],[-103.500381,19.04725],[-103.500784,19.047584],[-103.500896,19.047956],[-103.501124,19.048537],[-103.501294,19.04891],[-103.501524,19.049118],[-103.501756,19.049203],[-103.502045,19.049165],[-103.502566,19.049252],[-103.502971,19.049339],[-103.503723,19.049429],[-103.504302,19.049476],[-103.505171,19.049484],[-103.505865,19.049656],[-103.506152,19.049989],[-103.506549,19.051149],[-103.506651,19.051424],[-103.507408,19.052084],[-103.508086,19.053372],[-103.508534,19.054493],[-103.508757,19.055156],[-103.509091,19.056151],[-103.509703,19.058017],[-103.510395,19.058355],[-103.511378,19.058572],[-103.511609,19.058657],[-103.512358,19.059078],[-103.512758,19.059496],[-103.513334,19.059832],[-103.514023,19.060335],[-103.514428,19.060464],[-103.514774,19.060633],[-103.515353,19.06068],[-103.516337,19.060897],[-103.516684,19.060983],[-103.516914,19.06111],[-103.51726,19.06132],[-103.517771,19.062069],[-103.51822,19.063148],[-103.518505,19.063523],[-103.519364,19.064358],[-103.519764,19.064776],[-103.520915,19.06549],[-103.522353,19.066415],[-103.522696,19.06679],[-103.522915,19.067743],[-103.522909,19.068156],[-103.522954,19.069107],[-103.522998,19.070099],[-103.522989,19.070719],[-103.522743,19.071666],[-103.522384,19.072489],[-103.522019,19.073642],[-103.522296,19.074554],[-103.522573,19.075549],[-103.522845,19.076832],[-103.523306,19.077044],[-103.523652,19.077213],[-103.52394,19.07734],[-103.524344,19.077551],[-103.524803,19.077886],[-103.52549,19.078554],[-103.525774,19.079012],[-103.525882,19.079591],[-103.525754,19.080416],[-103.525635,19.080622],[-103.525048,19.081111],[-103.524695,19.08148],[-103.524685,19.082141],[-103.524793,19.08272],[-103.524722,19.083629],[-103.524539,19.084246],[-103.524475,19.0847],[-103.524294,19.085194],[-103.524122,19.085623],[-103.523632,19.086881],[-103.523501,19.087872],[-103.523439,19.08816],[-103.523081,19.088859],[-103.522605,19.08968],[-103.522542,19.090052],[-103.522591,19.090672],[-103.52269,19.091871],[-103.522212,19.092858],[-103.521856,19.093433],[-103.521205,19.094252],[-103.520735,19.09466],[-103.51979,19.095807],[-103.519258,19.096463],[-103.518024,19.097565],[-103.51749,19.098345],[-103.517596,19.09909],[-103.518674,19.10043],[-103.519596,19.101058],[-103.520458,19.102016],[-103.521034,19.102517],[-103.521483,19.104296],[-103.521248,19.104748],[-103.521301,19.105285],[-103.520881,19.107221],[-103.520756,19.108335],[-103.52075,19.109077],[-103.520627,19.109984],[-103.520617,19.111223],[-103.520664,19.112627],[-103.521529,19.11313],[-103.522163,19.113591],[-103.523028,19.114177],[-103.523369,19.115047],[-103.523301,19.116285],[-103.52295,19.116694],[-103.522656,19.117269],[-103.522245,19.117884],[-103.522066,19.118626],[-103.521887,19.119284],[-103.521532,19.120148],[-103.521064,19.12068],[-103.520361,19.121705],[-103.519888,19.122856],[-103.519183,19.124087],[-103.51854,19.124783],[-103.517779,19.125642],[-103.517255,19.126009],[-103.517077,19.126543],[-103.516552,19.126992],[-103.515792,19.127769],[-103.515089,19.128629],[-103.514327,19.129819],[-103.513625,19.130596],[-103.512578,19.13104],[-103.512229,19.131202],[-103.511878,19.131611],[-103.511296,19.131935],[-103.510948,19.131891],[-103.510887,19.132344],[-103.510883,19.132839],[-103.51105,19.133625],[-103.511798,19.134376],[-103.512827,19.136119],[-103.513571,19.137365],[-103.513563,19.138397],[-103.512976,19.139258],[-103.512916,19.139588],[-103.512969,19.140207],[-103.513022,19.140868],[-103.512785,19.141403],[-103.512197,19.142553],[-103.511707,19.145767],[-103.511409,19.146796],[-103.510709,19.147409],[-103.509948,19.148268],[-103.509421,19.148923],[-103.50924,19.14983],[-103.509348,19.150863],[-103.509456,19.151813],[-103.509147,19.154204],[-103.508971,19.154533],[-103.508678,19.154901],[-103.508558,19.155395],[-103.508613,19.155809],[-103.508609,19.156345],[-103.508604,19.156882],[-103.508543,19.157335],[-103.508134,19.157703],[-103.50767,19.157698],[-103.507205,19.1579],[-103.506739,19.158226],[-103.506098,19.158591],[-103.505457,19.159039],[-103.504935,19.159033],[-103.504639,19.159773],[-103.50452,19.160144],[-103.504111,19.160635],[-103.503585,19.161125],[-103.503174,19.161699],[-103.502591,19.162147],[-103.501948,19.162801],[-103.50168,19.164235],[-103.501593,19.164548],[-103.501429,19.165143],[-103.501643,19.166635],[-103.501853,19.168541],[-103.502343,19.17035],[-103.501841,19.170603],[-103.500655,19.171422],[-103.498778,19.172803],[-103.49771,19.174609],[-103.497338,19.176508],[-103.49778,19.178417],[-103.498336,19.180493],[-103.498316,19.182147],[-103.498634,19.184634],[-103.499541,19.186549],[-103.500451,19.188216],[-103.501127,19.189963],[-103.502151,19.191797],[-103.502949,19.193131],[-103.504557,19.194808],[-103.505464,19.196723],[-103.506386,19.197397],[-103.509046,19.198591],[-103.510764,19.200682],[-103.511543,19.203589],[-103.512321,19.206578],[-103.513672,19.210236],[-103.521069,19.2109],[-103.521588,19.210948],[-103.52436,19.211205],[-103.540554,19.212646],[-103.540578,19.212648],[-103.551597,19.213635],[-103.55907,19.214304],[-103.560708,19.21445],[-103.564416,19.214782],[-103.568806,19.215174],[-103.59592,19.217597],[-103.601476,19.218087],[-103.623652,19.220154],[-103.624474,19.22023],[-103.625532,19.220328],[-103.642586,19.221898],[-103.647967,19.222393],[-103.64948,19.223509],[-103.649893,19.223814],[-103.650506,19.224267],[-103.651438,19.224956],[-103.651997,19.225369],[-103.652329,19.225615],[-103.6543,19.227072],[-103.654724,19.227385],[-103.654985,19.227578],[-103.657598,19.229516],[-103.659638,19.231016],[-103.664552,19.234129],[-103.671032,19.238232],[-103.671128,19.238293],[-103.675439,19.241023],[-103.675465,19.241221],[-103.675465,19.241344],[-103.676067,19.245886],[-103.67786,19.2469],[-103.677903,19.246925],[-103.678233,19.246566],[-103.678425,19.246651],[-103.680907,19.247752],[-103.681073,19.247826],[-103.681848,19.248181],[-103.683582,19.248977],[-103.685638,19.249923],[-103.686397,19.250271],[-103.686132,19.250672],[-103.685997,19.250877],[-103.685929,19.25098],[-103.685707,19.251315],[-103.685487,19.251648],[-103.685279,19.251963],[-103.685092,19.252246],[-103.68488,19.252568],[-103.684603,19.252987],[-103.68459,19.253004],[-103.684065,19.253807],[-103.683543,19.255107],[-103.683175,19.256291],[-103.683143,19.256377],[-103.683096,19.256503],[-103.682334,19.257829],[-103.682262,19.257955],[-103.681063,19.260039],[-103.681032,19.260093],[-103.681503,19.26024],[-103.681805,19.260333],[-103.682105,19.260426],[-103.682713,19.260616],[-103.682843,19.260901],[-103.682998,19.260961],[-103.68203,19.263874],[-103.68215,19.263958],[-103.682364,19.264108],[-103.682435,19.264158],[-103.683064,19.263461],[-103.683645,19.262935],[-103.684027,19.262604],[-103.684396,19.262299],[-103.685098,19.261777],[-103.685967,19.261176],[-103.687044,19.260458],[-103.687833,19.259916],[-103.689178,19.259028],[-103.689423,19.259052],[-103.689515,19.259004],[-103.689567,19.25896],[-103.689578,19.258865],[-103.68967,19.258708],[-103.691106,19.257713],[-103.691594,19.257376],[-103.692227,19.25688],[-103.692378,19.256763],[-103.693657,19.255859],[-103.694513,19.255254],[-103.694847,19.255031],[-103.695573,19.254609],[-103.696363,19.254151],[-103.697537,19.253469],[-103.698417,19.252959],[-103.699404,19.252386],[-103.699508,19.252325],[-103.700028,19.251998],[-103.699079,19.251483],[-103.698292,19.251056],[-103.697462,19.250606],[-103.696769,19.250106],[-103.69609,19.249608],[-103.695718,19.249336],[-103.695059,19.248853],[-103.695242,19.248563],[-103.695834,19.247629],[-103.696146,19.247137],[-103.696327,19.246852],[-103.696745,19.246192],[-103.696881,19.245976],[-103.696898,19.24595],[-103.696931,19.245899],[-103.697573,19.244885],[-103.698055,19.244124],[-103.698138,19.243991],[-103.698683,19.243114],[-103.698709,19.243073],[-103.698935,19.24271],[-103.698429,19.242343],[-103.698366,19.242297],[-103.697989,19.242025],[-103.697643,19.241775],[-103.697479,19.241656],[-103.697153,19.24142],[-103.696927,19.241256],[-103.696197,19.240728],[-103.695706,19.240372],[-103.695509,19.240292],[-103.695401,19.240287],[-103.695368,19.240285],[-103.694623,19.240237],[-103.694897,19.2399],[-103.694976,19.239803],[-103.695132,19.239612],[-103.695245,19.239473],[-103.695403,19.239278],[-103.695538,19.239112],[-103.695828,19.238757],[-103.696286,19.238193],[-103.696799,19.237563],[-103.696815,19.237543],[-103.697318,19.236926],[-103.697918,19.236188],[-103.698017,19.236066],[-103.695822,19.236046],[-103.696129,19.235127],[-103.696299,19.234617],[-103.696454,19.234151],[-103.696634,19.233612],[-103.696772,19.233197],[-103.696913,19.232775],[-103.696975,19.232488],[-103.697066,19.232071],[-103.697157,19.231649],[-103.697159,19.231623],[-103.697186,19.231279],[-103.697184,19.231194],[-103.697169,19.230891],[-103.697148,19.230837],[-103.697087,19.230812],[-103.697025,19.230787],[-103.69703,19.230377],[-103.697036,19.22993],[-103.697042,19.229492],[-103.69702,19.228848],[-103.697034,19.228829],[-103.697128,19.228695],[-103.697122,19.22859],[-103.697113,19.228434],[-103.697031,19.228166],[-103.697016,19.228115],[-103.696994,19.227966],[-103.696995,19.227826],[-103.697003,19.227667],[-103.697014,19.227538],[-103.697045,19.227435],[-103.697062,19.227381],[-103.697165,19.227181],[-103.697293,19.227043],[-103.697322,19.227017],[-103.6975,19.226663],[-103.697675,19.226321],[-103.697872,19.22599],[-103.69791,19.225892],[-103.697936,19.225806],[-103.69795,19.225675],[-103.697941,19.225503],[-103.697945,19.225347],[-103.697943,19.225295],[-103.697856,19.225174],[-103.697743,19.225071],[-103.697701,19.225065],[-103.697628,19.225056],[-103.69764,19.224793],[-103.697696,19.22465],[-103.698102,19.223897],[-103.698238,19.223857],[-103.698456,19.223931],[-103.698555,19.223896],[-103.698626,19.223877],[-103.698691,19.223854],[-103.698767,19.223828],[-103.698837,19.223802],[-103.69895,19.223767],[-103.699075,19.223741],[-103.699169,19.223688],[-103.699239,19.22362],[-103.699308,19.22355],[-103.69944,19.223441],[-103.69954,19.223406],[-103.699603,19.223368],[-103.699652,19.223326],[-103.699701,19.223285],[-103.699755,19.223146],[-103.699787,19.223057],[-103.699866,19.222885],[-103.699927,19.222761],[-103.699962,19.222637],[-103.700032,19.222501],[-103.700079,19.222433],[-103.700242,19.22241],[-103.700446,19.222382],[-103.700611,19.222407],[-103.700683,19.222452],[-103.700751,19.22247],[-103.700926,19.222477],[-103.700983,19.222374],[-103.701138,19.222134],[-103.701226,19.222081],[-103.701327,19.222014],[-103.701494,19.221829],[-103.701943,19.221232],[-103.702231,19.220591],[-103.702498,19.22025],[-103.702949,19.219881],[-103.702993,19.219897],[-103.704202,19.220318],[-103.705325,19.22071],[-103.706417,19.221091],[-103.707435,19.221446],[-103.708354,19.219237],[-103.708786,19.218676],[-103.708899,19.218529],[-103.709237,19.21821],[-103.710285,19.217209],[-103.710989,19.216853],[-103.711463,19.216627],[-103.713263,19.215767],[-103.713676,19.216505],[-103.714454,19.215902],[-103.714569,19.216533],[-103.71515,19.217543],[-103.715521,19.217799],[-103.715761,19.217963],[-103.716929,19.216482],[-103.717527,19.215723],[-103.717677,19.215531],[-103.717758,19.21543],[-103.717783,19.215398],[-103.718954,19.213913],[-103.719222,19.213632],[-103.719429,19.213457],[-103.719646,19.213301],[-103.719876,19.213191],[-103.720112,19.213104],[-103.720609,19.212995],[-103.72113,19.212967],[-103.721512,19.212947],[-103.721884,19.212923],[-103.722253,19.2129],[-103.72261,19.212878],[-103.723521,19.21282],[-103.724238,19.212775],[-103.724734,19.212771],[-103.724859,19.21277],[-103.725338,19.212764],[-103.72557,19.212791],[-103.725803,19.212819],[-103.726227,19.212933],[-103.726569,19.21307],[-103.726903,19.213257],[-103.727338,19.213531],[-103.727804,19.213938],[-103.728063,19.214167],[-103.72842,19.214484],[-103.728573,19.214561],[-103.728982,19.214766],[-103.729009,19.214779],[-103.729491,19.214912],[-103.730003,19.21499],[-103.730234,19.215001],[-103.730622,19.215019],[-103.730692,19.215012],[-103.731847,19.2149],[-103.731915,19.214893],[-103.732138,19.214887],[-103.732256,19.214883],[-103.732341,19.214892],[-103.733558,19.215013],[-103.735883,19.215365],[-103.736862,19.215486],[-103.736996,19.215477],[-103.737197,19.215464],[-103.737444,19.2154],[-103.737679,19.215293],[-103.737832,19.215198],[-103.738069,19.214918],[-103.737924,19.21513],[-103.73778,19.215342],[-103.737629,19.215576],[-103.734893,19.219846],[-103.73466,19.220061],[-103.734653,19.220116],[-103.734641,19.220151],[-103.734629,19.220178],[-103.734589,19.220238],[-103.73457,19.220265],[-103.734535,19.220385],[-103.734181,19.220974],[-103.734167,19.220997],[-103.734135,19.221051],[-103.734057,19.22114],[-103.733973,19.221241],[-103.733875,19.221387],[-103.733736,19.221604],[-103.73325,19.222363],[-103.733125,19.222559],[-103.733039,19.222693],[-103.732936,19.222853],[-103.732852,19.222985],[-103.73273,19.223176],[-103.732625,19.223339],[-103.732533,19.223483],[-103.732474,19.223575],[-103.732434,19.22364],[-103.732355,19.22377],[-103.732219,19.223995],[-103.732019,19.224304],[-103.731756,19.224685],[-103.731411,19.225251],[-103.730802,19.226145],[-103.730303,19.226976],[-103.730277,19.227033],[-103.730094,19.22743],[-103.730008,19.227617],[-103.729964,19.22777],[-103.729892,19.228018],[-103.729564,19.22915],[-103.729554,19.229183],[-103.72953,19.229266],[-103.729484,19.229425],[-103.729397,19.229727],[-103.729404,19.229848],[-103.729409,19.229961],[-103.730904,19.23015],[-103.731026,19.230253],[-103.73179,19.230372],[-103.732486,19.23048],[-103.733583,19.230657],[-103.733753,19.230681],[-103.733991,19.230679],[-103.734167,19.230661],[-103.734303,19.230623],[-103.734446,19.23055],[-103.734542,19.230467],[-103.73457,19.230412],[-103.734584,19.230335],[-103.734595,19.230221],[-103.734652,19.230231],[-103.73482,19.23026],[-103.734898,19.230273],[-103.734891,19.22987],[-103.734919,19.229594],[-103.734929,19.229342],[-103.734956,19.229265],[-103.734986,19.229183],[-103.735106,19.229041],[-103.735411,19.228785],[-103.735588,19.228626],[-103.735839,19.228475],[-103.736102,19.228325],[-103.736616,19.227931],[-103.736902,19.227692],[-103.73711,19.227423],[-103.737227,19.22725],[-103.73729,19.22705],[-103.737373,19.226832],[-103.737341,19.226573],[-103.737247,19.226366],[-103.737215,19.22616],[-103.737223,19.226044],[-103.737244,19.225947],[-103.737292,19.225825],[-103.737408,19.225729],[-103.73751,19.225704],[-103.737622,19.22574],[-103.73768,19.225766],[-103.737764,19.225767],[-103.737866,19.225768],[-103.737962,19.225733],[-103.738064,19.225688],[-103.738166,19.225615],[-103.738265,19.225538],[-103.738388,19.225471],[-103.738541,19.225411],[-103.738647,19.225386],[-103.738749,19.225338],[-103.738834,19.225294],[-103.738882,19.225236],[-103.738893,19.225188],[-103.738869,19.225107],[-103.73884,19.225023],[-103.738823,19.224952],[-103.738824,19.22489],[-103.738838,19.224784],[-103.738896,19.224697],[-103.738985,19.224588],[-103.739071,19.224495],[-103.739129,19.224467],[-103.739248,19.224419],[-103.739405,19.224372],[-103.739534,19.224328],[-103.739711,19.224246],[-103.739734,19.224235],[-103.739743,19.224181],[-103.739783,19.224237],[-103.739877,19.22434],[-103.739943,19.224407],[-103.74003,19.224467],[-103.741469,19.224391],[-103.741551,19.224403],[-103.741633,19.224429],[-103.741719,19.22447],[-103.741805,19.224528],[-103.741848,19.224558],[-103.741873,19.224519],[-103.742183,19.224004],[-103.744065,19.225071],[-103.74423,19.225108],[-103.744128,19.225143],[-103.743194,19.225329],[-103.743108,19.225386],[-103.743125,19.225421],[-103.743185,19.225493],[-103.743288,19.225494],[-103.743414,19.22554],[-103.743537,19.225614],[-103.743599,19.225661],[-103.743671,19.225753],[-103.74389,19.225929],[-103.744101,19.226054],[-103.745501,19.226872],[-103.746223,19.227689],[-103.746606,19.228122],[-103.748699,19.229352],[-103.748778,19.229452],[-103.748829,19.229644],[-103.748814,19.230991],[-103.74891,19.231075],[-103.74944,19.23112],[-103.749507,19.231119],[-103.749509,19.230807],[-103.749497,19.23071],[-103.7495,19.23062],[-103.7495,19.230583],[-103.749496,19.230564],[-103.749505,19.230509],[-103.749505,19.230478],[-103.749617,19.230412],[-103.749734,19.23044],[-103.749833,19.230436],[-103.749951,19.230423],[-103.750056,19.230339],[-103.75016,19.23021],[-103.750251,19.230094],[-103.750333,19.229871],[-103.750372,19.229634],[-103.750328,19.229293],[-103.750302,19.22897],[-103.75027,19.228822],[-103.750175,19.228693],[-103.75012,19.228411],[-103.750134,19.228153],[-103.75012,19.22789],[-103.750118,19.227678],[-103.7502,19.227478],[-103.750379,19.22741],[-103.750716,19.227486],[-103.750923,19.227456],[-103.751123,19.227346],[-103.751291,19.227142],[-103.751406,19.226997],[-103.751521,19.226851],[-103.751526,19.22662],[-103.751723,19.226436],[-103.751934,19.226352],[-103.75205,19.226258],[-103.752228,19.226177],[-103.752481,19.226028],[-103.752625,19.225806],[-103.752625,19.22569],[-103.752581,19.225651],[-103.75237,19.225653],[-103.752233,19.22556],[-103.752165,19.225428],[-103.752084,19.225297],[-103.752081,19.225146],[-103.752233,19.225032],[-103.752298,19.224955],[-103.752454,19.224767],[-103.752596,19.224695],[-103.752821,19.22455],[-103.752867,19.22433],[-103.752926,19.224126],[-103.753028,19.223961],[-103.753179,19.223846],[-103.753403,19.223736],[-103.753506,19.223629],[-103.753702,19.223511],[-103.753837,19.223303],[-103.753956,19.223196],[-103.754183,19.223155],[-103.754297,19.223114],[-103.754483,19.223203],[-103.754515,19.223198],[-103.754589,19.223185],[-103.754743,19.223069],[-103.754838,19.222998],[-103.755027,19.222724],[-103.755116,19.222459],[-103.755089,19.222126],[-103.755093,19.221715],[-103.755282,19.221417],[-103.755465,19.221163],[-103.755636,19.220848],[-103.75595,19.221134],[-103.756006,19.221185],[-103.756236,19.220924],[-103.755674,19.220482],[-103.756029,19.220165],[-103.756002,19.220141],[-103.756281,19.219737],[-103.756353,19.219587],[-103.755944,19.219518],[-103.755776,19.219395],[-103.755629,19.219336],[-103.755368,19.219237],[-103.755176,19.219113],[-103.755172,19.218947],[-103.755179,19.218775],[-103.755209,19.218631],[-103.755332,19.218582],[-103.75546,19.218621],[-103.755659,19.218562],[-103.755876,19.218469],[-103.756093,19.218326],[-103.756258,19.218166],[-103.756318,19.218],[-103.75629,19.217778],[-103.756485,19.21753],[-103.756685,19.217309],[-103.757061,19.217174],[-103.757185,19.216942],[-103.757241,19.216767],[-103.757329,19.216516],[-103.757377,19.216227],[-103.757371,19.21613],[-103.75719,19.215917],[-103.757214,19.215805],[-103.757249,19.215715],[-103.75728,19.215584],[-103.757401,19.215519],[-103.757527,19.215557],[-103.757664,19.215528],[-103.757771,19.215355],[-103.757991,19.215223],[-103.758206,19.215207],[-103.758498,19.215026],[-103.758488,19.214854],[-103.758426,19.214744],[-103.758282,19.214651],[-103.75828,19.214522],[-103.758316,19.214373],[-103.75831,19.214263],[-103.758387,19.21413],[-103.75841,19.213878],[-103.758447,19.213756],[-103.758517,19.213671],[-103.758742,19.213587],[-103.758924,19.213649],[-103.759092,19.213613],[-103.759247,19.21359],[-103.759399,19.213535],[-103.759589,19.213498],[-103.759744,19.213401],[-103.759768,19.213298],[-103.759884,19.213176],[-103.759952,19.213021],[-103.760037,19.212853],[-103.760131,19.212546],[-103.760275,19.212199],[-103.760446,19.212156],[-103.760553,19.212047],[-103.760676,19.211926],[-103.761264,19.21195],[-103.761476,19.211699],[-103.761793,19.211404],[-103.761788,19.211263],[-103.761888,19.21101],[-103.761958,19.210795],[-103.762114,19.210699],[-103.762165,19.210539],[-103.762163,19.210389],[-103.762065,19.210222],[-103.762008,19.210071],[-103.761853,19.210007],[-103.76169,19.209919],[-103.761508,19.209757],[-103.761462,19.209557],[-103.761369,19.209413],[-103.76122,19.209184],[-103.761205,19.208834],[-103.761274,19.208624],[-103.761343,19.208389],[-103.761381,19.208292],[-103.761484,19.208254],[-103.761589,19.208246],[-103.761629,19.208327],[-103.76166,19.208477],[-103.761788,19.208572],[-103.761913,19.208617],[-103.762015,19.208676],[-103.76215,19.208652],[-103.762325,19.208578],[-103.762437,19.208468],[-103.762532,19.20833],[-103.76267,19.208128],[-103.762738,19.208112],[-103.762916,19.208102],[-103.763162,19.208004],[-103.763367,19.20795],[-103.76356,19.207881],[-103.763724,19.207822],[-103.763967,19.207743],[-103.764135,19.207663],[-103.764319,19.207576],[-103.764481,19.207375],[-103.764809,19.207263],[-103.765137,19.207049],[-103.765262,19.206836],[-103.765299,19.206529],[-103.765336,19.205885],[-103.76554,19.205548],[-103.765867,19.205123],[-103.766,19.204988],[-103.766161,19.204878],[-103.766339,19.20486],[-103.766657,19.204918],[-103.766978,19.204914],[-103.767213,19.20483],[-103.767576,19.204588],[-103.767788,19.204395],[-103.767842,19.204285],[-103.768219,19.203881],[-103.768345,19.203747],[-103.768369,19.203634],[-103.768329,19.203492],[-103.768075,19.203116],[-103.767861,19.202793],[-103.767793,19.202556],[-103.767768,19.202426],[-103.76776,19.202315],[-103.767758,19.202187],[-103.767764,19.202101],[-103.767829,19.202027],[-103.767876,19.201994],[-103.76797,19.201994],[-103.768019,19.201995],[-103.768058,19.201925],[-103.768118,19.201676],[-103.76816,19.201485],[-103.768209,19.201236],[-103.768336,19.200981],[-103.768537,19.200699],[-103.768596,19.200617],[-103.768663,19.20057],[-103.768772,19.200565],[-103.768933,19.200626],[-103.769313,19.200758],[-103.769505,19.200823],[-103.769677,19.200868],[-103.769824,19.200825],[-103.770012,19.200668],[-103.770048,19.200532],[-103.77005,19.20022],[-103.770051,19.200127],[-103.770104,19.200069],[-103.770232,19.200051],[-103.770381,19.200039],[-103.770619,19.19997],[-103.770879,19.199839],[-103.771,19.199756],[-103.771346,19.199542],[-103.77155,19.199566],[-103.771634,19.19963],[-103.772166,19.200033],[-103.772802,19.200286],[-103.773208,19.200248],[-103.773789,19.200088],[-103.774308,19.200149],[-103.774542,19.200177],[-103.775003,19.200718],[-103.775346,19.201505],[-103.775923,19.201923],[-103.776268,19.202379],[-103.776728,19.202961],[-103.777596,19.20334],[-103.778175,19.203386],[-103.778928,19.203516],[-103.780117,19.203909]]]}},{"type":"Feature","properties":{"distrito_l":9},"geometry":{"type":"Polygon","coordinates":[[[-104.296888,19.013443],[-104.29479,19.013206],[-104.289082,19.011176],[-104.279824,19.007884],[-104.263465,19.001237],[-104.259364,18.999838],[-104.258342,18.999488],[-104.227772,18.989051],[-104.217594,18.985838],[-104.198226,18.978484],[-104.193123,18.976542],[-104.18402,18.973113],[-104.178164,18.970757],[-104.171321,18.967863],[-104.165291,18.9653],[-104.159435,18.963027],[-104.149754,18.959182],[-104.146131,18.957466],[-104.142158,18.955584],[-104.13752,18.953392],[-104.12662,18.948429],[-104.12407,18.947395],[-104.117693,18.944293],[-104.115171,18.942982],[-104.110851,18.940736],[-104.104475,18.937675],[-104.101112,18.935813],[-104.097982,18.934075],[-104.096,18.932924],[-104.092358,18.930807],[-104.088243,18.928531],[-104.086398,18.927427],[-104.086099,18.927248],[-104.081402,18.924435],[-104.07746,18.921746],[-104.07638,18.920938],[-104.07597,18.92063],[-104.075506,18.920283],[-104.074665,18.919654],[-104.072983,18.918395],[-104.066986,18.914582],[-104.066725,18.914417],[-104.064657,18.913109],[-104.062475,18.91184],[-104.0604,18.910508],[-104.058803,18.909521],[-104.056848,18.908279],[-104.054737,18.906969],[-104.05404,18.906537],[-104.053755,18.906387],[-104.053455,18.906229],[-104.052083,18.905612],[-104.050005,18.904801],[-104.048478,18.904273],[-104.045623,18.902833],[-104.044097,18.901779],[-104.042703,18.901011],[-104.039613,18.899935],[-104.037411,18.898776],[-104.035441,18.897741],[-104.033818,18.896913],[-104.031095,18.895547],[-104.028777,18.894553],[-104.027097,18.893932],[-104.027036,18.893898],[-104.025185,18.892897],[-104.020377,18.890992],[-104.018929,18.890329],[-104.017132,18.88946],[-104.015047,18.88859],[-104.012787,18.887513],[-104.010992,18.886892],[-104.009254,18.88627],[-104.00769,18.88569],[-104.006068,18.884986],[-104.004619,18.884117],[-104.003795,18.88298],[-104.002517,18.881328],[-104.000261,18.879124],[-103.998859,18.878547],[-103.99802,18.877999],[-103.99711,18.877518],[-103.996396,18.877118],[-103.99578,18.87687],[-103.99488,18.876204],[-103.994774,18.876151],[-103.994354,18.87594],[-103.993864,18.875694],[-103.993268,18.875392],[-103.992654,18.875115],[-103.991816,18.874666],[-103.99111,18.87402],[-103.990175,18.873735],[-103.989258,18.873413],[-103.988137,18.872824],[-103.987348,18.872607],[-103.986099,18.872993],[-103.98358,18.872846],[-103.980607,18.870792],[-103.980205,18.870335],[-103.979341,18.869462],[-103.978765,18.869004],[-103.978305,18.868423],[-103.977557,18.867716],[-103.976633,18.867215],[-103.974378,18.866706],[-103.973455,18.866122],[-103.973163,18.86602],[-103.972185,18.865453],[-103.971661,18.865987],[-103.971374,18.865614],[-103.971087,18.86524],[-103.970625,18.864948],[-103.970165,18.864449],[-103.969878,18.863993],[-103.969303,18.863329],[-103.969013,18.86341],[-103.969068,18.863906],[-103.969181,18.864402],[-103.969468,18.864858],[-103.969812,18.865397],[-103.969461,18.866056],[-103.968821,18.866548],[-103.967952,18.866791],[-103.967025,18.866827],[-103.965577,18.867024],[-103.964649,18.867184],[-103.963838,18.867344],[-103.962969,18.867463],[-103.962158,18.867582],[-103.961286,18.868155],[-103.960123,18.869098],[-103.959482,18.869714],[-103.958664,18.871072],[-103.958139,18.87173],[-103.95773,18.872388],[-103.957258,18.873831],[-103.957081,18.874367],[-103.956731,18.87482],[-103.956726,18.875728],[-103.956434,18.876222],[-103.956025,18.876716],[-103.955791,18.87721],[-103.955557,18.877663],[-103.955496,18.877683],[-103.954687,18.877947],[-103.954279,18.878357],[-103.953812,18.878974],[-103.953403,18.879633],[-103.952994,18.88025],[-103.952758,18.881033],[-103.952812,18.881612],[-103.953155,18.882399],[-103.953265,18.88335],[-103.953431,18.884756],[-103.954347,18.886455],[-103.954459,18.887158],[-103.95486,18.887863],[-103.955146,18.888484],[-103.955491,18.888899],[-103.955641,18.888793],[-103.956527,18.889939],[-103.956464,18.890806],[-103.955413,18.892369],[-103.954659,18.892612],[-103.95338,18.893431],[-103.951928,18.894207],[-103.950763,18.895439],[-103.950352,18.896263],[-103.950292,18.896675],[-103.950521,18.897214],[-103.951093,18.898374],[-103.951494,18.898996],[-103.951772,18.901064],[-103.951593,18.901889],[-103.951125,18.902795],[-103.950487,18.902915],[-103.950292,18.902951],[-103.949016,18.90683],[-103.948315,18.9079],[-103.947384,18.908721],[-103.94622,18.909746],[-103.944996,18.910937],[-103.944005,18.912128],[-103.943073,18.913032],[-103.941735,18.914015],[-103.941209,18.914962],[-103.940392,18.915907],[-103.939923,18.916813],[-103.939975,18.917887],[-103.940491,18.91884],[-103.9417,18.919922],[-103.942738,18.920713],[-103.943777,18.921257],[-103.943833,18.921588],[-103.943878,18.923736],[-103.94393,18.924769],[-103.943809,18.925595],[-103.944039,18.92601],[-103.943571,18.926668],[-103.943161,18.927409],[-103.942693,18.928273],[-103.942457,18.928933],[-103.942394,18.929841],[-103.942561,18.930958],[-103.942839,18.932942],[-103.943145,18.934057],[-103.943151,18.934082],[-103.943221,18.934335],[-103.943223,18.934647],[-103.943227,18.934845],[-103.943234,18.935372],[-103.943233,18.93545],[-103.943233,18.935511],[-103.943231,18.935717],[-103.943227,18.935923],[-103.943224,18.936332],[-103.943278,18.937035],[-103.943961,18.939105],[-103.944597,18.939191],[-103.944826,18.939647],[-103.944883,18.939937],[-103.944694,18.940626],[-103.944773,18.940948],[-103.944851,18.94126],[-103.945162,18.941632],[-103.945392,18.941964],[-103.945623,18.94209],[-103.945621,18.942461],[-103.945791,18.942958],[-103.947011,18.943521],[-103.947062,18.943545],[-103.947175,18.944041],[-103.947114,18.944495],[-103.946822,18.944906],[-103.94624,18.94544],[-103.945483,18.946137],[-103.944959,18.946589],[-103.944027,18.947492],[-103.943617,18.948191],[-103.943729,18.948853],[-103.943783,18.949597],[-103.944125,18.950467],[-103.944467,18.951378],[-103.944924,18.952467],[-103.945065,18.952804],[-103.945179,18.953203],[-103.945241,18.95342],[-103.945415,18.95442],[-103.94604,18.95486],[-103.946702,18.955481],[-103.94664,18.956059],[-103.946579,18.956679],[-103.9464,18.957504],[-103.945934,18.957997],[-103.945179,18.958322],[-103.944192,18.958647],[-103.942741,18.959216],[-103.94248,18.959168],[-103.942046,18.959088],[-103.941061,18.959164],[-103.940193,18.959035],[-103.938978,18.958821],[-103.938284,18.958651],[-103.937417,18.958398],[-103.936724,18.958063],[-103.935513,18.957147],[-103.934822,18.95644],[-103.93442,18.955859],[-103.934019,18.95503],[-103.93333,18.953993],[-103.932756,18.953205],[-103.932063,18.95287],[-103.931832,18.952662],[-103.931893,18.952249],[-103.932069,18.951796],[-103.932246,18.951343],[-103.932248,18.950971],[-103.931612,18.95076],[-103.930859,18.950838],[-103.930046,18.951081],[-103.928886,18.951321],[-103.927728,18.951355],[-103.926512,18.951265],[-103.925584,18.951507],[-103.924541,18.951542],[-103.923789,18.951331],[-103.92298,18.951078],[-103.922055,18.950741],[-103.920898,18.950486],[-103.920084,18.951018],[-103.919852,18.951058],[-103.919273,18.951013],[-103.918459,18.951586],[-103.918221,18.952535],[-103.918216,18.953402],[-103.918619,18.953776],[-103.919022,18.954233],[-103.919018,18.954853],[-103.918899,18.955348],[-103.918665,18.95576],[-103.919127,18.958063],[-103.918183,18.958772],[-103.917717,18.959348],[-103.917539,18.959884],[-103.917478,18.960544],[-103.917532,18.961123],[-103.91747,18.961742],[-103.91741,18.962196],[-103.917176,18.962567],[-103.917114,18.963103],[-103.917226,18.963806],[-103.917339,18.96422],[-103.917105,18.964632],[-103.916871,18.965043],[-103.917212,18.966037],[-103.917553,18.967113],[-103.917427,18.968806],[-103.917303,18.97021],[-103.917721,18.971272],[-103.917873,18.97166],[-103.91844,18.973729],[-103.918722,18.975011],[-103.917496,18.976491],[-103.916624,18.976981],[-103.915752,18.97743],[-103.914937,18.978085],[-103.914698,18.979406],[-103.915442,18.980856],[-103.915263,18.981682],[-103.915256,18.982797],[-103.915134,18.983829],[-103.914664,18.984817],[-103.914659,18.985768],[-103.914767,18.987049],[-103.914817,18.988247],[-103.915334,18.989035],[-103.915273,18.989531],[-103.914569,18.99089],[-103.914386,18.992417],[-103.914492,18.994029],[-103.913792,18.99485],[-103.91338,18.995839],[-103.913779,18.996957],[-103.914177,18.99824],[-103.914517,18.999399],[-103.914512,19.000267],[-103.914333,19.001092],[-103.914322,19.002827],[-103.914491,19.003654],[-103.913906,19.004518],[-103.913727,19.005343],[-103.914244,19.006173],[-103.91476,19.007044],[-103.914924,19.008614],[-103.91463,19.009397],[-103.91422,19.010014],[-103.913692,19.011126],[-103.912936,19.011617],[-103.912581,19.012772],[-103.910777,19.014041],[-103.909792,19.013952],[-103.909154,19.014113],[-103.908569,19.014977],[-103.908333,19.015636],[-103.908675,19.01663],[-103.90896,19.017458],[-103.909069,19.018492],[-103.909006,19.019276],[-103.909233,19.020021],[-103.910788,19.021601],[-103.911074,19.022305],[-103.911064,19.023875],[-103.911461,19.025323],[-103.912437,19.026734],[-103.912137,19.028426],[-103.911955,19.029664],[-103.911941,19.031936],[-103.912219,19.033838],[-103.91388,19.037154],[-103.913522,19.038721],[-103.912824,19.039171],[-103.9124,19.039995],[-103.912062,19.040654],[-103.911705,19.042056],[-103.911178,19.043003],[-103.910535,19.043866],[-103.909836,19.044481],[-103.909251,19.045386],[-103.90913,19.04617],[-103.909008,19.047161],[-103.908886,19.048069],[-103.909045,19.05059],[-103.908753,19.05096],[-103.907879,19.051615],[-103.907121,19.052354],[-103.906339,19.053111],[-103.906188,19.053257],[-103.905487,19.054244],[-103.905133,19.055109],[-103.904721,19.056181],[-103.903309,19.059559],[-103.903477,19.060593],[-103.903528,19.061626],[-103.903638,19.062535],[-103.903747,19.063775],[-103.903682,19.064849],[-103.902446,19.067898],[-103.902094,19.068474],[-103.901743,19.069092],[-103.901274,19.069956],[-103.901036,19.070863],[-103.900684,19.071605],[-103.900102,19.071973],[-103.899402,19.07267],[-103.899223,19.073413],[-103.898927,19.074444],[-103.898631,19.075433],[-103.897931,19.076172],[-103.897695,19.07679],[-103.897575,19.077492],[-103.896814,19.078644],[-103.895705,19.079876],[-103.896101,19.081407],[-103.896615,19.082691],[-103.896146,19.083555],[-103.895562,19.084212],[-103.894743,19.085405],[-103.894044,19.085938],[-103.893749,19.086803],[-103.894144,19.088376],[-103.894251,19.089822],[-103.894533,19.090939],[-103.894647,19.091395],[-103.895101,19.093009],[-103.895128,19.093396],[-103.89526,19.095282],[-103.89531,19.096687],[-103.895419,19.097761],[-103.895653,19.097981],[-103.895995,19.098302],[-103.896454,19.099007],[-103.896855,19.099795],[-103.897432,19.100336],[-103.897835,19.100598],[-103.897088,19.103164],[-103.895882,19.104244],[-103.894273,19.105656],[-103.89237,19.106536],[-103.888802,19.108993],[-103.888054,19.109493],[-103.887438,19.109815],[-103.887016,19.110037],[-103.886211,19.110702],[-103.885695,19.111241],[-103.8858,19.112555],[-103.885834,19.112984],[-103.885874,19.11348],[-103.885954,19.114483],[-103.885707,19.114842],[-103.884982,19.115895],[-103.884694,19.116062],[-103.884413,19.117093],[-103.88454,19.118367],[-103.884783,19.119641],[-103.884562,19.120959],[-103.883938,19.122445],[-103.883838,19.123069],[-103.883608,19.124505],[-103.884195,19.125446],[-103.884506,19.127912],[-103.884867,19.129472],[-103.8853,19.1304],[-103.885758,19.131519],[-103.88604,19.132759],[-103.886292,19.133615],[-103.88661,19.134497],[-103.887533,19.135372],[-103.890556,19.135174],[-103.907024,19.134098],[-103.916978,19.133437],[-103.934213,19.11815],[-103.934979,19.117423],[-103.935055,19.117352],[-103.944203,19.108683],[-103.97989,19.115912],[-104.020293,19.124084],[-104.020803,19.124189],[-104.056016,19.131306],[-104.067817,19.133689],[-104.067131,19.137705],[-104.066646,19.14055],[-104.061926,19.168195],[-104.058658,19.187331],[-104.061527,19.186592],[-104.062049,19.185762],[-104.06257,19.18485],[-104.063439,19.184351],[-104.064714,19.184265],[-104.065931,19.184096],[-104.067206,19.18401],[-104.068134,19.183801],[-104.068655,19.183179],[-104.069524,19.18239],[-104.070336,19.182139],[-104.071321,19.182178],[-104.072016,19.182011],[-104.07306,19.18176],[-104.073755,19.181758],[-104.07416,19.180929],[-104.074972,19.180389],[-104.075841,19.180428],[-104.076421,19.180012],[-104.077174,19.179928],[-104.077927,19.179926],[-104.08015,19.180441],[-104.07955,19.180626],[-104.081985,19.181697],[-104.082548,19.18437],[-104.083318,19.183143],[-104.084303,19.183514],[-104.085057,19.183885],[-104.085752,19.184256],[-104.086506,19.184792],[-104.088361,19.18487],[-104.090273,19.186067],[-104.09207,19.185317],[-104.093171,19.184983],[-104.094098,19.185187],[-104.09588,19.186509],[-104.095432,19.187421],[-104.095259,19.188746],[-104.095483,19.188782],[-104.095568,19.188796],[-104.099316,19.189399],[-104.100127,19.189687],[-104.101345,19.189974],[-104.10291,19.190259],[-104.104417,19.190297],[-104.105688,19.189991],[-104.105807,19.189962],[-104.106392,19.189839],[-104.107062,19.189697],[-104.108589,19.189706],[-104.109691,19.190035],[-104.110145,19.190331],[-104.110386,19.190489],[-104.11114,19.190528],[-104.111951,19.189739],[-104.112994,19.188949],[-104.113979,19.188408],[-104.115312,19.187618],[-104.116181,19.187284],[-104.11705,19.186909],[-104.117745,19.186369],[-104.118324,19.185415],[-104.118961,19.184419],[-104.119541,19.183797],[-104.12041,19.183421],[-104.121685,19.18317],[-104.122902,19.183539],[-104.123772,19.184158],[-104.124409,19.184819],[-104.125163,19.185314],[-104.125859,19.185643],[-104.12696,19.185516],[-104.128003,19.185182],[-104.128872,19.185014],[-104.130089,19.184762],[-104.13119,19.184055],[-104.131943,19.182728],[-104.132174,19.181857],[-104.132521,19.180945],[-104.133198,19.180571],[-104.133506,19.180404],[-104.134754,19.18065],[-104.134955,19.18069],[-104.135883,19.180812],[-104.136926,19.180519],[-104.137968,19.179854],[-104.139069,19.179354],[-104.139736,19.178977],[-104.14046,19.17877],[-104.141155,19.178602],[-104.141535,19.178434],[-104.141908,19.178269],[-104.142488,19.177853],[-104.143009,19.177562],[-104.144111,19.178635],[-104.144079,19.179301],[-104.144054,19.179671],[-104.144576,19.180539],[-104.14504,19.181118],[-104.146025,19.181654],[-104.146779,19.182397],[-104.14688,19.182517],[-104.147301,19.183017],[-104.147443,19.183219],[-104.147881,19.183844],[-104.148461,19.184463],[-104.149157,19.185041],[-104.149795,19.185122],[-104.15049,19.18512],[-104.15136,19.185035],[-104.151997,19.184909],[-104.152924,19.184616],[-104.153851,19.184117],[-104.154545,19.183614],[-104.154778,19.183451],[-104.156053,19.183158],[-104.155997,19.18394],[-104.156842,19.183617],[-104.158118,19.184158],[-104.159337,19.183744],[-104.160673,19.182832],[-104.161836,19.182003],[-104.162648,19.181837],[-104.163809,19.182087],[-104.165085,19.182254],[-104.165956,19.182089],[-104.166886,19.181343],[-104.167932,19.180348],[-104.168629,19.179809],[-104.170661,19.179561],[-104.171937,19.180019],[-104.172865,19.180974],[-104.173677,19.181472],[-104.175359,19.182387],[-104.175782,19.182872],[-104.176228,19.183383],[-104.176923,19.184421],[-104.177265,19.184667],[-104.178372,19.18546],[-104.179649,19.185876],[-104.18104,19.187246],[-104.181759,19.187762],[-104.182316,19.186932],[-104.183931,19.184526],[-104.18393,19.183366],[-104.183466,19.182456],[-104.183523,19.181338],[-104.183521,19.179888],[-104.183695,19.179142],[-104.184158,19.178685],[-104.183405,19.178688],[-104.183219,19.177764],[-104.182881,19.176701],[-104.182126,19.174922],[-104.181893,19.173432],[-104.18195,19.172603],[-104.181602,19.171362],[-104.181079,19.170535],[-104.180905,19.1695],[-104.180253,19.168114],[-104.178978,19.167034],[-104.178747,19.166494],[-104.178574,19.165705],[-104.178226,19.165207],[-104.177763,19.16446],[-104.17759,19.163671],[-104.177649,19.162551],[-104.17765,19.161679],[-104.17742,19.160558],[-104.176783,19.15923],[-104.176146,19.158233],[-104.175684,19.156988],[-104.175685,19.155992],[-104.175455,19.154788],[-104.175282,19.153668],[-104.17598,19.15234],[-104.175866,19.150929],[-104.175867,19.150389],[-104.176854,19.149767],[-104.178247,19.149519],[-104.179466,19.149271],[-104.180395,19.149355],[-104.181381,19.149148],[-104.181961,19.149564],[-104.182658,19.149274],[-104.182833,19.148734],[-104.18324,19.148236],[-104.18382,19.148278],[-104.184226,19.148652],[-104.184747,19.148984],[-104.185269,19.149234],[-104.185734,19.149234],[-104.186024,19.148902],[-104.186141,19.148321],[-104.186606,19.147865],[-104.187244,19.148115],[-104.187824,19.14853],[-104.188288,19.148738],[-104.188753,19.148116],[-104.18916,19.147452],[-104.189972,19.147203],[-104.191133,19.147453],[-104.192119,19.147495],[-104.192758,19.147413],[-104.193222,19.146832],[-104.194094,19.146334],[-104.194964,19.146501],[-104.195602,19.14646],[-104.196822,19.145838],[-104.197808,19.145756],[-104.198736,19.146254],[-104.199432,19.14667],[-104.200069,19.147293],[-104.200219,19.147382],[-104.200765,19.147708],[-104.201228,19.147819],[-104.201287,19.147833],[-104.201983,19.148041],[-104.202214,19.148912],[-104.202718,19.14924],[-104.202852,19.149328],[-104.203955,19.149204],[-104.204281,19.149143],[-104.205058,19.148997],[-104.205695,19.149745],[-104.205869,19.150284],[-104.205926,19.150907],[-104.205926,19.151269],[-104.205925,19.151529],[-104.206125,19.151959],[-104.206157,19.152027],[-104.206737,19.152526],[-104.20699,19.152607],[-104.207259,19.152692],[-104.207723,19.152194],[-104.208014,19.151738],[-104.208305,19.151406],[-104.208943,19.151531],[-104.209464,19.152278],[-104.209753,19.153482],[-104.210042,19.154271],[-104.210853,19.155475],[-104.211317,19.156139],[-104.211838,19.156679],[-104.212534,19.157426],[-104.213462,19.158298],[-104.214273,19.158963],[-104.214854,19.158921],[-104.215376,19.158714],[-104.215957,19.158299],[-104.21598,19.158285],[-104.21648,19.157968],[-104.217002,19.158341],[-104.217175,19.159006],[-104.217638,19.159587],[-104.218393,19.15967],[-104.218973,19.159463],[-104.219361,19.159131],[-104.219554,19.158965],[-104.219573,19.158847],[-104.219671,19.158218],[-104.21973,19.157388],[-104.219963,19.1566],[-104.220834,19.156476],[-104.221472,19.156891],[-104.222051,19.157929],[-104.222862,19.159423],[-104.22379,19.159963],[-104.224544,19.160503],[-104.225298,19.160919],[-104.226748,19.160961],[-104.227619,19.160712],[-104.228374,19.159965],[-104.229013,19.159343],[-104.229826,19.158721],[-104.230407,19.158348],[-104.230697,19.159136],[-104.230638,19.159717],[-104.230695,19.160174],[-104.231043,19.160672],[-104.231275,19.161419],[-104.231158,19.161959],[-104.231099,19.162457],[-104.230867,19.163038],[-104.230982,19.163743],[-104.231562,19.164076],[-104.232317,19.163868],[-104.23313,19.163163],[-104.233885,19.162292],[-104.234467,19.161338],[-104.234525,19.160591],[-104.234288,19.15974],[-104.234236,19.159553],[-104.234817,19.159097],[-104.236337,19.158927],[-104.236674,19.15889],[-104.238126,19.158351],[-104.23888,19.158061],[-104.239403,19.157604],[-104.239447,19.157516],[-104.239752,19.156899],[-104.239811,19.156359],[-104.239869,19.155778],[-104.240042,19.155584],[-104.240061,19.155563],[-104.240276,19.155322],[-104.241321,19.154824],[-104.242308,19.154451],[-104.243991,19.154286],[-104.244629,19.154577],[-104.245035,19.155075],[-104.245441,19.155573],[-104.246136,19.15632],[-104.246948,19.157026],[-104.247993,19.157151],[-104.249385,19.157234],[-104.250283,19.157894],[-104.250951,19.158771],[-104.251589,19.159435],[-104.252169,19.159767],[-104.252748,19.160307],[-104.253154,19.160805],[-104.253618,19.161262],[-104.25396,19.161208],[-104.254082,19.161179],[-104.254559,19.160696],[-104.254779,19.160473],[-104.255708,19.160059],[-104.257043,19.159727],[-104.257798,19.159686],[-104.258726,19.159727],[-104.259481,19.160101],[-104.259886,19.160931],[-104.260002,19.161346],[-104.260028,19.16144],[-104.260118,19.161761],[-104.259421,19.161678],[-104.25884,19.16284],[-104.259768,19.163421],[-104.259856,19.163444],[-104.26058,19.163629],[-104.26145,19.164252],[-104.262089,19.164211],[-104.262959,19.164086],[-104.263946,19.164128],[-104.264932,19.164253],[-104.265687,19.164336],[-104.2665,19.163963],[-104.26757,19.163136],[-104.267893,19.162884],[-104.269227,19.163922],[-104.269981,19.16471],[-104.270213,19.165582],[-104.271374,19.16496],[-104.272534,19.165168],[-104.274043,19.165541],[-104.275145,19.166206],[-104.275551,19.167368],[-104.276769,19.167368],[-104.278569,19.167161],[-104.280251,19.16741],[-104.28176,19.167659],[-104.282805,19.168033],[-104.288287,19.168043],[-104.289621,19.167114],[-104.291009,19.168047],[-104.293277,19.168051],[-104.294551,19.16983],[-104.29519,19.170987],[-104.295828,19.171565],[-104.29716,19.170897],[-104.298378,19.171059],[-104.299538,19.1718],[-104.300115,19.170555],[-104.300757,19.173245],[-104.301048,19.17428],[-104.301974,19.172992],[-104.303247,19.171828],[-104.304288,19.170789],[-104.305562,19.169831],[-104.306662,19.168073],[-104.308281,19.166963],[-104.309148,19.165759],[-104.309262,19.165696],[-104.310545,19.164977],[-104.311126,19.164651],[-104.311304,19.163636],[-104.31113,19.16264],[-104.311421,19.161312],[-104.311596,19.160067],[-104.311422,19.159153],[-104.311365,19.157452],[-104.311482,19.156207],[-104.31154,19.155294],[-104.311542,19.152596],[-104.31027,19.152525],[-104.305565,19.152264],[-104.305012,19.152238],[-104.305063,19.152167],[-104.305098,19.152105],[-104.305119,19.152047],[-104.305129,19.151994],[-104.305129,19.151944],[-104.305131,19.151897],[-104.30514,19.151851],[-104.305156,19.1518],[-104.305182,19.151741],[-104.305219,19.151652],[-104.305249,19.151581],[-104.305328,19.151394],[-104.305448,19.151193],[-104.305511,19.151106],[-104.305538,19.151069],[-104.305546,19.151009],[-104.30555,19.150946],[-104.305566,19.150758],[-104.305577,19.150696],[-104.305592,19.150557],[-104.305617,19.150395],[-104.305642,19.150212],[-104.305658,19.150077],[-104.305671,19.149949],[-104.305678,19.14983],[-104.305683,19.149794],[-104.305697,19.149734],[-104.305726,19.149652],[-104.305797,19.149493],[-104.305896,19.149322],[-104.306033,19.149117],[-104.306096,19.149046],[-104.306192,19.148955],[-104.306258,19.148879],[-104.306308,19.148822],[-104.306335,19.148787],[-104.30637,19.14873],[-104.306394,19.148677],[-104.30645,19.148556],[-104.30651,19.148422],[-104.306581,19.148285],[-104.306641,19.148174],[-104.306732,19.147983],[-104.306808,19.147837],[-104.306896,19.14767],[-104.30694,19.147582],[-104.306962,19.147497],[-104.306961,19.147443],[-104.306955,19.147355],[-104.306939,19.14725],[-104.306924,19.147179],[-104.306899,19.147095],[-104.306868,19.146992],[-104.306855,19.146883],[-104.306845,19.146743],[-104.306827,19.146632],[-104.306779,19.146425],[-104.306702,19.146136],[-104.306647,19.14596],[-104.306595,19.145798],[-104.307132,19.145689],[-104.306973,19.145178],[-104.306764,19.144512],[-104.306555,19.143853],[-104.306457,19.143545],[-104.306364,19.143222],[-104.306279,19.14298],[-104.306515,19.142938],[-104.30665,19.142917],[-104.307058,19.14285],[-104.307218,19.142827],[-104.307384,19.142812],[-104.307775,19.142806],[-104.308205,19.142814],[-104.308524,19.142816],[-104.308814,19.142808],[-104.309113,19.142826],[-104.309292,19.14285],[-104.309454,19.142874],[-104.309422,19.142755],[-104.309366,19.142471],[-104.30924,19.141851],[-104.309023,19.140855],[-104.30884,19.140015],[-104.308747,19.139492],[-104.308712,19.139224],[-104.308698,19.13888],[-104.308861,19.138871],[-104.309983,19.138887],[-104.310594,19.138926],[-104.311206,19.138957],[-104.31155,19.138989],[-104.31195,19.139014],[-104.313107,19.139153],[-104.313409,19.139158],[-104.313726,19.139148],[-104.314161,19.138983],[-104.314532,19.138711],[-104.314873,19.13842],[-104.315129,19.138125],[-104.315264,19.137904],[-104.315529,19.137399],[-104.315702,19.137027],[-104.316003,19.136517],[-104.316246,19.136241],[-104.317257,19.13507],[-104.318232,19.133903],[-104.318418,19.133613],[-104.318818,19.132674],[-104.319247,19.130874],[-104.319382,19.130479],[-104.319518,19.130031],[-104.319575,19.129679],[-104.319645,19.129449],[-104.319788,19.129109],[-104.319942,19.12899],[-104.320039,19.128796],[-104.320217,19.128639],[-104.32062,19.128398],[-104.320903,19.128209],[-104.319983,19.127673],[-104.31775,19.126083],[-104.317354,19.126131],[-104.316564,19.126293],[-104.314748,19.126449],[-104.313877,19.126698],[-104.312775,19.127072],[-104.311867,19.127706],[-104.310221,19.128856],[-104.310323,19.126684],[-104.314251,19.124511],[-104.314208,19.124473],[-104.314057,19.124327],[-104.313913,19.124175],[-104.313778,19.124022],[-104.313648,19.123865],[-104.313525,19.12371],[-104.313408,19.123552],[-104.313302,19.123392],[-104.3132,19.12323],[-104.313103,19.123068],[-104.313012,19.122903],[-104.312925,19.122735],[-104.312842,19.122565],[-104.312762,19.122392],[-104.312683,19.122218],[-104.312603,19.122045],[-104.312525,19.121872],[-104.312447,19.121702],[-104.312368,19.121532],[-104.312292,19.121365],[-104.312213,19.1212],[-104.312138,19.121037],[-104.312063,19.120875],[-104.311988,19.120717],[-104.311915,19.120558],[-104.311842,19.1204],[-104.311767,19.12024],[-104.311693,19.12008],[-104.311618,19.119918],[-104.311542,19.119752],[-104.311463,19.119585],[-104.311385,19.119413],[-104.311303,19.11924],[-104.311222,19.119063],[-104.31114,19.118885],[-104.311057,19.118707],[-104.310973,19.118525],[-104.31089,19.11834],[-104.310805,19.118158],[-104.310718,19.117975],[-104.310633,19.117792],[-104.310547,19.117608],[-104.310462,19.117425],[-104.310377,19.117243],[-104.310292,19.117063],[-104.310207,19.116883],[-104.310125,19.116707],[-104.310042,19.11653],[-104.309962,19.116353],[-104.309883,19.116178],[-104.309803,19.116005],[-104.309723,19.115832],[-104.309643,19.11566],[-104.309563,19.115487],[-104.309485,19.115315],[-104.309405,19.115143],[-104.309325,19.11497],[-104.309247,19.114797],[-104.309168,19.114623],[-104.30909,19.11445],[-104.309012,19.114278],[-104.308932,19.114108],[-104.308853,19.113937],[-104.308775,19.113767],[-104.308697,19.113598],[-104.308618,19.113428],[-104.308542,19.113262],[-104.308462,19.113093],[-104.308383,19.112927],[-104.308307,19.112762],[-104.30823,19.112597],[-104.308155,19.112433],[-104.30808,19.11227],[-104.308007,19.11211],[-104.307932,19.111948],[-104.307858,19.111787],[-104.307785,19.111625],[-104.307712,19.111463],[-104.307638,19.111302],[-104.307567,19.111138],[-104.307495,19.110977],[-104.307423,19.110813],[-104.307348,19.11065],[-104.307275,19.110487],[-104.3072,19.110325],[-104.307125,19.110162],[-104.30705,19.109998],[-104.306972,19.109837],[-104.306893,19.109673],[-104.306813,19.109512],[-104.306733,19.109352],[-104.306652,19.109192],[-104.306632,19.109157],[-104.306565,19.109035],[-104.306515,19.108948],[-104.306477,19.108882],[-104.306383,19.108733],[-104.306285,19.108585],[-104.306183,19.10844],[-104.306078,19.108297],[-104.305968,19.108155],[-104.305852,19.108015],[-104.30573,19.107875],[-104.305605,19.107737],[-104.305475,19.1076],[-104.30534,19.107467],[-104.305202,19.107337],[-104.30506,19.10721],[-104.304913,19.107088],[-104.304767,19.106972],[-104.304618,19.10686],[-104.304468,19.106752],[-104.304318,19.106645],[-104.304167,19.106543],[-104.304013,19.106445],[-104.303858,19.10635],[-104.3037,19.106255],[-104.303538,19.106163],[-104.303373,19.106068],[-104.303208,19.105975],[-104.303042,19.10588],[-104.302875,19.105785],[-104.302792,19.105737],[-104.302708,19.10569],[-104.302542,19.105595],[-104.302375,19.1055],[-104.302208,19.105407],[-104.302042,19.105313],[-104.301948,19.10526],[-104.301877,19.10522],[-104.301713,19.105127],[-104.301548,19.105033],[-104.301387,19.104942],[-104.301223,19.104848],[-104.30106,19.104755],[-104.300897,19.104662],[-104.300733,19.104568],[-104.30057,19.104475],[-104.300405,19.104382],[-104.30024,19.104288],[-104.300073,19.104193],[-104.299905,19.104098],[-104.299735,19.104002],[-104.299567,19.103905],[-104.299397,19.103808],[-104.299227,19.103712],[-104.299058,19.103613],[-104.298892,19.103517],[-104.298725,19.103422],[-104.298558,19.103327],[-104.298442,19.103259],[-104.298393,19.103232],[-104.29823,19.103138],[-104.298067,19.103045],[-104.297907,19.10295],[-104.297747,19.102857],[-104.297588,19.10276],[-104.297432,19.102663],[-104.297277,19.102567],[-104.29712,19.102468],[-104.296967,19.10237],[-104.296812,19.10227],[-104.296658,19.102168],[-104.296507,19.102065],[-104.296357,19.10196],[-104.296207,19.101855],[-104.296058,19.10175],[-104.29591,19.101647],[-104.295762,19.101542],[-104.295615,19.101438],[-104.295468,19.101337],[-104.295323,19.101235],[-104.29518,19.101132],[-104.295037,19.10103],[-104.294895,19.100928],[-104.294753,19.100827],[-104.294613,19.100725],[-104.294472,19.100625],[-104.29433,19.100523],[-104.294185,19.100423],[-104.29404,19.100322],[-104.293954,19.100262],[-104.293867,19.100203],[-104.293743,19.100115],[-104.293592,19.10001],[-104.29344,19.099902],[-104.293287,19.099793],[-104.293132,19.099687],[-104.292977,19.099582],[-104.292822,19.099478],[-104.292667,19.099375],[-104.292508,19.099277],[-104.292348,19.099183],[-104.292187,19.099097],[-104.29202,19.099013],[-104.291852,19.098937],[-104.29168,19.098863],[-104.291505,19.098795],[-104.291327,19.098732],[-104.291147,19.098677],[-104.290963,19.098627],[-104.290778,19.098585],[-104.290592,19.09855],[-104.290402,19.09852],[-104.290212,19.098498],[-104.290022,19.09848],[-104.28983,19.09847],[-104.289637,19.098465],[-104.289443,19.098465],[-104.289348,19.098469],[-104.289252,19.098473],[-104.28906,19.098487],[-104.288868,19.098503],[-104.288677,19.098522],[-104.288485,19.098542],[-104.288293,19.098562],[-104.288103,19.098585],[-104.287912,19.098607],[-104.28772,19.09863],[-104.287528,19.098652],[-104.287337,19.098672],[-104.287147,19.098693],[-104.286957,19.098715],[-104.28677,19.098737],[-104.286583,19.098758],[-104.2864,19.098778],[-104.286218,19.098797],[-104.28604,19.098815],[-104.285865,19.098833],[-104.285692,19.098853],[-104.28552,19.098873],[-104.285348,19.098893],[-104.285302,19.098898],[-104.285178,19.098912],[-104.285008,19.098928],[-104.284939,19.098934],[-104.284838,19.098942],[-104.284667,19.09895],[-104.284495,19.098955],[-104.284322,19.098957],[-104.284147,19.098955],[-104.283972,19.09895],[-104.283795,19.098938],[-104.28362,19.09892],[-104.283532,19.098907],[-104.283445,19.098895],[-104.28327,19.098863],[-104.283095,19.098827],[-104.28292,19.098787],[-104.282745,19.098743],[-104.282572,19.098698],[-104.282397,19.098652],[-104.282223,19.098607],[-104.282048,19.09856],[-104.281875,19.098515],[-104.2817,19.098468],[-104.281527,19.098423],[-104.281353,19.098377],[-104.28118,19.098332],[-104.281005,19.098287],[-104.280832,19.09824],[-104.280657,19.098193],[-104.280482,19.098147],[-104.280307,19.098098],[-104.280132,19.09805],[-104.279957,19.098003],[-104.27978,19.097955],[-104.279607,19.097902],[-104.279437,19.097842],[-104.279268,19.097777],[-104.279103,19.097705],[-104.278943,19.097627],[-104.278788,19.09754],[-104.278638,19.097448],[-104.278493,19.09735],[-104.278353,19.097245],[-104.27822,19.097133],[-104.278092,19.097015],[-104.278031,19.096954],[-104.27797,19.096893],[-104.277853,19.096767],[-104.277743,19.096638],[-104.277637,19.096507],[-104.27753,19.096375],[-104.27745,19.096276],[-104.27727,19.096034],[-104.277124,19.095852],[-104.276783,19.095428],[-104.276503,19.095074],[-104.275719,19.094096],[-104.274756,19.092906],[-104.274601,19.092721],[-104.274392,19.092496],[-104.274272,19.092371],[-104.274157,19.09224],[-104.274045,19.092112],[-104.273947,19.091999],[-104.273834,19.091878],[-104.273686,19.091734],[-104.273535,19.09159],[-104.273106,19.091189],[-104.272707,19.090818],[-104.272397,19.090525],[-104.271859,19.09003],[-104.27162,19.08981],[-104.271497,19.089694],[-104.27138,19.089584],[-104.271214,19.089425],[-104.27114,19.089354],[-104.270952,19.089181],[-104.270673,19.088926],[-104.270497,19.088764],[-104.270348,19.088627],[-104.270157,19.08845],[-104.27001,19.088305],[-104.269762,19.08806],[-104.269682,19.087989],[-104.269494,19.08782],[-104.269393,19.087726],[-104.269313,19.087647],[-104.269273,19.087602],[-104.269226,19.087548],[-104.269168,19.087477],[-104.269112,19.087408],[-104.269047,19.087322],[-104.269012,19.087268],[-104.268931,19.087135],[-104.26888,19.087028],[-104.268858,19.086976],[-104.268836,19.086928],[-104.268826,19.086903],[-104.268799,19.08683],[-104.268779,19.086778],[-104.268751,19.086704],[-104.26871,19.086571],[-104.268682,19.086464],[-104.268674,19.086433],[-104.268666,19.086399],[-104.268646,19.0863],[-104.268616,19.086088],[-104.268589,19.085863],[-104.268547,19.085554],[-104.268532,19.085413],[-104.268506,19.085207],[-104.268456,19.08486],[-104.268409,19.084383],[-104.267986,19.084382],[-104.267636,19.082516],[-104.267625,19.082371],[-104.267639,19.082233],[-104.267998,19.080434],[-104.268069,19.080184],[-104.268165,19.079842],[-104.268317,19.079586],[-104.268576,19.079288],[-104.268703,19.079143],[-104.268796,19.079044],[-104.26892,19.078918],[-104.269052,19.078784],[-104.269195,19.07864],[-104.269237,19.078598],[-104.269356,19.078483],[-104.269522,19.078324],[-104.269608,19.078242],[-104.269685,19.078169],[-104.269823,19.078025],[-104.269886,19.077957],[-104.270027,19.077805],[-104.270443,19.077354],[-104.270622,19.077097],[-104.270704,19.07677],[-104.270737,19.076415],[-104.270745,19.076099],[-104.270226,19.069852],[-104.270162,19.069083],[-104.270117,19.068538],[-104.270076,19.068205],[-104.270055,19.068076],[-104.269436,19.064248],[-104.26937,19.06331],[-104.269433,19.062619],[-104.269605,19.062017],[-104.269778,19.061459],[-104.269951,19.060929],[-104.270077,19.060503],[-104.270187,19.060003],[-104.269999,19.058443],[-104.269939,19.057961],[-104.269841,19.057606],[-104.269774,19.05731],[-104.269572,19.056623],[-104.269415,19.056355],[-104.269166,19.055984],[-104.268889,19.055555],[-104.268707,19.055291],[-104.268619,19.054986],[-104.268618,19.054755],[-104.268642,19.054552],[-104.268711,19.054272],[-104.268777,19.053982],[-104.268864,19.053619],[-104.268866,19.053201],[-104.268798,19.052485],[-104.268795,19.052457],[-104.268587,19.051704],[-104.268423,19.051309],[-104.26831,19.051108],[-104.268294,19.051081],[-104.268001,19.050694],[-104.267518,19.050188],[-104.267136,19.049862],[-104.266901,19.049643],[-104.267064,19.04952],[-104.269901,19.047382],[-104.271135,19.045791],[-104.271532,19.046251],[-104.272743,19.046677],[-104.272692,19.047252],[-104.275641,19.048504],[-104.277587,19.048682],[-104.278149,19.048754],[-104.279454,19.048978],[-104.279391,19.049472],[-104.279445,19.049482],[-104.280097,19.049502],[-104.28027,19.049492],[-104.280635,19.049421],[-104.281178,19.049117],[-104.281457,19.048821],[-104.281747,19.048395],[-104.281877,19.048082],[-104.282005,19.047501],[-104.281999,19.047383],[-104.281992,19.047324],[-104.281652,19.047015],[-104.281548,19.046863],[-104.28137,19.046256],[-104.281203,19.045977],[-104.280709,19.045488],[-104.279903,19.044973],[-104.279353,19.044817],[-104.279259,19.044551],[-104.279211,19.044412],[-104.279182,19.044329],[-104.279167,19.044236],[-104.279088,19.044071],[-104.279112,19.043704],[-104.278889,19.043332],[-104.278823,19.042924],[-104.279285,19.041366],[-104.27938,19.041191],[-104.279523,19.04105],[-104.279671,19.04106],[-104.279795,19.041075],[-104.280116,19.041095],[-104.281369,19.041586],[-104.281949,19.041867],[-104.282803,19.042514],[-104.28337,19.043018],[-104.283813,19.043538],[-104.284218,19.04394],[-104.284478,19.044149],[-104.285323,19.045576],[-104.285776,19.046405],[-104.285929,19.046572],[-104.285969,19.046632],[-104.286026,19.046705],[-104.286447,19.047068],[-104.287393,19.047664],[-104.288269,19.048004],[-104.289665,19.047954],[-104.289731,19.047955],[-104.290525,19.047932],[-104.291248,19.048071],[-104.292327,19.048198],[-104.293576,19.048486],[-104.29421,19.048591],[-104.294662,19.048679],[-104.295124,19.048701],[-104.295636,19.048699],[-104.296142,19.048552],[-104.296693,19.048301],[-104.296775,19.048309],[-104.297317,19.048038],[-104.297794,19.047753],[-104.298298,19.047324],[-104.298504,19.046974],[-104.298735,19.046591],[-104.298819,19.046514],[-104.298944,19.046451],[-104.299041,19.046437],[-104.299217,19.046411],[-104.299527,19.046594],[-104.301135,19.047093],[-104.301294,19.047085],[-104.301623,19.04707],[-104.302174,19.04716],[-104.302682,19.047321],[-104.304059,19.04755],[-104.304525,19.047628],[-104.304807,19.047568],[-104.304907,19.047557],[-104.30527,19.047564],[-104.305318,19.04764],[-104.305358,19.047704],[-104.30549,19.047693],[-104.305535,19.047697],[-104.305581,19.047702],[-104.305696,19.047737],[-104.30581,19.047785],[-104.305917,19.047799],[-104.306016,19.047796],[-104.306087,19.047703],[-104.30749,19.047911],[-104.30794,19.047977],[-104.309338,19.048184],[-104.310909,19.048934],[-104.311191,19.04912],[-104.311828,19.04892],[-104.311931,19.048889],[-104.3121,19.048839],[-104.312352,19.048764],[-104.312744,19.048648],[-104.312992,19.048633],[-104.313301,19.048563],[-104.313583,19.048444],[-104.313872,19.048163],[-104.314035,19.04796],[-104.314189,19.047593],[-104.314321,19.047396],[-104.314398,19.047238],[-104.314427,19.047075],[-104.314518,19.046509],[-104.314472,19.045831],[-104.314738,19.043385],[-104.314763,19.040198],[-104.314879,19.03775],[-104.315165,19.033873],[-104.315312,19.033631],[-104.315026,19.033357],[-104.314806,19.033017],[-104.314801,19.03281],[-104.314629,19.032703],[-104.314474,19.031106],[-104.314447,19.030691],[-104.31447,19.030348],[-104.314446,19.029984],[-104.314368,19.029736],[-104.314373,19.029508],[-104.314349,19.029267],[-104.314271,19.029185],[-104.31421,19.029253],[-104.314191,19.029378],[-104.313848,19.029421],[-104.313701,19.029458],[-104.313558,19.029478],[-104.31315,19.029452],[-104.312782,19.029425],[-104.312618,19.029391],[-104.312334,19.029452],[-104.31199,19.029358],[-104.311647,19.029263],[-104.310711,19.028947],[-104.310394,19.028914],[-104.310201,19.028839],[-104.309937,19.028741],[-104.309657,19.028637],[-104.309559,19.028691],[-104.30946,19.028721],[-104.309037,19.028742],[-104.308664,19.028756],[-104.308514,19.028798],[-104.308328,19.028906],[-104.307845,19.028821],[-104.307619,19.028764],[-104.307063,19.028721],[-104.306845,19.028658],[-104.306458,19.02849],[-104.304772,19.027944],[-104.304617,19.028022],[-104.304264,19.027971],[-104.30367,19.027776],[-104.303167,19.02775],[-104.303081,19.027639],[-104.302828,19.027665],[-104.302594,19.027607],[-104.302086,19.027329],[-104.301912,19.027377],[-104.301742,19.027273],[-104.300656,19.027098],[-104.299071,19.02674],[-104.29881,19.026565],[-104.297403,19.026091],[-104.295226,19.025357],[-104.295176,19.025124],[-104.293802,19.018646],[-104.293792,19.018582],[-104.295678,19.018967],[-104.295708,19.018885],[-104.296082,19.017267],[-104.29614,19.017018],[-104.296147,19.016984],[-104.296158,19.01693],[-104.296868,19.013539],[-104.296888,19.013443]]]}},{"type":"Feature","properties":{"distrito_l":4},"geometry":{"type":"Polygon","coordinates":[[[-103.762351,19.299339],[-103.755636,19.29617],[-103.75386,19.295332],[-103.749412,19.293232],[-103.749272,19.293167],[-103.749254,19.293272],[-103.749241,19.293353],[-103.748995,19.294773],[-103.748731,19.29477],[-103.747652,19.294729],[-103.746889,19.294679],[-103.746813,19.294669],[-103.746754,19.29498],[-103.745696,19.29469],[-103.744731,19.294433],[-103.744583,19.294355],[-103.744687,19.293956],[-103.744794,19.293575],[-103.744903,19.293195],[-103.74416,19.292997],[-103.742995,19.292686],[-103.742948,19.292674],[-103.742829,19.293054],[-103.741592,19.292728],[-103.740451,19.292432],[-103.740558,19.292061],[-103.739329,19.291707],[-103.73817,19.291406],[-103.738228,19.291241],[-103.736539,19.290434],[-103.734975,19.289687],[-103.733744,19.289099],[-103.73251,19.28851],[-103.731386,19.287973],[-103.730367,19.287472],[-103.730474,19.287179],[-103.730559,19.286947],[-103.730674,19.286632],[-103.730761,19.286393],[-103.730936,19.285852],[-103.731023,19.285581],[-103.731122,19.28528],[-103.731175,19.285126],[-103.731307,19.284745],[-103.731433,19.284351],[-103.731482,19.284201],[-103.731547,19.283998],[-103.731664,19.283633],[-103.731868,19.283117],[-103.731979,19.282835],[-103.732086,19.282564],[-103.732157,19.282384],[-103.732205,19.282263],[-103.732411,19.28157],[-103.732459,19.281406],[-103.732546,19.281113],[-103.732636,19.280811],[-103.732655,19.280752],[-103.732703,19.280603],[-103.732715,19.280565],[-103.732793,19.280321],[-103.732941,19.279859],[-103.732983,19.279731],[-103.733081,19.279424],[-103.733115,19.279305],[-103.733232,19.27888],[-103.733288,19.278681],[-103.733354,19.278442],[-103.7334,19.278275],[-103.733472,19.278017],[-103.733034,19.277838],[-103.732232,19.277219],[-103.732195,19.276973],[-103.731935,19.276464],[-103.731864,19.276328],[-103.732111,19.276041],[-103.73238,19.275728],[-103.732651,19.275413],[-103.732924,19.275096],[-103.733106,19.274884],[-103.733205,19.274769],[-103.733463,19.274468],[-103.733734,19.274153],[-103.734002,19.273842],[-103.734252,19.273551],[-103.734529,19.273229],[-103.734801,19.272912],[-103.735126,19.272535],[-103.734725,19.272222],[-103.734621,19.272154],[-103.734146,19.271772],[-103.733643,19.27138],[-103.733462,19.271238],[-103.732289,19.270324],[-103.731385,19.26962],[-103.731175,19.269457],[-103.731084,19.269386],[-103.731045,19.269356],[-103.730955,19.269285],[-103.730267,19.268743],[-103.730208,19.268698],[-103.729395,19.268078],[-103.72867,19.267525],[-103.727937,19.266966],[-103.727536,19.266661],[-103.727459,19.266602],[-103.727382,19.266543],[-103.727292,19.266334],[-103.727257,19.266253],[-103.727192,19.266101],[-103.72713,19.265741],[-103.727121,19.265413],[-103.727165,19.26513],[-103.727144,19.264492],[-103.727081,19.264253],[-103.726994,19.264027],[-103.726974,19.263975],[-103.726765,19.263692],[-103.726564,19.263508],[-103.726501,19.263451],[-103.726058,19.26311],[-103.725594,19.262755],[-103.724956,19.262266],[-103.722779,19.260597],[-103.722667,19.260905],[-103.72211,19.262159],[-103.721442,19.263885],[-103.721228,19.264757],[-103.721171,19.264996],[-103.721265,19.265212],[-103.721174,19.265385],[-103.72116,19.26541],[-103.721041,19.265568],[-103.720956,19.265739],[-103.720982,19.265947],[-103.72119,19.266574],[-103.721199,19.266728],[-103.721214,19.266982],[-103.721188,19.267243],[-103.721144,19.267444],[-103.720927,19.267628],[-103.720811,19.267835],[-103.720657,19.267996],[-103.720561,19.268183],[-103.720533,19.268305],[-103.720597,19.268504],[-103.720568,19.268645],[-103.720425,19.268777],[-103.720313,19.268835],[-103.720267,19.268917],[-103.720287,19.269056],[-103.720337,19.269159],[-103.720433,19.26931],[-103.720451,19.269411],[-103.720461,19.269578],[-103.720417,19.269776],[-103.72034,19.269833],[-103.720282,19.269986],[-103.720188,19.270397],[-103.720087,19.270622],[-103.720071,19.27072],[-103.720054,19.27082],[-103.719969,19.270874],[-103.71996,19.270894],[-103.719897,19.270993],[-103.719735,19.271058],[-103.719598,19.271151],[-103.719435,19.27145],[-103.71931,19.271645],[-103.719217,19.271734],[-103.719095,19.271908],[-103.719107,19.272013],[-103.719043,19.272346],[-103.718661,19.272798],[-103.718381,19.273075],[-103.718277,19.273283],[-103.718054,19.273434],[-103.717867,19.27349],[-103.717592,19.273473],[-103.716823,19.273781],[-103.716549,19.273935],[-103.716278,19.274198],[-103.716089,19.274461],[-103.716005,19.27457],[-103.715967,19.274619],[-103.715893,19.274714],[-103.715877,19.274735],[-103.715853,19.274766],[-103.715648,19.275026],[-103.715584,19.275146],[-103.715599,19.275278],[-103.715607,19.275384],[-103.715511,19.275485],[-103.715416,19.275569],[-103.715355,19.275639],[-103.715263,19.27567],[-103.715228,19.275721],[-103.715207,19.275979],[-103.715086,19.276027],[-103.715052,19.276303],[-103.714987,19.276483],[-103.714911,19.276579],[-103.714928,19.276813],[-103.714913,19.27706],[-103.714868,19.277168],[-103.714842,19.277258],[-103.714816,19.277348],[-103.714866,19.277408],[-103.714935,19.277523],[-103.714958,19.277788],[-103.714924,19.278088],[-103.714847,19.278256],[-103.714839,19.278524],[-103.714787,19.278623],[-103.714764,19.278746],[-103.714766,19.278914],[-103.714717,19.279022],[-103.71472,19.279142],[-103.714696,19.279299],[-103.714693,19.279377],[-103.714708,19.279455],[-103.714836,19.2796],[-103.714887,19.279661],[-103.714946,19.279809],[-103.71508,19.280146],[-103.715119,19.280306],[-103.715125,19.280405],[-103.715098,19.280522],[-103.715054,19.280585],[-103.71499,19.280675],[-103.714912,19.2809],[-103.714785,19.281368],[-103.714787,19.281446],[-103.714761,19.281603],[-103.714601,19.28183],[-103.714448,19.281925],[-103.714203,19.282029],[-103.713953,19.282081],[-103.713835,19.282185],[-103.713701,19.282251],[-103.713599,19.28231],[-103.713516,19.282412],[-103.713464,19.282595],[-103.713127,19.283352],[-103.713043,19.283416],[-103.712925,19.283451],[-103.71283,19.283477],[-103.712738,19.283519],[-103.712643,19.283613],[-103.712463,19.283794],[-103.712297,19.283988],[-103.712232,19.284255],[-103.712128,19.284552],[-103.71206,19.284738],[-103.71193,19.284836],[-103.711659,19.284988],[-103.711607,19.285177],[-103.711637,19.285469],[-103.711667,19.285974],[-103.71167,19.286413],[-103.711756,19.286612],[-103.711775,19.286757],[-103.711625,19.286888],[-103.711447,19.287022],[-103.711211,19.287216],[-103.711146,19.287402],[-103.711116,19.287612],[-103.711073,19.287822],[-103.711145,19.288003],[-103.711298,19.288233],[-103.711379,19.288492],[-103.711348,19.289503],[-103.711007,19.290414],[-103.710778,19.290788],[-103.7107,19.29098],[-103.710323,19.291906],[-103.709809,19.292943],[-103.709467,19.293689],[-103.709007,19.294187],[-103.70895,19.29427],[-103.708777,19.294395],[-103.708546,19.294604],[-103.708207,19.294895],[-103.708001,19.294933],[-103.707738,19.294981],[-103.707701,19.294998],[-103.707494,19.295099],[-103.707459,19.295115],[-103.707427,19.295131],[-103.707218,19.295232],[-103.706468,19.295733],[-103.705985,19.29606],[-103.705546,19.296358],[-103.704796,19.296859],[-103.704277,19.297193],[-103.703642,19.29761],[-103.703297,19.297943],[-103.702894,19.298276],[-103.702491,19.29865],[-103.702146,19.298983],[-103.701801,19.299357],[-103.701227,19.300187],[-103.700826,19.300727],[-103.700482,19.301308],[-103.700137,19.301723],[-103.700022,19.301848],[-103.699793,19.302221],[-103.699547,19.302542],[-103.699506,19.302595],[-103.699393,19.302968],[-103.699109,19.303754],[-103.698765,19.304252],[-103.69842,19.304585],[-103.69819,19.304917],[-103.697962,19.305415],[-103.69762,19.306119],[-103.697044,19.306619],[-103.696582,19.306869],[-103.69612,19.307162],[-103.695774,19.30737],[-103.695486,19.307662],[-103.695199,19.307952],[-103.694797,19.308451],[-103.694509,19.308701],[-103.694049,19.3092],[-103.693704,19.309615],[-103.693014,19.310322],[-103.692495,19.31078],[-103.692091,19.31103],[-103.691746,19.311321],[-103.691399,19.311448],[-103.691226,19.311573],[-103.691052,19.311615],[-103.690531,19.31166],[-103.690498,19.311673],[-103.690126,19.311828],[-103.689723,19.312078],[-103.689203,19.312412],[-103.688684,19.312746],[-103.688338,19.312996],[-103.688165,19.313121],[-103.687704,19.313496],[-103.687185,19.313871],[-103.68655,19.314247],[-103.685065,19.317148],[-103.68478,19.317811],[-103.684552,19.318391],[-103.684211,19.319302],[-103.683925,19.319883],[-103.683754,19.320297],[-103.683412,19.321043],[-103.683068,19.321582],[-103.682552,19.322329],[-103.682494,19.322412],[-103.681918,19.322829],[-103.681513,19.322997],[-103.680937,19.323414],[-103.680842,19.323482],[-103.680764,19.323539],[-103.680593,19.324036],[-103.68048,19.324408],[-103.680135,19.324782],[-103.679848,19.325115],[-103.679502,19.325406],[-103.679215,19.32578],[-103.678869,19.326112],[-103.678525,19.326528],[-103.678237,19.32686],[-103.678007,19.327151],[-103.677836,19.327524],[-103.677665,19.327855],[-103.677493,19.328104],[-103.677438,19.328559],[-103.677324,19.328849],[-103.677185,19.329153],[-103.677153,19.329222],[-103.676981,19.329471],[-103.676577,19.329804],[-103.676405,19.329971],[-103.676002,19.330428],[-103.675945,19.330469],[-103.675772,19.330677],[-103.675544,19.331174],[-103.675199,19.33159],[-103.674682,19.332295],[-103.674222,19.332711],[-103.673934,19.333044],[-103.67359,19.333542],[-103.673421,19.334204],[-103.673249,19.334453],[-103.673193,19.334784],[-103.672966,19.335446],[-103.671721,19.336496],[-103.671583,19.336612],[-103.671469,19.33686],[-103.671298,19.337233],[-103.671144,19.337547],[-103.671012,19.337814],[-103.670841,19.338228],[-103.670613,19.338766],[-103.670441,19.339057],[-103.670038,19.33939],[-103.669691,19.339557],[-103.669228,19.339643],[-103.668592,19.339853],[-103.668245,19.340021],[-103.667898,19.340147],[-103.667783,19.34023],[-103.667611,19.340438],[-103.667555,19.340727],[-103.667499,19.341058],[-103.667327,19.341266],[-103.66698,19.341433],[-103.666518,19.341601],[-103.666402,19.341685],[-103.666172,19.341852],[-103.666058,19.342224],[-103.665888,19.34268],[-103.665833,19.343093],[-103.665781,19.343961],[-103.665902,19.344663],[-103.66614,19.345529],[-103.666318,19.346065],[-103.666435,19.346312],[-103.666556,19.346932],[-103.666443,19.347428],[-103.666391,19.348172],[-103.666455,19.349081],[-103.666517,19.349659],[-103.666405,19.350197],[-103.666349,19.350445],[-103.666352,19.350858],[-103.666411,19.351064],[-103.666355,19.35123],[-103.66624,19.351437],[-103.666069,19.351769],[-103.665955,19.352059],[-103.66584,19.352225],[-103.665436,19.352475],[-103.665148,19.352725],[-103.664917,19.352933],[-103.66463,19.353265],[-103.664342,19.353515],[-103.664112,19.353806],[-103.663708,19.354056],[-103.663651,19.354222],[-103.663826,19.354303],[-103.663711,19.354469],[-103.663596,19.354677],[-103.663423,19.354802],[-103.663135,19.35501],[-103.663078,19.355176],[-103.66308,19.355382],[-103.662965,19.355548],[-103.66285,19.355632],[-103.662735,19.355797],[-103.66262,19.355922],[-103.662447,19.35613],[-103.662275,19.356379],[-103.662334,19.356461],[-103.662393,19.356667],[-103.662453,19.356915],[-103.662279,19.356957],[-103.662106,19.357],[-103.661932,19.357042],[-103.661701,19.357167],[-103.661644,19.357292],[-103.661645,19.357374],[-103.661588,19.35754],[-103.661589,19.357705],[-103.661416,19.35783],[-103.661242,19.357873],[-103.661127,19.357915],[-103.660954,19.358081],[-103.660781,19.358206],[-103.660491,19.35829],[-103.660491,19.358208],[-103.660143,19.358169],[-103.659796,19.358295],[-103.65945,19.358545],[-103.659161,19.358712],[-103.658988,19.358837],[-103.6587,19.359045],[-103.65847,19.359418],[-103.658415,19.359791],[-103.658242,19.359998],[-103.658071,19.36033],[-103.657841,19.360621],[-103.657787,19.361199],[-103.657913,19.362645],[-103.657567,19.362854],[-103.657631,19.36368],[-103.657927,19.364504],[-103.658105,19.365164],[-103.658167,19.36566],[-103.658172,19.366362],[-103.658116,19.366734],[-103.658179,19.366967],[-103.658295,19.367394],[-103.658473,19.36793],[-103.658591,19.368219],[-103.658825,19.368548],[-103.658769,19.368838],[-103.658656,19.369169],[-103.658873,19.36943],[-103.659065,19.369662],[-103.659358,19.370156],[-103.659593,19.370485],[-103.660002,19.370937],[-103.660353,19.371472],[-103.660416,19.372133],[-103.660306,19.372877],[-103.660438,19.373515],[-103.660486,19.373744],[-103.66049,19.374405],[-103.660435,19.374736],[-103.660438,19.375149],[-103.660558,19.375727],[-103.660678,19.376263],[-103.660565,19.376801],[-103.660569,19.377256],[-103.660689,19.377916],[-103.660576,19.37833],[-103.66052,19.378578],[-103.660523,19.378991],[-103.66064,19.379156],[-103.660643,19.379528],[-103.66047,19.379694],[-103.660588,19.379983],[-103.66053,19.380024],[-103.660474,19.38019],[-103.660359,19.380397],[-103.660186,19.380522],[-103.659955,19.380648],[-103.659436,19.381023],[-103.663612,19.382706],[-103.660107,19.383738],[-103.657541,19.384203],[-103.655227,19.384437],[-103.655113,19.384768],[-103.654884,19.385182],[-103.654834,19.385461],[-103.654773,19.385803],[-103.654661,19.386465],[-103.654606,19.386878],[-103.65455,19.387168],[-103.654787,19.387786],[-103.654791,19.388406],[-103.654677,19.388737],[-103.654565,19.389234],[-103.654281,19.390062],[-103.654167,19.390393],[-103.653937,19.390684],[-103.653766,19.391098],[-103.653595,19.391471],[-103.65348,19.391596],[-103.653364,19.391638],[-103.653133,19.39168],[-103.652902,19.391847],[-103.652904,19.392178],[-103.652905,19.392343],[-103.652791,19.392509],[-103.652675,19.392633],[-103.652388,19.393048],[-103.652274,19.393256],[-103.652159,19.393463],[-103.652046,19.393794],[-103.652047,19.394001],[-103.651991,19.39429],[-103.651935,19.394539],[-103.651936,19.394704],[-103.651938,19.394993],[-103.652057,19.395323],[-103.652115,19.395405],[-103.652233,19.395611],[-103.652409,19.395899],[-103.652526,19.396064],[-103.652568,19.396376],[-103.652587,19.396518],[-103.652705,19.396848],[-103.652881,19.397053],[-103.653115,19.397383],[-103.653176,19.397754],[-103.65341,19.398042],[-103.653468,19.398165],[-103.653354,19.398455],[-103.653473,19.398827],[-103.653475,19.399033],[-103.653535,19.399322],[-103.653595,19.399693],[-103.653655,19.3999],[-103.653599,19.400189],[-103.653658,19.400437],[-103.65372,19.400891],[-103.653721,19.401056],[-103.653781,19.401428],[-103.653784,19.4018],[-103.653786,19.402048],[-103.653729,19.402213],[-103.653672,19.402337],[-103.653557,19.402462],[-103.653558,19.402669],[-103.653444,19.402876],[-103.653329,19.403001],[-103.653156,19.403167],[-103.652635,19.403335],[-103.652462,19.40346],[-103.652057,19.403587],[-103.65171,19.403672],[-103.651362,19.403798],[-103.651015,19.403841],[-103.650899,19.403924],[-103.650552,19.40405],[-103.650206,19.404218],[-103.649917,19.404385],[-103.649743,19.404469],[-103.64957,19.404594],[-103.649281,19.404761],[-103.649342,19.405173],[-103.649343,19.405339],[-103.649287,19.405587],[-103.649114,19.405671],[-103.648768,19.405921],[-103.648654,19.406211],[-103.648598,19.4065],[-103.6486,19.406789],[-103.648659,19.406996],[-103.648719,19.407243],[-103.648778,19.407449],[-103.648837,19.407573],[-103.648898,19.407945],[-103.648725,19.408152],[-103.648611,19.408442],[-103.648612,19.408566],[-103.648615,19.408897],[-103.648617,19.409186],[-103.648561,19.409517],[-103.648447,19.409848],[-103.648402,19.409946],[-103.648333,19.410097],[-103.645216,19.41118],[-103.645094,19.411356],[-103.644921,19.411481],[-103.644575,19.411772],[-103.644344,19.411939],[-103.643883,19.412355],[-103.643479,19.412564],[-103.643248,19.412772],[-103.642845,19.413146],[-103.642737,19.413342],[-103.642616,19.41356],[-103.642618,19.413891],[-103.642562,19.414181],[-103.642565,19.414594],[-103.642625,19.414965],[-103.64268,19.415136],[-103.642744,19.415336],[-103.642747,19.41575],[-103.642692,19.416163],[-103.642578,19.416536],[-103.642581,19.416949],[-103.642643,19.417486],[-103.64259,19.418147],[-103.642594,19.418767],[-103.6426,19.419635],[-103.642545,19.420007],[-103.642373,19.42038],[-103.64197,19.420795],[-103.641741,19.421127],[-103.641453,19.421501],[-103.641108,19.421916],[-103.640937,19.422372],[-103.640768,19.422992],[-103.640712,19.423365],[-103.64054,19.423655],[-103.640253,19.424028],[-103.640023,19.42436],[-103.63991,19.424733],[-103.639853,19.424899],[-103.639738,19.425106],[-103.639683,19.425437],[-103.639569,19.425727],[-103.639574,19.426512],[-103.639638,19.427338],[-103.639355,19.428331],[-103.662602,19.432181],[-103.667542,19.435842],[-103.667881,19.436467],[-103.668391,19.4373],[-103.66873,19.437883],[-103.668663,19.438501],[-103.668593,19.439244],[-103.668467,19.439862],[-103.668226,19.440437],[-103.667927,19.44097],[-103.667747,19.441339],[-103.667563,19.441957],[-103.667616,19.442329],[-103.667671,19.442495],[-103.667778,19.443116],[-103.667884,19.443737],[-103.668107,19.444401],[-103.668273,19.444899],[-103.668382,19.445355],[-103.668491,19.445852],[-103.668482,19.446431],[-103.668527,19.447257],[-103.668578,19.447713],[-103.668625,19.448416],[-103.668792,19.448914],[-103.668904,19.449204],[-103.669014,19.449577],[-103.669126,19.449868],[-103.669528,19.450163],[-103.66964,19.450454],[-103.669867,19.450787],[-103.670036,19.45112],[-103.67032,19.451578],[-103.670607,19.451789],[-103.670837,19.451957],[-103.671123,19.452209],[-103.671294,19.452418],[-103.671463,19.45275],[-103.671456,19.453205],[-103.671163,19.453407],[-103.67087,19.453568],[-103.670577,19.45373],[-103.670228,19.453766],[-103.669878,19.453803],[-103.669587,19.453882],[-103.669467,19.454087],[-103.669636,19.454461],[-103.66992,19.454878],[-103.670091,19.455086],[-103.669968,19.455539],[-103.66985,19.45562],[-103.669618,19.455576],[-103.669387,19.45549],[-103.669158,19.45528],[-103.668871,19.45507],[-103.668525,19.4549],[-103.66812,19.454812],[-103.667772,19.454766],[-103.667249,19.454759],[-103.666955,19.454961],[-103.666427,19.455285],[-103.66625,19.455447],[-103.666074,19.455569],[-103.665897,19.455773],[-103.665602,19.456017],[-103.665366,19.456303],[-103.665246,19.456549],[-103.665123,19.456961],[-103.665058,19.457414],[-103.664935,19.457826],[-103.664988,19.458157],[-103.66504,19.458571],[-103.665031,19.459149],[-103.665083,19.459563],[-103.665135,19.459935],[-103.665361,19.460351],[-103.665529,19.460725],[-103.665757,19.461018],[-103.665927,19.461309],[-103.666271,19.461603],[-103.6665,19.461813],[-103.666789,19.461899],[-103.667195,19.461987],[-103.667426,19.462073],[-103.667655,19.462283],[-103.667883,19.462575],[-103.667994,19.462907],[-103.668102,19.463446],[-103.668096,19.463817],[-103.668089,19.464272],[-103.667907,19.464765],[-103.667728,19.465093],[-103.667431,19.465502],[-103.667135,19.465828],[-103.666783,19.466072],[-103.66649,19.466233],[-103.666022,19.466433],[-103.665438,19.46659],[-103.664912,19.466831],[-103.664269,19.467029],[-103.66351,19.467266],[-103.662986,19.467342],[-103.659277,19.467978],[-103.660936,19.468182],[-103.662594,19.468387],[-103.663059,19.46818],[-103.66364,19.468096],[-103.664048,19.468261],[-103.665271,19.469211],[-103.665971,19.470037],[-103.666903,19.470697],[-103.668359,19.471647],[-103.669059,19.472431],[-103.669642,19.473175],[-103.67011,19.474084],[-103.671334,19.475241],[-103.672499,19.475942],[-103.673023,19.476272],[-103.673199,19.476975],[-103.673633,19.477172],[-103.685228,19.482443],[-103.685718,19.482665],[-103.688222,19.483571],[-103.690202,19.48452],[-103.691774,19.485303],[-103.694659,19.48607],[-103.695534,19.485834],[-103.69635,19.48568],[-103.697404,19.485157],[-103.697932,19.484875],[-103.698461,19.484469],[-103.698534,19.483478],[-103.698608,19.482488],[-103.698793,19.481747],[-103.699033,19.481254],[-103.699509,19.480558],[-103.700155,19.480113],[-103.700797,19.479915],[-103.701441,19.479593],[-103.701913,19.479145],[-103.702328,19.478613],[-103.702748,19.477751],[-103.703516,19.476935],[-103.704461,19.475957],[-103.704702,19.475381],[-103.705464,19.474937],[-103.706057,19.47416],[-103.706415,19.473545],[-103.706485,19.472761],[-103.706795,19.471526],[-103.706981,19.470744],[-103.707513,19.470172],[-103.707801,19.469993],[-103.708476,19.469572],[-103.709038,19.469243],[-103.710092,19.46872],[-103.713533,19.467898],[-103.71412,19.467493],[-103.714525,19.467218],[-103.715151,19.466952],[-103.715469,19.466684],[-103.716117,19.466073],[-103.716477,19.465376],[-103.71632,19.464217],[-103.716105,19.463058],[-103.716235,19.46215],[-103.716323,19.46021],[-103.716407,19.458476],[-103.715795,19.456691],[-103.71593,19.455495],[-103.716289,19.454798],[-103.716361,19.454649],[-103.716649,19.454059],[-103.721268,19.452137],[-103.722205,19.451695],[-103.722789,19.451496],[-103.723664,19.45126],[-103.72413,19.451142],[-103.724773,19.450944],[-103.725419,19.450457],[-103.726009,19.449845],[-103.726362,19.449561],[-103.726774,19.449236],[-103.727127,19.44891],[-103.727247,19.448664],[-103.727484,19.448378],[-103.727779,19.448092],[-103.728188,19.447974],[-103.728538,19.447855],[-103.72883,19.447735],[-103.728951,19.447447],[-103.729132,19.446995],[-103.729662,19.446548],[-103.730188,19.446307],[-103.730773,19.446066],[-103.731126,19.445782],[-103.731245,19.445577],[-103.731537,19.445457],[-103.732063,19.445257],[-103.732705,19.4451],[-103.733291,19.444778],[-103.733471,19.444367],[-103.733652,19.443915],[-103.73383,19.443711],[-103.734358,19.443346],[-103.735056,19.443314],[-103.73593,19.443119],[-103.736688,19.442964],[-103.73733,19.442765],[-103.738028,19.442733],[-103.739015,19.442788],[-103.739532,19.443166],[-103.739762,19.443335],[-103.740226,19.443341],[-103.740865,19.443349],[-103.741907,19.443611],[-103.742946,19.444079],[-103.743809,19.444668],[-103.744679,19.444762],[-103.746713,19.444707],[-103.747236,19.444755],[-103.747524,19.444882],[-103.747697,19.444967],[-103.748163,19.444932],[-103.748803,19.444817],[-103.749735,19.444664],[-103.750494,19.444467],[-103.751369,19.444231],[-103.752188,19.443828],[-103.75254,19.443626],[-103.753244,19.44314],[-103.754245,19.442285],[-103.754947,19.441923],[-103.755882,19.441563],[-103.756701,19.441243],[-103.757464,19.440716],[-103.75805,19.440393],[-103.758695,19.439947],[-103.759634,19.43934],[-103.760338,19.438895],[-103.761101,19.438409],[-103.76192,19.438006],[-103.762681,19.437603],[-103.763266,19.437322],[-103.763907,19.437247],[-103.764198,19.43721],[-103.76455,19.436967],[-103.764961,19.436683],[-103.765318,19.436109],[-103.766197,19.435625],[-103.767019,19.435016],[-103.767492,19.434485],[-103.768076,19.434286],[-103.768781,19.433717],[-103.769425,19.433436],[-103.770648,19.433204],[-103.771408,19.432925],[-103.772059,19.432107],[-103.77335,19.431256],[-103.774749,19.430902],[-103.775972,19.430753],[-103.776781,19.430936],[-103.776839,19.430977],[-103.777771,19.431472],[-103.778062,19.431471],[-103.779573,19.431096],[-103.780559,19.430018],[-103.781371,19.429438],[-103.782244,19.42956],[-103.783523,19.429558],[-103.783814,19.429516],[-103.784744,19.42939],[-103.785499,19.429306],[-103.786139,19.429263],[-103.786779,19.429344],[-103.787593,19.429467],[-103.788408,19.429548],[-103.788466,19.429548],[-103.788524,19.429548],[-103.788756,19.429464],[-103.789105,19.429216],[-103.789395,19.428905],[-103.789684,19.428594],[-103.790845,19.427888],[-103.791426,19.427681],[-103.792531,19.427471],[-103.792821,19.427429],[-103.793634,19.427014],[-103.79433,19.426392],[-103.795199,19.42515],[-103.79636,19.424651],[-103.796592,19.42432],[-103.796764,19.423492],[-103.797052,19.422788],[-103.797226,19.422581],[-103.797864,19.422125],[-103.798213,19.421876],[-103.798968,19.421626],[-103.799956,19.421418],[-103.800538,19.42154],[-103.801469,19.421787],[-103.802456,19.421412],[-103.803153,19.420956],[-103.803443,19.420831],[-103.803964,19.420003],[-103.804311,19.419547],[-103.804659,19.419091],[-103.804948,19.418636],[-103.805643,19.4176],[-103.806107,19.41731],[-103.806921,19.417143],[-103.807675,19.416562],[-103.807854,19.416305],[-103.80808,19.415982],[-103.808893,19.415567],[-103.809241,19.415235],[-103.810402,19.414819],[-103.811332,19.414486],[-103.812202,19.413905],[-103.812725,19.413863],[-103.813191,19.414069],[-103.813889,19.414067],[-103.814412,19.414025],[-103.814993,19.413941],[-103.815515,19.413485],[-103.815863,19.41307],[-103.816035,19.412408],[-103.8165,19.412159],[-103.816616,19.412241],[-103.81679,19.4122],[-103.816791,19.412241],[-103.816965,19.412282],[-103.817384,19.412368],[-103.817722,19.412487],[-103.818012,19.412321],[-103.818243,19.4117],[-103.818357,19.410997],[-103.818703,19.410045],[-103.819106,19.40901],[-103.819512,19.408719],[-103.82085,19.40884],[-103.825025,19.401776],[-103.825054,19.401776],[-103.825083,19.401776],[-103.82613,19.401732],[-103.827235,19.401813],[-103.827526,19.402392],[-103.827468,19.403013],[-103.827527,19.403468],[-103.828167,19.403425],[-103.829155,19.403216],[-103.829446,19.403298],[-103.829736,19.40338],[-103.829911,19.403339],[-103.830783,19.403129],[-103.831248,19.403128],[-103.832294,19.403167],[-103.833051,19.403662],[-103.833079,19.403699],[-103.833342,19.404034],[-103.833807,19.403826],[-103.834679,19.404321],[-103.835727,19.404981],[-103.83625,19.405477],[-103.8366,19.406511],[-103.837066,19.407131],[-103.838579,19.407832],[-103.839044,19.408037],[-103.839103,19.408824],[-103.838929,19.409363],[-103.839511,19.409941],[-103.840617,19.410477],[-103.841257,19.411096],[-103.841723,19.411799],[-103.841956,19.412379],[-103.842073,19.413331],[-103.842829,19.41337],[-103.843527,19.413617],[-103.843993,19.413823],[-103.844923,19.413903],[-103.846435,19.414065],[-103.847715,19.414269],[-103.848761,19.414101],[-103.849807,19.413643],[-103.85161,19.413638],[-103.85254,19.413471],[-103.853063,19.413511],[-103.854284,19.413715],[-103.855622,19.41367],[-103.85661,19.413626],[-103.857366,19.413376],[-103.858238,19.413084],[-103.859342,19.412749],[-103.860505,19.412746],[-103.863006,19.413237],[-103.864343,19.413399],[-103.865215,19.413107],[-103.866108,19.412647],[-103.866668,19.412358],[-103.867079,19.415628],[-103.866672,19.415878],[-103.866265,19.416169],[-103.865801,19.416667],[-103.865627,19.417454],[-103.866152,19.418033],[-103.86685,19.418569],[-103.867083,19.418776],[-103.867025,19.419149],[-103.866851,19.41977],[-103.866794,19.420309],[-103.866794,19.420474],[-103.868132,19.421051],[-103.868366,19.421588],[-103.86761,19.421963],[-103.867146,19.422163],[-103.867029,19.422213],[-103.866622,19.422628],[-103.866681,19.423001],[-103.866798,19.423249],[-103.86767,19.423661],[-103.868136,19.423867],[-103.867962,19.424364],[-103.867614,19.424696],[-103.867265,19.425028],[-103.866859,19.425444],[-103.866685,19.426065],[-103.86686,19.426355],[-103.866861,19.427059],[-103.867269,19.428465],[-103.867271,19.429749],[-103.867388,19.430494],[-103.867796,19.431446],[-103.868146,19.431859],[-103.868787,19.433141],[-103.86908,19.434838],[-103.869023,19.435915],[-103.869024,19.436329],[-103.869083,19.437157],[-103.869143,19.438482],[-103.870657,19.440259],[-103.872111,19.440628],[-103.87246,19.440627],[-103.873159,19.441039],[-103.873929,19.441166],[-103.874264,19.440995],[-103.874653,19.44032],[-103.87467,19.44029],[-103.874727,19.439337],[-103.87525,19.439543],[-103.876124,19.440203],[-103.877927,19.440778],[-103.87845,19.440528],[-103.878758,19.440061],[-103.878915,19.439823],[-103.879262,19.438746],[-103.87935,19.437692],[-103.879377,19.437379],[-103.879608,19.43655],[-103.880481,19.437169],[-103.882225,19.436792],[-103.885394,19.436044],[-103.885597,19.435996],[-103.885749,19.435648],[-103.886177,19.434669],[-103.888328,19.434415],[-103.889085,19.435034],[-103.890192,19.436563],[-103.89124,19.437182],[-103.892462,19.437634],[-103.89409,19.437795],[-103.896068,19.437831],[-103.898218,19.437182],[-103.898974,19.436953],[-103.898219,19.437825],[-103.897813,19.438447],[-103.897465,19.438987],[-103.897408,19.439442],[-103.8977,19.440353],[-103.897525,19.440436],[-103.897235,19.440561],[-103.896677,19.440801],[-103.896654,19.440811],[-103.896131,19.441185],[-103.895724,19.441766],[-103.895531,19.442074],[-103.895202,19.442596],[-103.895435,19.443009],[-103.895726,19.443215],[-103.896483,19.443669],[-103.897124,19.444205],[-103.897415,19.444495],[-103.897765,19.445529],[-103.898289,19.445983],[-103.898581,19.446313],[-103.899628,19.446476],[-103.900616,19.446556],[-103.901372,19.446223],[-103.902477,19.44622],[-103.902826,19.446509],[-103.903467,19.447377],[-103.903992,19.447955],[-103.904574,19.448161],[-103.905504,19.448199],[-103.90597,19.448322],[-103.906377,19.448611],[-103.906727,19.449066],[-103.907193,19.449851],[-103.907834,19.450678],[-103.908591,19.451048],[-103.909173,19.451461],[-103.909348,19.451916],[-103.909175,19.452537],[-103.909524,19.452992],[-103.91028,19.452658],[-103.910687,19.452326],[-103.911617,19.452158],[-103.91249,19.452445],[-103.914002,19.452565],[-103.917146,19.454378],[-103.919882,19.456358],[-103.92029,19.456647],[-103.920755,19.456729],[-103.921163,19.457059],[-103.921571,19.457886],[-103.921805,19.458589],[-103.92233,19.459167],[-103.922563,19.459581],[-103.922796,19.459994],[-103.922681,19.460616],[-103.922449,19.461362],[-103.922973,19.461816],[-103.923556,19.462228],[-103.924021,19.462103],[-103.924544,19.461977],[-103.9253,19.461892],[-103.926056,19.461683],[-103.926812,19.461474],[-103.92751,19.461472],[-103.928033,19.461346],[-103.928672,19.460847],[-103.929487,19.461135],[-103.930302,19.461546],[-103.930594,19.462249],[-103.931119,19.463283],[-103.931527,19.463903],[-103.932224,19.46357],[-103.932398,19.463072],[-103.932555,19.462623],[-103.93263,19.462409],[-103.932861,19.461539],[-103.932918,19.460586],[-103.932742,19.460214],[-103.932393,19.459967],[-103.932044,19.459843],[-103.930996,19.459349],[-103.930746,19.458641],[-103.930646,19.458357],[-103.931691,19.457277],[-103.933142,19.455658],[-103.933195,19.455499],[-103.933489,19.454621],[-103.933896,19.454454],[-103.934884,19.453955],[-103.93535,19.45445],[-103.935991,19.454945],[-103.937388,19.455438],[-103.938145,19.456016],[-103.938844,19.456717],[-103.939543,19.457585],[-103.940766,19.458658],[-103.944806,19.455176],[-103.945646,19.454455],[-103.945486,19.453785],[-103.94525,19.452799],[-103.945131,19.45173],[-103.945069,19.450537],[-103.945066,19.449345],[-103.944829,19.448112],[-103.944535,19.446961],[-103.944505,19.446753],[-103.944357,19.445728],[-103.944412,19.444658],[-103.944409,19.443672],[-103.944691,19.44235],[-103.945155,19.440175],[-103.944745,19.439107],[-103.944276,19.437874],[-103.944331,19.436887],[-103.944424,19.436418],[-103.944503,19.436023],[-103.944965,19.434994],[-103.94537,19.434212],[-103.944762,19.433978],[-103.944126,19.433763],[-103.943546,19.433674],[-103.94256,19.433621],[-103.941978,19.433655],[-103.941573,19.433526],[-103.94111,19.433397],[-103.940826,19.432939],[-103.940891,19.432402],[-103.940721,19.432152],[-103.940315,19.432065],[-103.939965,19.432143],[-103.939615,19.432304],[-103.939146,19.432547],[-103.938741,19.432459],[-103.938512,19.432208],[-103.938224,19.431998],[-103.937876,19.431953],[-103.937646,19.431785],[-103.937417,19.431534],[-103.937479,19.431287],[-103.937482,19.431039],[-103.937602,19.430793],[-103.937723,19.430422],[-103.93773,19.429927],[-103.937736,19.429472],[-103.937681,19.429306],[-103.937514,19.428726],[-103.937402,19.428477],[-103.937294,19.427856],[-103.937071,19.427192],[-103.936849,19.426446],[-103.936795,19.426156],[-103.93678,19.426096],[-103.936685,19.4257],[-103.93652,19.425037],[-103.93653,19.424252],[-103.936483,19.423467],[-103.936436,19.422681],[-103.936443,19.422186],[-103.936395,19.421441],[-103.936172,19.420736],[-103.935768,19.420608],[-103.935244,19.420643],[-103.934781,19.420554],[-103.934377,19.420343],[-103.933626,19.420003],[-103.933457,19.419629],[-103.933759,19.418848],[-103.933883,19.41823],[-103.933487,19.417481],[-103.932913,19.416979],[-103.932626,19.416727],[-103.932338,19.416517],[-103.93205,19.416349],[-103.931827,19.415685],[-103.931719,19.415105],[-103.931554,19.414442],[-103.931328,19.413944],[-103.931163,19.413322],[-103.930879,19.412864],[-103.93071,19.412449],[-103.930547,19.411662],[-103.930381,19.411082],[-103.930153,19.410748],[-103.92998,19.410622],[-103.929747,19.410702],[-103.929397,19.410822],[-103.929051,19.410611],[-103.928998,19.410239],[-103.929003,19.409867],[-103.929066,19.409496],[-103.929071,19.409165],[-103.929018,19.408834],[-103.928731,19.408583],[-103.92832,19.408867],[-103.927791,19.409274],[-103.927264,19.409598],[-103.92715,19.409473],[-103.927039,19.409058],[-103.927045,19.408645],[-103.926993,19.40819],[-103.926824,19.407857],[-103.926596,19.407524],[-103.926541,19.407276],[-103.92602,19.407187],[-103.925437,19.407345],[-103.924856,19.407338],[-103.924567,19.40721],[-103.924217,19.40733],[-103.923753,19.407283],[-103.923526,19.406908],[-103.923649,19.406373],[-103.923654,19.406001],[-103.923484,19.40571],[-103.923193,19.405748],[-103.922956,19.406075],[-103.92278,19.406238],[-103.922547,19.406277],[-103.922198,19.406273],[-103.922029,19.405899],[-103.921862,19.405401],[-103.921638,19.40482],[-103.921526,19.404529],[-103.92124,19.404195],[-103.921011,19.403903],[-103.920778,19.403983],[-103.920543,19.404145],[-103.92031,19.404225],[-103.920139,19.403975],[-103.919969,19.403643],[-103.919801,19.403228],[-103.919746,19.40302],[-103.919574,19.402812],[-103.919405,19.402479],[-103.919293,19.402189],[-103.919124,19.401815],[-103.919245,19.401444],[-103.91925,19.401073],[-103.918965,19.400697],[-103.918738,19.400281],[-103.918513,19.399783],[-103.918344,19.399409],[-103.918116,19.399076],[-103.918123,19.39858],[-103.918128,19.39825],[-103.918251,19.397755],[-103.918025,19.397298],[-103.917853,19.397089],[-103.917451,19.396754],[-103.916932,19.3965],[-103.916707,19.39596],[-103.916366,19.39546],[-103.916257,19.394922],[-103.916031,19.394506],[-103.915808,19.393842],[-103.915524,19.393343],[-103.915122,19.393049],[-103.914547,19.392629],[-103.914377,19.392296],[-103.914152,19.391756],[-103.913927,19.391258],[-103.913932,19.390886],[-103.913649,19.390387],[-103.913304,19.390093],[-103.913015,19.389966],[-103.912667,19.389962],[-103.912439,19.38967],[-103.912616,19.389465],[-103.912505,19.389051],[-103.912393,19.38876],[-103.912224,19.388386],[-103.912055,19.388012],[-103.911944,19.387681],[-103.911835,19.387183],[-103.911608,19.386768],[-103.911211,19.38606],[-103.910984,19.385686],[-103.910757,19.385353],[-103.91059,19.384813],[-103.91042,19.384522],[-103.910194,19.384065],[-103.910026,19.383608],[-103.9098,19.383151],[-103.909575,19.382611],[-103.909293,19.381988],[-103.9093,19.381534],[-103.909248,19.381079],[-103.909198,19.380541],[-103.909258,19.380377],[-103.908975,19.379836],[-103.908631,19.379543],[-103.908226,19.379414],[-103.90788,19.379244],[-103.90742,19.378867],[-103.907193,19.378534],[-103.906675,19.378197],[-103.906098,19.3779],[-103.90558,19.377564],[-103.904944,19.377391],[-103.904197,19.376762],[-103.903966,19.376676],[-103.903618,19.376631],[-103.903211,19.376708],[-103.902685,19.37695],[-103.902162,19.376943],[-103.901814,19.376898],[-103.901525,19.376812],[-103.901178,19.376683],[-103.900663,19.37614],[-103.872554,19.35613],[-103.856738,19.344859],[-103.831309,19.332663],[-103.831115,19.332569],[-103.820428,19.327441],[-103.81689,19.325744],[-103.816417,19.325517],[-103.814815,19.324748],[-103.814409,19.324522],[-103.81424,19.324428],[-103.810265,19.322212],[-103.809697,19.321937],[-103.798067,19.316321],[-103.793514,19.314121],[-103.790256,19.312549],[-103.789336,19.312105],[-103.788838,19.311865],[-103.787137,19.311061],[-103.78133,19.308315],[-103.778746,19.307093],[-103.778088,19.306782],[-103.772674,19.304222],[-103.772408,19.304096],[-103.771852,19.303833],[-103.769844,19.302884],[-103.769692,19.302812],[-103.769066,19.302516],[-103.762351,19.299339]]]}},{"type":"Feature","properties":{"distrito_l":15},"geometry":{"type":"Polygon","coordinates":[[[-103.972185,18.865453],[-103.971551,18.864954],[-103.970917,18.864578],[-103.9704,18.863831],[-103.969593,18.863248],[-103.969075,18.862666],[-103.968789,18.862045],[-103.968214,18.861422],[-103.967002,18.860712],[-103.966137,18.860211],[-103.963891,18.858091],[-103.96297,18.857217],[-103.962569,18.856595],[-103.962051,18.856014],[-103.961303,18.855265],[-103.961132,18.854727],[-103.960614,18.854311],[-103.960154,18.853689],[-103.959522,18.852941],[-103.959021,18.852366],[-103.958314,18.851612],[-103.957738,18.851112],[-103.95705,18.849993],[-103.95659,18.849494],[-103.955608,18.848992],[-103.955033,18.848369],[-103.954863,18.847707],[-103.95417,18.847496],[-103.953824,18.847288],[-103.953306,18.846747],[-103.953135,18.846292],[-103.953021,18.845919],[-103.952329,18.845585],[-103.952041,18.845376],[-103.951521,18.845084],[-103.950887,18.844626],[-103.950543,18.844086],[-103.949966,18.843835],[-103.948926,18.843416],[-103.948756,18.842877],[-103.948584,18.842463],[-103.948123,18.84213],[-103.947662,18.841838],[-103.946911,18.841585],[-103.946101,18.84158],[-103.945524,18.841288],[-103.944889,18.840829],[-103.943966,18.840328],[-103.943505,18.840077],[-103.943042,18.839992],[-103.942985,18.839785],[-103.943218,18.839662],[-103.943104,18.839372],[-103.942585,18.838956],[-103.941545,18.838619],[-103.94091,18.83845],[-103.940103,18.837866],[-103.939412,18.83716],[-103.938662,18.836701],[-103.937565,18.836239],[-103.936814,18.835987],[-103.936411,18.835654],[-103.935604,18.835112],[-103.934912,18.834777],[-103.934104,18.834235],[-103.932606,18.833193],[-103.931856,18.832692],[-103.931107,18.832109],[-103.93007,18.8314],[-103.929261,18.831147],[-103.928395,18.83077],[-103.927587,18.830352],[-103.926721,18.829933],[-103.926145,18.829517],[-103.925222,18.828974],[-103.924415,18.828473],[-103.923666,18.827973],[-103.922916,18.827472],[-103.921821,18.826639],[-103.920377,18.826299],[-103.919512,18.825715],[-103.918878,18.825216],[-103.918186,18.824839],[-103.917147,18.82442],[-103.916457,18.823548],[-103.91565,18.823047],[-103.914035,18.822128],[-103.912823,18.821583],[-103.911843,18.820957],[-103.910516,18.820205],[-103.909189,18.819536],[-103.908672,18.818995],[-103.907922,18.818577],[-103.907056,18.818159],[-103.905152,18.817238],[-103.904519,18.816697],[-103.904116,18.816281],[-103.90357,18.816058],[-103.903192,18.815903],[-103.902442,18.815527],[-103.902098,18.814987],[-103.901463,18.814735],[-103.900772,18.814277],[-103.899734,18.813692],[-103.899042,18.813191],[-103.898521,18.812849],[-103.898408,18.812774],[-103.897831,18.812523],[-103.897139,18.812105],[-103.896331,18.811687],[-103.894744,18.810626],[-103.893491,18.812495],[-103.890564,18.817846],[-103.887384,18.821221],[-103.87252,18.836997],[-103.872477,18.837043],[-103.872044,18.837502],[-103.871569,18.838006],[-103.868252,18.840835],[-103.866748,18.849789],[-103.860418,18.852929],[-103.855798,18.851245],[-103.852832,18.853291],[-103.852714,18.853703],[-103.854912,18.859419],[-103.85539,18.860662],[-103.855087,18.862725],[-103.854678,18.863301],[-103.851836,18.864232],[-103.850909,18.864308],[-103.850617,18.864637],[-103.850473,18.869015],[-103.848484,18.870483],[-103.852561,18.874582],[-103.853039,18.875063],[-103.849601,18.878859],[-103.848724,18.879827],[-103.848425,18.880029],[-103.84801,18.88031],[-103.845001,18.883131],[-103.8442,18.883883],[-103.844135,18.883943],[-103.842519,18.885714],[-103.841634,18.886684],[-103.840811,18.887586],[-103.840756,18.887646],[-103.840132,18.888329],[-103.839494,18.889018],[-103.839466,18.889049],[-103.839437,18.88908],[-103.838943,18.889613],[-103.841005,18.890753],[-103.841447,18.891421],[-103.841699,18.891801],[-103.839345,18.897527],[-103.839398,18.898271],[-103.840726,18.8989],[-103.841065,18.900141],[-103.840574,18.900248],[-103.838609,18.902258],[-103.840357,18.902584],[-103.843939,18.903224],[-103.844866,18.903389],[-103.846763,18.903776],[-103.851574,18.904756],[-103.852358,18.905604],[-103.852463,18.905633],[-103.852487,18.905653],[-103.85251,18.905675],[-103.852532,18.905693],[-103.852553,18.905713],[-103.852578,18.905735],[-103.852603,18.905758],[-103.852635,18.905787],[-103.852668,18.905815],[-103.852702,18.905842],[-103.852732,18.905868],[-103.85276,18.905892],[-103.852783,18.905912],[-103.852805,18.90593],[-103.852827,18.90595],[-103.852855,18.905972],[-103.852885,18.905997],[-103.852917,18.906022],[-103.852947,18.906043],[-103.852972,18.906062],[-103.852995,18.906077],[-103.853015,18.90609],[-103.853035,18.906102],[-103.853052,18.906113],[-103.853097,18.906143],[-103.853138,18.906175],[-103.853153,18.906187],[-103.853168,18.906198],[-103.853187,18.906212],[-103.853205,18.906227],[-103.853225,18.90624],[-103.853245,18.906255],[-103.853267,18.90627],[-103.85329,18.906285],[-103.853315,18.906303],[-103.853342,18.906322],[-103.853372,18.906342],[-103.853403,18.906363],[-103.853438,18.906387],[-103.853473,18.906412],[-103.85351,18.906438],[-103.853548,18.906465],[-103.853588,18.906493],[-103.853628,18.90652],[-103.853667,18.906547],[-103.853707,18.906572],[-103.853747,18.906598],[-103.853787,18.906627],[-103.853825,18.906653],[-103.85386,18.906677],[-103.853893,18.906702],[-103.853922,18.906727],[-103.853952,18.906748],[-103.853983,18.90677],[-103.854018,18.906795],[-103.854055,18.906822],[-103.854092,18.906847],[-103.854128,18.906868],[-103.85417,18.906895],[-103.85421,18.906923],[-103.85425,18.906952],[-103.854287,18.906978],[-103.854322,18.907003],[-103.854355,18.907027],[-103.854387,18.907048],[-103.854417,18.90707],[-103.854448,18.907092],[-103.85448,18.907112],[-103.854513,18.907133],[-103.85455,18.907158],[-103.854585,18.907182],[-103.854618,18.907205],[-103.854652,18.907227],[-103.854682,18.907247],[-103.854707,18.907263],[-103.85473,18.907277],[-103.854748,18.90729],[-103.854774,18.907306],[-103.854814,18.907331],[-103.854854,18.907357],[-103.854875,18.90737],[-103.854843,18.90744],[-103.854783,18.907572],[-103.854722,18.907705],[-103.854687,18.907783],[-103.85467,18.90782],[-103.854662,18.90784],[-103.8546,18.907978],[-103.854538,18.908117],[-103.854478,18.908253],[-103.854418,18.908388],[-103.854365,18.908512],[-103.854318,18.908623],[-103.85428,18.90872],[-103.854248,18.9088],[-103.854222,18.908867],[-103.854203,18.908913],[-103.854192,18.908945],[-103.854183,18.908967],[-103.854177,18.908992],[-103.854167,18.909028],[-103.854153,18.90908],[-103.854142,18.909132],[-103.854135,18.909163],[-103.854442,18.909263],[-103.855141,18.909338],[-103.855139,18.909363],[-103.855082,18.910169],[-103.85639,18.910304],[-103.859058,18.910569],[-103.859059,18.910602],[-103.859125,18.91061],[-103.859239,18.910624],[-103.861297,18.910882],[-103.86256,18.91106],[-103.863206,18.911138],[-103.863845,18.911224],[-103.86486,18.911329],[-103.866213,18.911453],[-103.867155,18.911599],[-103.867405,18.911638],[-103.869245,18.911936],[-103.869969,18.912034],[-103.870154,18.912058],[-103.870873,18.912193],[-103.871047,18.912231],[-103.872611,18.912484],[-103.872665,18.911638],[-103.872672,18.91149],[-103.872698,18.910774],[-103.872704,18.910706],[-103.872726,18.910192],[-103.872728,18.910115],[-103.872733,18.910051],[-103.872742,18.909719],[-103.872762,18.90935],[-103.872761,18.909306],[-103.873477,18.909404],[-103.874304,18.909503],[-103.875984,18.909728],[-103.877134,18.909877],[-103.87823,18.910027],[-103.878192,18.91101],[-103.878556,18.911049],[-103.878858,18.911075],[-103.879222,18.91105],[-103.879351,18.911014],[-103.880264,18.910761],[-103.881292,18.910464],[-103.882415,18.910125],[-103.883268,18.909894],[-103.883213,18.911039],[-103.883206,18.912119],[-103.883183,18.913108],[-103.883156,18.914087],[-103.883956,18.914203],[-103.884727,18.914318],[-103.88475,18.915056],[-103.884745,18.915889],[-103.884759,18.916271],[-103.884745,18.916402],[-103.884739,18.917416],[-103.884736,18.918444],[-103.884699,18.919492],[-103.884705,18.919805],[-103.885234,18.91982],[-103.885722,18.919829],[-103.88614,18.919848],[-103.88709,18.919878],[-103.887179,18.919879],[-103.887833,18.919917],[-103.888152,18.919926],[-103.888637,18.919948],[-103.888885,18.919952],[-103.889442,18.919966],[-103.889798,18.919967],[-103.88995,18.919967],[-103.890302,18.919978],[-103.890365,18.919978],[-103.890848,18.91999],[-103.89097,18.919987],[-103.891383,18.919998],[-103.89145,18.919999],[-103.891909,18.920007],[-103.892355,18.920006],[-103.892801,18.920011],[-103.892915,18.920013],[-103.89353,18.920008],[-103.89353,18.919944],[-103.893618,18.916583],[-103.89362,18.916525],[-103.89362,18.9165],[-103.894505,18.916516],[-103.895839,18.916554],[-103.896048,18.916557],[-103.896232,18.916574],[-103.896608,18.916585],[-103.897101,18.91659],[-103.897663,18.916596],[-103.89813,18.916612],[-103.898549,18.916621],[-103.898688,18.916631],[-103.898884,18.916638],[-103.899041,18.916644],[-103.899287,18.916628],[-103.901639,18.916697],[-103.902506,18.916721],[-103.903322,18.916737],[-103.903511,18.916749],[-103.903751,18.916755],[-103.903963,18.916759],[-103.904216,18.916767],[-103.904547,18.916773],[-103.904687,18.91678],[-103.904933,18.9168],[-103.905013,18.916799],[-103.90516,18.916805],[-103.905282,18.916803],[-103.905492,18.916805],[-103.905525,18.916807],[-103.905557,18.916808],[-103.905587,18.916808],[-103.905613,18.91681],[-103.905638,18.91681],[-103.905663,18.916812],[-103.905687,18.916812],[-103.90571,18.916812],[-103.905733,18.916813],[-103.905755,18.916812],[-103.905777,18.916813],[-103.905797,18.916813],[-103.905818,18.916812],[-103.905842,18.916812],[-103.905867,18.916812],[-103.905892,18.916813],[-103.906194,18.916825],[-103.906472,18.916833],[-103.906519,18.916834],[-103.906601,18.91683],[-103.906681,18.91683],[-103.906813,18.916822],[-103.906897,18.916822],[-103.90698,18.916836],[-103.907039,18.916852],[-103.907095,18.916876],[-103.90714,18.916887],[-103.907163,18.916887],[-103.907184,18.916882],[-103.907202,18.916867],[-103.907359,18.916582],[-103.907543,18.916263],[-103.90843,18.916312],[-103.91015,18.917111],[-103.911046,18.915581],[-103.909494,18.914449],[-103.910364,18.912915],[-103.91067,18.912377],[-103.911849,18.9103],[-103.912629,18.908901],[-103.914002,18.906437],[-103.914956,18.904726],[-103.915898,18.904774],[-103.915461,18.90822],[-103.918346,18.908344],[-103.91878,18.904922],[-103.922954,18.904831],[-103.923923,18.90481],[-103.927296,18.904736],[-103.927797,18.903161],[-103.927811,18.903118],[-103.927613,18.902628],[-103.927103,18.901364],[-103.928327,18.899885],[-103.929027,18.899104],[-103.929378,18.898569],[-103.929495,18.89824],[-103.929557,18.89762],[-103.937209,18.896098],[-103.937204,18.89709],[-103.937084,18.897667],[-103.936616,18.89845],[-103.936208,18.899025],[-103.935623,18.900013],[-103.934806,18.901082],[-103.934569,18.901948],[-103.934161,18.9024],[-103.933638,18.902645],[-103.933348,18.902767],[-103.932651,18.903093],[-103.931896,18.903543],[-103.931314,18.904035],[-103.930674,18.904526],[-103.930151,18.904812],[-103.929686,18.905016],[-103.929338,18.90522],[-103.928408,18.90571],[-103.927941,18.906451],[-103.926453,18.907524],[-103.925357,18.908372],[-103.92516,18.908935],[-103.925083,18.909862],[-103.924923,18.911564],[-103.922071,18.911588],[-103.921975,18.91217],[-103.921811,18.913158],[-103.921725,18.913673],[-103.921572,18.914597],[-103.921338,18.916005],[-103.921254,18.916511],[-103.921245,18.916563],[-103.921016,18.917939],[-103.923894,18.918179],[-103.924164,18.918201],[-103.934567,18.915824],[-103.937368,18.916341],[-103.939923,18.916813],[-103.940392,18.915907],[-103.941209,18.914962],[-103.941735,18.914015],[-103.943073,18.913032],[-103.944005,18.912128],[-103.944996,18.910937],[-103.94622,18.909746],[-103.947384,18.908721],[-103.948315,18.9079],[-103.949016,18.90683],[-103.950292,18.902951],[-103.950487,18.902915],[-103.951125,18.902795],[-103.951593,18.901889],[-103.951772,18.901064],[-103.951494,18.898996],[-103.951093,18.898374],[-103.950521,18.897214],[-103.950292,18.896675],[-103.950352,18.896263],[-103.950763,18.895439],[-103.951928,18.894207],[-103.95338,18.893431],[-103.954659,18.892612],[-103.955413,18.892369],[-103.956464,18.890806],[-103.956527,18.889939],[-103.955641,18.888793],[-103.955491,18.888899],[-103.955146,18.888484],[-103.95486,18.887863],[-103.954459,18.887158],[-103.954347,18.886455],[-103.953431,18.884756],[-103.953265,18.88335],[-103.953155,18.882399],[-103.952812,18.881612],[-103.952758,18.881033],[-103.952994,18.88025],[-103.953403,18.879633],[-103.953812,18.878974],[-103.954279,18.878357],[-103.954687,18.877947],[-103.955496,18.877683],[-103.955557,18.877663],[-103.955791,18.87721],[-103.956025,18.876716],[-103.956434,18.876222],[-103.956726,18.875728],[-103.956731,18.87482],[-103.957081,18.874367],[-103.957258,18.873831],[-103.95773,18.872388],[-103.958139,18.87173],[-103.958664,18.871072],[-103.959482,18.869714],[-103.960123,18.869098],[-103.961286,18.868155],[-103.962158,18.867582],[-103.962969,18.867463],[-103.963838,18.867344],[-103.964649,18.867184],[-103.965577,18.867024],[-103.967025,18.866827],[-103.967952,18.866791],[-103.968821,18.866548],[-103.969461,18.866056],[-103.969812,18.865397],[-103.969468,18.864858],[-103.969181,18.864402],[-103.969068,18.863906],[-103.969013,18.86341],[-103.969303,18.863329],[-103.969878,18.863993],[-103.970165,18.864449],[-103.970625,18.864948],[-103.971087,18.86524],[-103.971374,18.865614],[-103.971661,18.865987],[-103.972185,18.865453]]]}},{"type":"Feature","properties":{"distrito_l":11},"geometry":{"type":"Polygon","coordinates":[[[-104.31027,19.152525],[-104.310255,19.152459],[-104.310243,19.152389],[-104.310226,19.152285],[-104.310203,19.152195],[-104.310185,19.152093],[-104.310177,19.152009],[-104.310161,19.151905],[-104.310133,19.151767],[-104.310125,19.15168],[-104.310124,19.151632],[-104.310125,19.15159],[-104.310137,19.151552],[-104.310156,19.151516],[-104.310198,19.151482],[-104.310248,19.151476],[-104.310366,19.151489],[-104.310456,19.151495],[-104.310787,19.151509],[-104.311049,19.151531],[-104.311145,19.151561],[-104.311241,19.151587],[-104.3113,19.151592],[-104.311355,19.1516],[-104.311416,19.151603],[-104.31147,19.151599],[-104.311529,19.151593],[-104.311586,19.151575],[-104.311622,19.151562],[-104.311685,19.15153],[-104.311744,19.151492],[-104.311808,19.151448],[-104.311868,19.151436],[-104.311985,19.151332],[-104.312088,19.151235],[-104.312189,19.151128],[-104.312249,19.151058],[-104.312318,19.150959],[-104.312396,19.150873],[-104.312448,19.150799],[-104.312472,19.15075],[-104.312531,19.150783],[-104.312575,19.150796],[-104.312623,19.150802],[-104.312664,19.150805],[-104.312736,19.150807],[-104.312829,19.150804],[-104.312901,19.150804],[-104.313018,19.150795],[-104.313129,19.150796],[-104.313175,19.150797],[-104.313223,19.150798],[-104.313276,19.150796],[-104.313329,19.150786],[-104.313393,19.150776],[-104.313453,19.150774],[-104.313579,19.150794],[-104.313672,19.150813],[-104.313749,19.150808],[-104.313847,19.150805],[-104.313904,19.150808],[-104.313953,19.150808],[-104.314005,19.150799],[-104.314042,19.150793],[-104.314073,19.15078],[-104.314114,19.150772],[-104.314165,19.150786],[-104.314216,19.150785],[-104.314248,19.150781],[-104.314304,19.150758],[-104.314348,19.150745],[-104.314413,19.150737],[-104.314525,19.150741],[-104.314598,19.15074],[-104.314734,19.150748],[-104.314851,19.15076],[-104.314918,19.150768],[-104.315046,19.150784],[-104.315095,19.150775],[-104.315146,19.150685],[-104.315175,19.150807],[-104.315188,19.150843],[-104.315203,19.150916],[-104.315232,19.151012],[-104.315244,19.151125],[-104.315243,19.151167],[-104.315269,19.151205],[-104.315308,19.151229],[-104.31536,19.151261],[-104.315391,19.151276],[-104.315582,19.151343],[-104.31574,19.15149],[-104.315845,19.151607],[-104.3159,19.15167],[-104.316022,19.151813],[-104.316089,19.151909],[-104.31617,19.152018],[-104.316228,19.152086],[-104.316273,19.152125],[-104.316331,19.152159],[-104.316418,19.152194],[-104.316648,19.152264],[-104.316881,19.152334],[-104.317096,19.152408],[-104.317276,19.152468],[-104.317339,19.152477],[-104.317379,19.152488],[-104.317439,19.152526],[-104.317592,19.152646],[-104.317721,19.152747],[-104.317781,19.152793],[-104.317844,19.152831],[-104.31796,19.152883],[-104.318049,19.152911],[-104.31813,19.152989],[-104.318403,19.15308],[-104.318854,19.153233],[-104.319371,19.153406],[-104.319638,19.153463],[-104.319746,19.153495],[-104.320139,19.153616],[-104.321095,19.153912],[-104.321558,19.154063],[-104.321806,19.154166],[-104.322045,19.154463],[-104.322849,19.154548],[-104.329372,19.155094],[-104.329414,19.155101],[-104.332026,19.155573],[-104.336039,19.155843],[-104.336345,19.155863],[-104.336415,19.155867],[-104.336323,19.155699],[-104.336238,19.155524],[-104.336143,19.155368],[-104.336068,19.155203],[-104.335993,19.155064],[-104.335921,19.154901],[-104.335851,19.154729],[-104.335789,19.154583],[-104.335762,19.15448],[-104.335749,19.154422],[-104.335732,19.154348],[-104.33572,19.154188],[-104.335716,19.154028],[-104.335729,19.153939],[-104.335752,19.153734],[-104.335824,19.153356],[-104.335982,19.152627],[-104.336012,19.152491],[-104.336052,19.152317],[-104.336162,19.151798],[-104.336219,19.151507],[-104.336255,19.151359],[-104.336288,19.151206],[-104.33636,19.150903],[-104.336373,19.150842],[-104.336437,19.150549],[-104.336501,19.150234],[-104.336519,19.150136],[-104.336591,19.149799],[-104.336624,19.149605],[-104.336629,19.149519],[-104.336648,19.149225],[-104.336667,19.148811],[-104.336674,19.148532],[-104.33669,19.148128],[-104.336691,19.148063],[-104.336699,19.147932],[-104.336705,19.147621],[-104.336734,19.146748],[-104.336764,19.146033],[-104.336767,19.14594],[-104.336768,19.145703],[-104.336764,19.145512],[-104.336747,19.145137],[-104.336747,19.144917],[-104.336744,19.144815],[-104.336732,19.144701],[-104.336692,19.144496],[-104.336643,19.144323],[-104.336593,19.144122],[-104.336576,19.143964],[-104.336574,19.143847],[-104.336597,19.14373],[-104.336656,19.143611],[-104.336726,19.143506],[-104.33686,19.143346],[-104.336972,19.14322],[-104.337032,19.143153],[-104.337146,19.143005],[-104.337248,19.142855],[-104.337429,19.142597],[-104.337474,19.142741],[-104.337504,19.142763],[-104.338849,19.143064],[-104.339686,19.143254],[-104.339745,19.142984],[-104.339806,19.14273],[-104.339888,19.142348],[-104.339917,19.142188],[-104.339958,19.142027],[-104.339999,19.141854],[-104.340548,19.141955],[-104.340949,19.142029],[-104.341798,19.142225],[-104.342175,19.142311],[-104.342422,19.142366],[-104.342617,19.142406],[-104.342754,19.142429],[-104.342855,19.141985],[-104.34295,19.141587],[-104.343064,19.1412],[-104.343164,19.14087],[-104.343176,19.140753],[-104.343198,19.140625],[-104.343216,19.140461],[-104.343228,19.140293],[-104.343256,19.140145],[-104.343307,19.140028],[-104.343393,19.139815],[-104.343468,19.139605],[-104.3436,19.139609],[-104.343641,19.139495],[-104.343675,19.1394],[-104.343719,19.139288],[-104.343622,19.139247],[-104.343554,19.139213],[-104.343613,19.138936],[-104.343772,19.138234],[-104.343838,19.137973],[-104.34397,19.13762],[-104.344335,19.136868],[-104.344455,19.136644],[-104.344715,19.136286],[-104.344753,19.136183],[-104.344906,19.135844],[-104.345121,19.13547],[-104.345259,19.135254],[-104.345333,19.135147],[-104.345409,19.135038],[-104.345491,19.134962],[-104.345542,19.134836],[-104.345587,19.134701],[-104.345615,19.134616],[-104.345748,19.134403],[-104.345967,19.134021],[-104.346172,19.133652],[-104.346395,19.133294],[-104.346519,19.133088],[-104.346869,19.132425],[-104.347191,19.131828],[-104.347415,19.131397],[-104.347548,19.131143],[-104.347685,19.130898],[-104.347824,19.130654],[-104.348103,19.130132],[-104.348197,19.129957],[-104.348331,19.129671],[-104.348426,19.129492],[-104.348492,19.12937],[-104.34862,19.129203],[-104.348991,19.12969],[-104.349153,19.129963],[-104.349335,19.130171],[-104.349479,19.130067],[-104.350668,19.129263],[-104.351215,19.128907],[-104.351831,19.12849],[-104.351916,19.128436],[-104.351974,19.128407],[-104.352045,19.128407],[-104.352211,19.128396],[-104.352365,19.128375],[-104.352878,19.128281],[-104.353059,19.128246],[-104.353115,19.128261],[-104.353218,19.128314],[-104.353356,19.128388],[-104.353895,19.128651],[-104.354959,19.129177],[-104.355034,19.128811],[-104.355051,19.128774],[-104.355067,19.128749],[-104.355117,19.128679],[-104.355175,19.12861],[-104.355346,19.128377],[-104.355381,19.128316],[-104.355326,19.12824],[-104.355252,19.128119],[-104.355183,19.128005],[-104.355156,19.127938],[-104.355125,19.127841],[-104.355035,19.127599],[-104.355001,19.127487],[-104.354981,19.127394],[-104.354982,19.127319],[-104.35499,19.127174],[-104.355012,19.127025],[-104.355046,19.126876],[-104.355185,19.126752],[-104.355563,19.126499],[-104.355805,19.126337],[-104.355917,19.126252],[-104.356326,19.125961],[-104.356379,19.125918],[-104.356777,19.125661],[-104.357196,19.12545],[-104.357511,19.125303],[-104.357614,19.125247],[-104.357652,19.12523],[-104.357687,19.125179],[-104.357698,19.125095],[-104.357714,19.124885],[-104.357682,19.124708],[-104.357632,19.124593],[-104.357624,19.124552],[-104.357627,19.124481],[-104.357736,19.123963],[-104.35739,19.123761],[-104.357065,19.123565],[-104.357187,19.123078],[-104.357241,19.122839],[-104.357327,19.122441],[-104.357427,19.121977],[-104.358142,19.122215],[-104.358267,19.121762],[-104.35833,19.121587],[-104.358461,19.121218],[-104.358423,19.120324],[-104.358573,19.120304],[-104.358886,19.120243],[-104.359204,19.12015],[-104.359391,19.120083],[-104.359937,19.119881],[-104.360538,19.11965],[-104.36084,19.119539],[-104.361153,19.119419],[-104.361499,19.119297],[-104.361737,19.11921],[-104.361868,19.119164],[-104.361997,19.119134],[-104.362097,19.119115],[-104.362234,19.119097],[-104.362413,19.119081],[-104.362658,19.119083],[-104.363688,19.119113],[-104.364662,19.119158],[-104.364937,19.119169],[-104.365189,19.119198],[-104.365818,19.119286],[-104.366126,19.119337],[-104.366365,19.119372],[-104.366708,19.119419],[-104.36683,19.119436],[-104.366949,19.119452],[-104.366946,19.119069],[-104.366665,19.11903],[-104.366147,19.11893],[-104.365932,19.118815],[-104.365806,19.118782],[-104.365552,19.118811],[-104.365036,19.11874],[-104.364276,19.118574],[-104.363195,19.118325],[-104.362548,19.118155],[-104.361738,19.117902],[-104.361064,19.117706],[-104.360458,19.117519],[-104.359649,19.117245],[-104.358903,19.116933],[-104.357918,19.116538],[-104.357362,19.116299],[-104.356991,19.116156],[-104.356548,19.115926],[-104.356074,19.115671],[-104.355536,19.115389],[-104.354894,19.115064],[-104.354424,19.114813],[-104.35376,19.114388],[-104.352962,19.113671],[-104.352729,19.113462],[-104.352556,19.1133],[-104.352377,19.11312],[-104.352271,19.11301],[-104.352193,19.112917],[-104.352116,19.112823],[-104.352039,19.112706],[-104.351936,19.112525],[-104.351774,19.112326],[-104.351697,19.112203],[-104.351673,19.112087],[-104.351664,19.111984],[-104.351676,19.111926],[-104.351658,19.111848],[-104.351613,19.111762],[-104.351505,19.111609],[-104.351332,19.111369],[-104.351169,19.111207],[-104.351081,19.111074],[-104.351001,19.110916],[-104.350949,19.11075],[-104.350866,19.110563],[-104.350768,19.110164],[-104.350751,19.110014],[-104.35074,19.109859],[-104.350756,19.109684],[-104.350789,19.10953],[-104.350837,19.109405],[-104.350873,19.109323],[-104.350932,19.109216],[-104.350992,19.10912],[-104.35131,19.108763],[-104.35135,19.108749],[-104.351553,19.108832],[-104.351554,19.108872],[-104.351587,19.108907],[-104.351554,19.108986],[-104.351531,19.108987],[-104.351531,19.109001],[-104.351563,19.108999],[-104.351608,19.109045],[-104.351619,19.109109],[-104.351632,19.109104],[-104.351625,19.109031],[-104.351645,19.10901],[-104.351685,19.109046],[-104.351686,19.109077],[-104.351837,19.109057],[-104.351861,19.109034],[-104.3519,19.109021],[-104.351938,19.109008],[-104.351973,19.109016],[-104.352002,19.109026],[-104.352024,19.109028],[-104.35206,19.108999],[-104.352108,19.109005],[-104.352142,19.109014],[-104.352161,19.108989],[-104.352188,19.108986],[-104.352194,19.108966],[-104.352138,19.108935],[-104.352138,19.108893],[-104.352159,19.108872],[-104.352165,19.108852],[-104.352169,19.108818],[-104.352215,19.108802],[-104.352234,19.108782],[-104.352227,19.108749],[-104.352209,19.108741],[-104.352159,19.108732],[-104.352112,19.108725],[-104.352087,19.108697],[-104.352035,19.108682],[-104.351997,19.108688],[-104.351985,19.108706],[-104.35201,19.108723],[-104.352008,19.10876],[-104.351951,19.108793],[-104.351895,19.108798],[-104.351816,19.108787],[-104.351749,19.108759],[-104.351722,19.10873],[-104.351702,19.108685],[-104.351679,19.108683],[-104.351668,19.108719],[-104.351659,19.108745],[-104.351603,19.108761],[-104.351536,19.108747],[-104.351473,19.108721],[-104.351348,19.108667],[-104.351214,19.108522],[-104.351183,19.108434],[-104.351153,19.108359],[-104.351085,19.10835],[-104.351056,19.108303],[-104.351043,19.108255],[-104.351104,19.108202],[-104.351146,19.108146],[-104.351161,19.108095],[-104.351163,19.108031],[-104.351149,19.107991],[-104.351183,19.107948],[-104.351213,19.10793],[-104.351224,19.10789],[-104.351214,19.107862],[-104.351194,19.107809],[-104.351257,19.107742],[-104.351273,19.107695],[-104.351299,19.107643],[-104.351335,19.107622],[-104.351371,19.107596],[-104.351426,19.107573],[-104.351446,19.107547],[-104.351421,19.107501],[-104.351443,19.107479],[-104.351451,19.107455],[-104.351518,19.10745],[-104.351521,19.10741],[-104.351537,19.107359],[-104.35157,19.107336],[-104.351588,19.107318],[-104.351624,19.107296],[-104.351657,19.107266],[-104.351697,19.107252],[-104.351702,19.107237],[-104.351747,19.1072],[-104.35177,19.107177],[-104.351783,19.107097],[-104.351759,19.107083],[-104.351764,19.107062],[-104.3518,19.107065],[-104.351811,19.107038],[-104.351789,19.106997],[-104.351803,19.106965],[-104.351825,19.106917],[-104.351842,19.10685],[-104.351902,19.10682],[-104.351932,19.106847],[-104.351913,19.106894],[-104.351932,19.1069],[-104.351936,19.106941],[-104.351961,19.106948],[-104.351956,19.106993],[-104.352012,19.107015],[-104.352074,19.107017],[-104.35214,19.106995],[-104.352215,19.106957],[-104.352251,19.106916],[-104.352274,19.106867],[-104.352224,19.106789],[-104.352202,19.106744],[-104.352213,19.10671],[-104.352281,19.106716],[-104.352333,19.106721],[-104.35238,19.106716],[-104.352407,19.106742],[-104.352451,19.106747],[-104.352512,19.106748],[-104.352539,19.106727],[-104.352535,19.106694],[-104.352507,19.106666],[-104.35251,19.106639],[-104.35257,19.106686],[-104.352603,19.106701],[-104.352647,19.106682],[-104.352686,19.106639],[-104.352708,19.1066],[-104.352702,19.106547],[-104.35265,19.106506],[-104.352566,19.106483],[-104.352556,19.106454],[-104.352568,19.106436],[-104.352588,19.106417],[-104.352619,19.106412],[-104.352631,19.10639],[-104.352618,19.10636],[-104.352538,19.106382],[-104.352527,19.10633],[-104.352514,19.106291],[-104.352484,19.106263],[-104.352455,19.10625],[-104.352476,19.106136],[-104.352528,19.106025],[-104.352561,19.106002],[-104.352612,19.105993],[-104.352687,19.105996],[-104.352771,19.105938],[-104.352838,19.105884],[-104.352888,19.105834],[-104.352943,19.105821],[-104.353011,19.105758],[-104.353112,19.10578],[-104.353163,19.105788],[-104.353194,19.105766],[-104.353234,19.105751],[-104.353286,19.105739],[-104.353304,19.105777],[-104.353331,19.10579],[-104.353377,19.105782],[-104.353392,19.10575],[-104.353411,19.105716],[-104.353441,19.105668],[-104.353476,19.105619],[-104.353526,19.105597],[-104.353592,19.105549],[-104.353605,19.105516],[-104.35359,19.105464],[-104.353561,19.105452],[-104.35353,19.105449],[-104.353534,19.105427],[-104.353569,19.105429],[-104.353597,19.105441],[-104.353626,19.105473],[-104.353682,19.105516],[-104.353721,19.105529],[-104.353769,19.105536],[-104.353803,19.105534],[-104.35383,19.105515],[-104.353859,19.105495],[-104.353896,19.105491],[-104.353925,19.105476],[-104.353971,19.105473],[-104.354061,19.105459],[-104.354106,19.105437],[-104.354127,19.105404],[-104.354127,19.105367],[-104.354141,19.105324],[-104.354134,19.105277],[-104.354202,19.105249],[-104.354259,19.105232],[-104.354293,19.105217],[-104.354293,19.105187],[-104.354293,19.105163],[-104.354248,19.105154],[-104.354193,19.105161],[-104.354173,19.105143],[-104.354182,19.105124],[-104.354198,19.105094],[-104.354192,19.105057],[-104.354162,19.105029],[-104.354111,19.10503],[-104.354063,19.105013],[-104.354023,19.104968],[-104.35402,19.104923],[-104.35404,19.104898],[-104.354023,19.104863],[-104.353993,19.104805],[-104.354016,19.104784],[-104.354034,19.104736],[-104.354057,19.104734],[-104.354075,19.10468],[-104.354069,19.104622],[-104.35406,19.104584],[-104.354026,19.104568],[-104.35401,19.104534],[-104.354008,19.104487],[-104.354024,19.104472],[-104.354026,19.104461],[-104.354015,19.104411],[-104.353968,19.104418],[-104.353968,19.104407],[-104.353961,19.104372],[-104.353943,19.104351],[-104.353898,19.104355],[-104.353877,19.104333],[-104.353829,19.104315],[-104.353828,19.104249],[-104.353778,19.104184],[-104.353806,19.104101],[-104.353763,19.104098],[-104.353729,19.1041],[-104.353697,19.104085],[-104.353702,19.104068],[-104.353716,19.10404],[-104.3537,19.104008],[-104.35365,19.103992],[-104.353598,19.103997],[-104.353537,19.104027],[-104.353505,19.104067],[-104.353505,19.1041],[-104.353475,19.104149],[-104.353457,19.104145],[-104.353416,19.104147],[-104.353348,19.104131],[-104.353299,19.104142],[-104.35324,19.104148],[-104.353158,19.104167],[-104.353149,19.104139],[-104.353145,19.104107],[-104.353093,19.104094],[-104.353059,19.104113],[-104.353034,19.10415],[-104.353067,19.104214],[-104.353002,19.10424],[-104.352965,19.104274],[-104.352947,19.1043],[-104.352922,19.104343],[-104.352911,19.104382],[-104.352863,19.104442],[-104.352813,19.10448],[-104.352792,19.104504],[-104.352779,19.104542],[-104.352777,19.104599],[-104.352764,19.104638],[-104.352743,19.104677],[-104.352722,19.104739],[-104.352663,19.104778],[-104.352562,19.10478],[-104.352519,19.104756],[-104.352489,19.104751],[-104.352478,19.104794],[-104.352459,19.104833],[-104.352434,19.104861],[-104.35238,19.104886],[-104.352305,19.104927],[-104.352246,19.10494],[-104.35219,19.104914],[-104.352122,19.104922],[-104.352054,19.104967],[-104.352015,19.104993],[-104.352042,19.105053],[-104.351992,19.105072],[-104.35194,19.105072],[-104.351881,19.105093],[-104.351831,19.105121],[-104.351781,19.105177],[-104.351752,19.105216],[-104.351812,19.105326],[-104.351769,19.105349],[-104.351733,19.105375],[-104.35171,19.105409],[-104.351669,19.105418],[-104.351602,19.105411],[-104.351472,19.105413],[-104.351337,19.105391],[-104.351233,19.105362],[-104.35114,19.105334],[-104.351027,19.105286],[-104.350949,19.105252],[-104.350865,19.105215],[-104.350783,19.105171],[-104.350695,19.105116],[-104.350607,19.105047],[-104.350512,19.104973],[-104.350406,19.104884],[-104.350296,19.104741],[-104.350253,19.104696],[-104.350185,19.104594],[-104.350111,19.104498],[-104.350035,19.104375],[-104.349958,19.104237],[-104.349891,19.104094],[-104.349805,19.103924],[-104.349698,19.1037],[-104.349675,19.103609],[-104.349658,19.103528],[-104.349656,19.103436],[-104.349663,19.103331],[-104.349672,19.103234],[-104.349679,19.103141],[-104.349684,19.103021],[-104.349698,19.10292],[-104.349717,19.102829],[-104.349803,19.102779],[-104.349832,19.102799],[-104.349923,19.102814],[-104.34993,19.102838],[-104.349943,19.102838],[-104.34997,19.102821],[-104.350022,19.102817],[-104.350063,19.102808],[-104.350104,19.102808],[-104.350154,19.102813],[-104.350179,19.102785],[-104.350215,19.102753],[-104.350245,19.10271],[-104.350238,19.102641],[-104.350234,19.102581],[-104.350268,19.102544],[-104.350208,19.102483],[-104.350274,19.102427],[-104.350313,19.102501],[-104.35035,19.102461],[-104.350386,19.102405],[-104.350429,19.102377],[-104.35047,19.102362],[-104.350498,19.102302],[-104.350529,19.102257],[-104.350577,19.102225],[-104.350607,19.10218],[-104.350651,19.102155],[-104.350684,19.102124],[-104.350725,19.10207],[-104.350755,19.10201],[-104.350848,19.101916],[-104.350882,19.101851],[-104.350859,19.101821],[-104.350798,19.101797],[-104.350814,19.101758],[-104.35086,19.101778],[-104.350902,19.101817],[-104.350916,19.101772],[-104.350952,19.101821],[-104.350968,19.101817],[-104.351009,19.101794],[-104.351025,19.101744],[-104.350998,19.101671],[-104.350962,19.101615],[-104.350931,19.101585],[-104.350876,19.101642],[-104.350844,19.101642],[-104.350774,19.101612],[-104.350725,19.101586],[-104.350684,19.101571],[-104.350693,19.101491],[-104.350718,19.101476],[-104.350779,19.101472],[-104.350817,19.101471],[-104.350826,19.101426],[-104.350817,19.101387],[-104.350786,19.101325],[-104.35076,19.101244],[-104.350731,19.101177],[-104.350688,19.101102],[-104.350663,19.10105],[-104.350614,19.101015],[-104.350614,19.10097],[-104.350652,19.100923],[-104.350639,19.100897],[-104.350621,19.100873],[-104.350621,19.100822],[-104.350644,19.100742],[-104.350668,19.100689],[-104.350695,19.100647],[-104.350743,19.10061],[-104.3508,19.1006],[-104.350836,19.100621],[-104.350879,19.100602],[-104.350923,19.100569],[-104.350959,19.100593],[-104.350996,19.100597],[-104.351027,19.100563],[-104.351091,19.10052],[-104.351157,19.100516],[-104.351205,19.100511],[-104.351242,19.100476],[-104.351307,19.100423],[-104.351399,19.100446],[-104.351492,19.100465],[-104.351534,19.100485],[-104.351597,19.100499],[-104.351669,19.100504],[-104.351721,19.100493],[-104.35176,19.100452],[-104.351833,19.100453],[-104.351903,19.100459],[-104.351941,19.100459],[-104.352022,19.100433],[-104.352072,19.100405],[-104.352121,19.100427],[-104.352168,19.100452],[-104.352248,19.100416],[-104.352237,19.100395],[-104.352255,19.100376],[-104.352309,19.100361],[-104.352364,19.100329],[-104.352401,19.100302],[-104.352404,19.100254],[-104.352413,19.100201],[-104.352479,19.100173],[-104.352476,19.100107],[-104.352464,19.10006],[-104.35251,19.100045],[-104.352525,19.10001],[-104.352509,19.099964],[-104.352514,19.099921],[-104.352563,19.099776],[-104.352656,19.099748],[-104.352646,19.099655],[-104.352578,19.099599],[-104.352567,19.099547],[-104.352712,19.099464],[-104.352697,19.099385],[-104.352617,19.099322],[-104.352615,19.09926],[-104.35269,19.099236],[-104.352768,19.099225],[-104.352879,19.09922],[-104.352993,19.099203],[-104.353022,19.099214],[-104.35304,19.099225],[-104.353097,19.099242],[-104.353203,19.099245],[-104.353262,19.099238],[-104.353314,19.099239],[-104.353364,19.099228],[-104.353425,19.0992],[-104.353502,19.099175],[-104.353541,19.099158],[-104.353532,19.09913],[-104.353553,19.099087],[-104.353571,19.099029],[-104.353625,19.098994],[-104.3537,19.098973],[-104.353756,19.098919],[-104.353781,19.098878],[-104.353805,19.098825],[-104.353812,19.098797],[-104.353857,19.098782],[-104.353895,19.098817],[-104.3539,19.098851],[-104.35401,19.098846],[-104.354021,19.098777],[-104.354101,19.098769],[-104.354098,19.098717],[-104.354069,19.098676],[-104.354128,19.098659],[-104.354162,19.098606],[-104.354142,19.098543],[-104.354136,19.098494],[-104.354154,19.098468],[-104.354156,19.098436],[-104.354172,19.09838],[-104.354186,19.09833],[-104.354215,19.098333],[-104.354238,19.098322],[-104.354236,19.098257],[-104.354276,19.098272],[-104.35431,19.098267],[-104.354328,19.098229],[-104.354366,19.098224],[-104.354376,19.098177],[-104.354416,19.098173],[-104.354416,19.098134],[-104.354457,19.098102],[-104.35451,19.098074],[-104.354523,19.098046],[-104.354548,19.097973],[-104.354549,19.0979],[-104.354544,19.097842],[-104.35454,19.097775],[-104.354529,19.097728],[-104.354527,19.097668],[-104.354577,19.097623],[-104.354597,19.097588],[-104.35465,19.09755],[-104.354663,19.097601],[-104.354683,19.097642],[-104.354715,19.097688],[-104.354864,19.097699],[-104.354839,19.097652],[-104.354987,19.097635],[-104.354987,19.097646],[-104.355007,19.097672],[-104.355054,19.097728],[-104.355086,19.0977],[-104.355104,19.097648],[-104.355147,19.097625],[-104.355161,19.097646],[-104.355195,19.097621],[-104.355245,19.097616],[-104.355315,19.097554],[-104.355304,19.097494],[-104.355361,19.097462],[-104.355392,19.097514],[-104.355467,19.09746],[-104.355451,19.097436],[-104.355501,19.097409],[-104.355526,19.097351],[-104.355567,19.09731],[-104.355574,19.097275],[-104.355629,19.097252],[-104.355674,19.097314],[-104.355683,19.097347],[-104.355705,19.097381],[-104.35576,19.097349],[-104.35581,19.097304],[-104.35571,19.09728],[-104.355674,19.097263],[-104.35571,19.097248],[-104.355776,19.097205],[-104.355765,19.097119],[-104.35581,19.097145],[-104.355837,19.097212],[-104.355918,19.097262],[-104.356007,19.097202],[-104.356064,19.097116],[-104.356116,19.097049],[-104.356137,19.096993],[-104.356132,19.096959],[-104.356151,19.096886],[-104.35616,19.096804],[-104.356077,19.096746],[-104.356084,19.096634],[-104.356098,19.096537],[-104.356053,19.096498],[-104.356055,19.09644],[-104.35604,19.096375],[-104.355983,19.096382],[-104.355929,19.096317],[-104.355836,19.09628],[-104.355696,19.096251],[-104.355605,19.096253],[-104.355574,19.096199],[-104.355488,19.096199],[-104.35542,19.096182],[-104.35535,19.096216],[-104.355284,19.096196],[-104.355187,19.096166],[-104.355135,19.096131],[-104.355033,19.096127],[-104.355011,19.096096],[-104.354995,19.096019],[-104.354982,19.095984],[-104.354959,19.095872],[-104.354939,19.095806],[-104.354989,19.095776],[-104.355039,19.095711],[-104.355083,19.095658],[-104.355133,19.095604],[-104.35516,19.095559],[-104.355226,19.095561],[-104.3553,19.095568],[-104.355348,19.095579],[-104.3554,19.095562],[-104.355337,19.095531],[-104.355364,19.095508],[-104.355407,19.095499],[-104.355445,19.095506],[-104.355488,19.09551],[-104.355486,19.095478],[-104.355461,19.095459],[-104.355434,19.09545],[-104.355416,19.095431],[-104.355439,19.095405],[-104.355471,19.095392],[-104.355482,19.095364],[-104.355448,19.095345],[-104.355439,19.095362],[-104.355412,19.095379],[-104.355373,19.095385],[-104.355328,19.095366],[-104.355319,19.095338],[-104.355319,19.095303],[-104.355326,19.095256],[-104.355315,19.095234],[-104.355299,19.095264],[-104.355286,19.095264],[-104.35527,19.095301],[-104.355267,19.095338],[-104.355244,19.09534],[-104.355231,19.095385],[-104.355165,19.095393],[-104.355172,19.095372],[-104.355192,19.095331],[-104.355193,19.095305],[-104.355138,19.09526],[-104.3551,19.095216],[-104.355109,19.095257],[-104.355079,19.095277],[-104.355041,19.095277],[-104.354989,19.095268],[-104.354969,19.095242],[-104.35496,19.095205],[-104.354996,19.095188],[-104.354985,19.095156],[-104.354958,19.095138],[-104.354949,19.0951],[-104.354915,19.095097],[-104.354886,19.095091],[-104.354833,19.095097],[-104.354797,19.09508],[-104.35475,19.095067],[-104.354702,19.095058],[-104.354675,19.095036],[-104.354664,19.09501],[-104.35463,19.094965],[-104.354599,19.094946],[-104.354576,19.094946],[-104.354544,19.094973],[-104.354526,19.095004],[-104.354526,19.09504],[-104.354478,19.095046],[-104.354444,19.095072],[-104.354408,19.095132],[-104.354369,19.095154],[-104.354344,19.09519],[-104.354287,19.095237],[-104.354235,19.095237],[-104.354194,19.095196],[-104.354181,19.095156],[-104.354188,19.095104],[-104.354227,19.095099],[-104.354263,19.095091],[-104.354347,19.095042],[-104.354411,19.095001],[-104.354424,19.094926],[-104.354379,19.094895],[-104.354348,19.094852],[-104.354303,19.094764],[-104.354262,19.094678],[-104.354197,19.094608],[-104.35415,19.094562],[-104.354084,19.094536],[-104.353991,19.094523],[-104.353881,19.094495],[-104.353815,19.094484],[-104.353752,19.094457],[-104.353768,19.094384],[-104.353829,19.094333],[-104.353911,19.094284],[-104.353992,19.09426],[-104.353992,19.094286],[-104.354019,19.094273],[-104.354024,19.094243],[-104.354062,19.094244],[-104.354103,19.094236],[-104.354137,19.09422],[-104.354165,19.094184],[-104.354188,19.094128],[-104.354219,19.094074],[-104.354268,19.093997],[-104.354308,19.093942],[-104.354365,19.093848],[-104.354394,19.093787],[-104.354426,19.093727],[-104.354488,19.093685],[-104.354463,19.093651],[-104.354466,19.093612],[-104.354491,19.093558],[-104.354518,19.093541],[-104.354505,19.093485],[-104.354495,19.093431],[-104.354523,19.093422],[-104.354548,19.093422],[-104.354565,19.093394],[-104.354577,19.09339],[-104.354604,19.09339],[-104.354607,19.093368],[-104.354612,19.09333],[-104.35462,19.093294],[-104.354648,19.093265],[-104.354647,19.093219],[-104.35468,19.093191],[-104.35471,19.093179],[-104.35473,19.093071],[-104.354787,19.093017],[-104.354903,19.092909],[-104.354904,19.092836],[-104.354894,19.092788],[-104.354899,19.09273],[-104.354932,19.092693],[-104.354944,19.092648],[-104.354951,19.0926],[-104.354987,19.092543],[-104.355004,19.09249],[-104.354918,19.092431],[-104.35487,19.092393],[-104.354818,19.092413],[-104.354717,19.09241],[-104.35465,19.092372],[-104.354719,19.092341],[-104.354676,19.092311],[-104.354636,19.092274],[-104.354659,19.092226],[-104.354643,19.092181],[-104.354609,19.09217],[-104.354538,19.092179],[-104.354539,19.092227],[-104.354408,19.092155],[-104.354368,19.092147],[-104.354325,19.092115],[-104.354235,19.092034],[-104.354214,19.092013],[-104.354182,19.091964],[-104.35412,19.091936],[-104.354101,19.09198],[-104.354039,19.091969],[-104.354021,19.091997],[-104.35399,19.091958],[-104.354019,19.091954],[-104.354026,19.091937],[-104.353983,19.091939],[-104.353951,19.091913],[-104.353906,19.091878],[-104.353906,19.091852],[-104.353936,19.091835],[-104.35397,19.091824],[-104.35399,19.091803],[-104.354001,19.09185],[-104.354045,19.091801],[-104.354022,19.091788],[-104.354013,19.091775],[-104.354058,19.091773],[-104.354095,19.091778],[-104.354144,19.091809],[-104.354154,19.091772],[-104.354127,19.091738],[-104.354156,19.091732],[-104.354206,19.091728],[-104.35421,19.091689],[-104.354161,19.091676],[-104.354105,19.091636],[-104.354054,19.091615],[-104.354071,19.091598],[-104.354108,19.091609],[-104.354146,19.091601],[-104.354179,19.091609],[-104.354212,19.091575],[-104.354211,19.09152],[-104.354211,19.091464],[-104.354164,19.091468],[-104.354159,19.091524],[-104.354098,19.09153],[-104.354052,19.091528],[-104.353957,19.091506],[-104.353951,19.091446],[-104.353896,19.091394],[-104.3539,19.091344],[-104.353895,19.091302],[-104.353864,19.091272],[-104.353843,19.091292],[-104.353797,19.091321],[-104.353793,19.091363],[-104.353786,19.091375],[-104.353779,19.091399],[-104.353749,19.091399],[-104.353726,19.091416],[-104.353711,19.091456],[-104.353704,19.091488],[-104.353704,19.091518],[-104.35372,19.091512],[-104.353723,19.091523],[-104.353714,19.091543],[-104.353683,19.091537],[-104.353661,19.091544],[-104.353656,19.091519],[-104.353617,19.091531],[-104.353619,19.091517],[-104.353583,19.091514],[-104.353552,19.091482],[-104.353533,19.091459],[-104.353514,19.091438],[-104.353493,19.091428],[-104.353468,19.09143],[-104.353427,19.091442],[-104.353386,19.091428],[-104.353348,19.091403],[-104.353316,19.091367],[-104.353269,19.091349],[-104.35323,19.091374],[-104.353233,19.091343],[-104.353217,19.091314],[-104.353189,19.091292],[-104.353133,19.091282],[-104.353094,19.091302],[-104.353073,19.091277],[-104.353066,19.091247],[-104.353028,19.091244],[-104.352968,19.091243],[-104.352934,19.091209],[-104.352887,19.091176],[-104.35284,19.091136],[-104.352798,19.091095],[-104.352732,19.091111],[-104.352735,19.091147],[-104.352756,19.091162],[-104.352727,19.091192],[-104.352668,19.091195],[-104.352663,19.091214],[-104.352661,19.091257],[-104.352638,19.091256],[-104.35263,19.091226],[-104.352597,19.091202],[-104.352527,19.091174],[-104.352492,19.0912],[-104.352443,19.091238],[-104.352395,19.091252],[-104.352332,19.091274],[-104.352296,19.091289],[-104.352271,19.091311],[-104.352194,19.09136],[-104.352098,19.091379],[-104.352028,19.091383],[-104.351949,19.091385],[-104.351863,19.091369],[-104.351825,19.091348],[-104.351734,19.091391],[-104.351736,19.091332],[-104.351644,19.091296],[-104.351633,19.09125],[-104.351585,19.09125],[-104.351515,19.091239],[-104.351438,19.091239],[-104.351381,19.09129],[-104.351325,19.091236],[-104.351311,19.091245],[-104.351295,19.091271],[-104.351293,19.091322],[-104.351248,19.091316],[-104.35127,19.091277],[-104.351293,19.091234],[-104.35128,19.091159],[-104.351239,19.09112],[-104.351181,19.091096],[-104.351163,19.091064],[-104.35114,19.091023],[-104.351086,19.091005],[-104.351066,19.090943],[-104.351075,19.090913],[-104.351057,19.0909],[-104.351003,19.090874],[-104.350926,19.090835],[-104.350899,19.090822],[-104.350889,19.09085],[-104.350873,19.090916],[-104.350819,19.090946],[-104.350799,19.09089],[-104.350815,19.090834],[-104.350783,19.090806],[-104.35072,19.090782],[-104.350654,19.090788],[-104.350571,19.090801],[-104.350564,19.090743],[-104.350528,19.090708],[-104.350492,19.090717],[-104.350456,19.090667],[-104.350451,19.090684],[-104.350433,19.090699],[-104.350399,19.090706],[-104.35034,19.090706],[-104.350322,19.090744],[-104.350322,19.090774],[-104.350285,19.090807],[-104.350292,19.090854],[-104.350283,19.090839],[-104.350242,19.090826],[-104.350199,19.090847],[-104.350215,19.090897],[-104.350253,19.090921],[-104.350278,19.090949],[-104.350278,19.090989],[-104.350302,19.091039],[-104.350325,19.091089],[-104.35035,19.09114],[-104.350401,19.091237],[-104.350381,19.091235],[-104.350327,19.091235],[-104.350302,19.091207],[-104.350248,19.091183],[-104.350216,19.091151],[-104.350198,19.091095],[-104.350155,19.091099],[-104.350137,19.091133],[-104.35015,19.091165],[-104.35017,19.091215],[-104.350204,19.091256],[-104.350202,19.091295],[-104.350206,19.091334],[-104.350215,19.091366],[-104.350229,19.091387],[-104.350249,19.091426],[-104.350296,19.091469],[-104.350362,19.091521],[-104.350396,19.09156],[-104.350454,19.09161],[-104.350517,19.091649],[-104.350465,19.09172],[-104.350436,19.09167],[-104.350391,19.091601],[-104.350332,19.09156],[-104.350248,19.091529],[-104.350212,19.091547],[-104.350196,19.091564],[-104.350203,19.091596],[-104.350205,19.091637],[-104.350219,19.091667],[-104.350239,19.091684],[-104.350261,19.091725],[-104.350284,19.091747],[-104.350315,19.091812],[-104.350329,19.091861],[-104.350302,19.091861],[-104.350304,19.091831],[-104.350288,19.091805],[-104.350243,19.091807],[-104.3502,19.091837],[-104.350145,19.091861],[-104.350066,19.09188],[-104.349957,19.091899],[-104.349883,19.091892],[-104.349887,19.091922],[-104.349912,19.091922],[-104.34993,19.091942],[-104.349932,19.091972],[-104.349817,19.091952],[-104.349726,19.091965],[-104.349712,19.092001],[-104.349717,19.092042],[-104.349746,19.092083],[-104.349789,19.092122],[-104.349827,19.092188],[-104.349802,19.092189],[-104.349739,19.092169],[-104.349694,19.092177],[-104.349644,19.092188],[-104.349592,19.092212],[-104.349542,19.092282],[-104.349487,19.092347],[-104.349475,19.092405],[-104.349516,19.092457],[-104.349459,19.092448],[-104.34936,19.09243],[-104.349297,19.092432],[-104.349251,19.092449],[-104.349253,19.092471],[-104.349287,19.092477],[-104.349251,19.092497],[-104.349269,19.092499],[-104.349298,19.092512],[-104.349314,19.09254],[-104.349309,19.092598],[-104.349371,19.092581],[-104.349366,19.092531],[-104.349423,19.092549],[-104.349448,19.092562],[-104.349502,19.092515],[-104.349554,19.092474],[-104.349554,19.0925],[-104.349581,19.092534],[-104.349579,19.092567],[-104.349554,19.09259],[-104.349497,19.09262],[-104.349452,19.092648],[-104.349431,19.092695],[-104.34941,19.092721],[-104.349386,19.092738],[-104.349337,19.092735],[-104.349292,19.092714],[-104.349278,19.092701],[-104.349255,19.09271],[-104.349255,19.092732],[-104.349238,19.092747],[-104.349216,19.092749],[-104.349186,19.092746],[-104.349173,19.092764],[-104.349157,19.092777],[-104.34918,19.09279],[-104.349197,19.092808],[-104.349191,19.092841],[-104.349191,19.092865],[-104.349222,19.092879],[-104.349246,19.092887],[-104.349248,19.092915],[-104.349283,19.092919],[-104.349312,19.092935],[-104.349323,19.092959],[-104.34936,19.092962],[-104.349355,19.092983],[-104.349338,19.092992],[-104.349301,19.092972],[-104.349268,19.092956],[-104.349283,19.092978],[-104.349292,19.093012],[-104.349269,19.093037],[-104.349235,19.093035],[-104.34922,19.093073],[-104.349245,19.093114],[-104.349239,19.093152],[-104.349247,19.093197],[-104.349272,19.093243],[-104.349277,19.093312],[-104.349241,19.093348],[-104.349203,19.093365],[-104.349158,19.093376],[-104.349115,19.093414],[-104.349115,19.093445],[-104.349127,19.09346],[-104.349141,19.09351],[-104.349136,19.093558],[-104.349157,19.093606],[-104.349168,19.093673],[-104.349175,19.09373],[-104.349256,19.093738],[-104.349256,19.093766],[-104.349271,19.093846],[-104.349268,19.093915],[-104.349215,19.093916],[-104.349112,19.093902],[-104.349077,19.093907],[-104.349061,19.093946],[-104.349044,19.093987],[-104.349027,19.09403],[-104.349045,19.094058],[-104.349153,19.094083],[-104.349223,19.094114],[-104.349243,19.094149],[-104.349234,19.094184],[-104.349203,19.094248],[-104.349143,19.094336],[-104.349043,19.094456],[-104.348991,19.094407],[-104.348923,19.094378],[-104.348858,19.094348],[-104.348853,19.094378],[-104.348803,19.094393],[-104.348751,19.094427],[-104.34874,19.09447],[-104.348678,19.094504],[-104.34866,19.094463],[-104.34859,19.094444],[-104.348567,19.09451],[-104.348578,19.094592],[-104.348624,19.094633],[-104.348689,19.094642],[-104.348741,19.094673],[-104.348675,19.094698],[-104.34861,19.094743],[-104.348636,19.09481],[-104.348668,19.094806],[-104.348711,19.094855],[-104.348738,19.094853],[-104.348756,19.094888],[-104.348774,19.094905],[-104.348801,19.094935],[-104.348858,19.094929],[-104.348899,19.094912],[-104.348953,19.094912],[-104.349019,19.094934],[-104.349086,19.094969],[-104.349149,19.095031],[-104.349201,19.095135],[-104.349223,19.095272],[-104.349203,19.095343],[-104.349173,19.095345],[-104.349144,19.09532],[-104.349094,19.095278],[-104.349056,19.095289],[-104.349019,19.095326],[-104.349019,19.095379],[-104.349057,19.09544],[-104.349064,19.095463],[-104.349046,19.095524],[-104.349038,19.095625],[-104.349045,19.095732],[-104.349022,19.095737],[-104.348982,19.095706],[-104.348941,19.095663],[-104.348907,19.095682],[-104.348884,19.095695],[-104.348832,19.095615],[-104.348763,19.095557],[-104.34869,19.095621],[-104.348579,19.095709],[-104.348655,19.095731],[-104.348667,19.09577],[-104.3487,19.095839],[-104.348798,19.095871],[-104.348868,19.095893],[-104.348906,19.095891],[-104.348933,19.095852],[-104.34895,19.095743],[-104.348997,19.095775],[-104.348992,19.095947],[-104.348958,19.096018],[-104.348976,19.096135],[-104.348996,19.096224],[-104.348988,19.0963],[-104.348985,19.096401],[-104.348901,19.096383],[-104.348874,19.096453],[-104.348858,19.096564],[-104.348822,19.096663],[-104.348778,19.096741],[-104.348662,19.096878],[-104.348415,19.097054],[-104.3479,19.097439],[-104.347761,19.097561],[-104.347534,19.097763],[-104.347404,19.097853],[-104.347171,19.097906],[-104.347026,19.097875],[-104.346918,19.09785],[-104.346771,19.097805],[-104.346682,19.097802],[-104.346557,19.097834],[-104.34635,19.097894],[-104.345834,19.098018],[-104.345541,19.098031],[-104.345455,19.098013],[-104.345349,19.098047],[-104.345276,19.098051],[-104.345175,19.098098],[-104.345065,19.098103],[-104.34502,19.098098],[-104.344979,19.098044],[-104.344943,19.098026],[-104.344891,19.098055],[-104.344929,19.098098],[-104.34485,19.098123],[-104.344813,19.098174],[-104.344805,19.098238],[-104.344795,19.098272],[-104.344784,19.098306],[-104.344745,19.098334],[-104.34467,19.098336],[-104.344575,19.098363],[-104.344482,19.098404],[-104.344346,19.098416],[-104.344252,19.098421],[-104.344214,19.098426],[-104.344188,19.098442],[-104.344183,19.098518],[-104.344179,19.098558],[-104.344179,19.098596],[-104.344215,19.098611],[-104.344259,19.098617],[-104.344271,19.098636],[-104.344292,19.09865],[-104.344358,19.098681],[-104.34439,19.098847],[-104.34439,19.09891],[-104.34438,19.099004],[-104.34434,19.099373],[-104.344325,19.099407],[-104.344323,19.099443],[-104.344334,19.099475],[-104.344344,19.099501],[-104.344362,19.099518],[-104.344394,19.099528],[-104.344434,19.099527],[-104.344454,19.099524],[-104.344473,19.099509],[-104.344494,19.099486],[-104.344512,19.099432],[-104.344524,19.099369],[-104.344539,19.099259],[-104.344614,19.098862],[-104.344675,19.098659],[-104.344706,19.09864],[-104.344763,19.098623],[-104.344841,19.098619],[-104.344934,19.098632],[-104.345582,19.098713],[-104.345832,19.09854],[-104.345861,19.098586],[-104.346011,19.098491],[-104.346019,19.098512],[-104.346041,19.098509],[-104.346063,19.09851],[-104.346079,19.098519],[-104.346414,19.098934],[-104.346681,19.09928],[-104.346831,19.099458],[-104.347,19.099678],[-104.346779,19.099836],[-104.346498,19.100026],[-104.346384,19.100111],[-104.34622,19.100088],[-104.34607,19.100073],[-104.345961,19.100054],[-104.345884,19.100041],[-104.345738,19.100019],[-104.34562,19.100013],[-104.345536,19.099987],[-104.34549,19.099953],[-104.345445,19.099905],[-104.3454,19.09986],[-104.345319,19.099753],[-104.345227,19.099635],[-104.345144,19.099512],[-104.345098,19.09948],[-104.345068,19.099482],[-104.345046,19.099495],[-104.345031,19.099517],[-104.345029,19.099548],[-104.34504,19.099581],[-104.345071,19.099625],[-104.345111,19.099674],[-104.345185,19.099773],[-104.345297,19.09991],[-104.345352,19.099987],[-104.345434,19.100062],[-104.345467,19.100092],[-104.345518,19.100116],[-104.345571,19.100123],[-104.34566,19.100125],[-104.345728,19.100118],[-104.345801,19.100131],[-104.34593,19.100157],[-104.346066,19.100177],[-104.346252,19.100199],[-104.346382,19.100213],[-104.346425,19.100215],[-104.346453,19.100215],[-104.346509,19.100207],[-104.346574,19.100184],[-104.346645,19.100178],[-104.34669,19.100236],[-104.346709,19.100316],[-104.346741,19.100398],[-104.346772,19.100463],[-104.346848,19.100665],[-104.346878,19.100739],[-104.346877,19.100796],[-104.346884,19.100892],[-104.346883,19.100958],[-104.34689,19.101059],[-104.346905,19.101152],[-104.34693,19.101264],[-104.346954,19.101358],[-104.346946,19.101423],[-104.346901,19.101491],[-104.346876,19.101518],[-104.346839,19.101478],[-104.346799,19.1015],[-104.346807,19.101512],[-104.346813,19.101544],[-104.346801,19.10158],[-104.346773,19.10156],[-104.346733,19.101585],[-104.34676,19.101626],[-104.3467,19.101656],[-104.346651,19.101689],[-104.346603,19.10174],[-104.346548,19.101796],[-104.346548,19.101835],[-104.346551,19.101876],[-104.346541,19.101923],[-104.346511,19.101989],[-104.346482,19.102044],[-104.346461,19.102091],[-104.34644,19.102131],[-104.346394,19.10217],[-104.346363,19.102208],[-104.346319,19.102272],[-104.346247,19.102315],[-104.346204,19.10233],[-104.346162,19.102357],[-104.34612,19.102373],[-104.34605,19.102386],[-104.346005,19.102408],[-104.345939,19.102439],[-104.34588,19.102491],[-104.345838,19.102531],[-104.345789,19.102618],[-104.34574,19.102696],[-104.345709,19.102762],[-104.345678,19.102824],[-104.34565,19.102872],[-104.345594,19.102908],[-104.345561,19.102946],[-104.345536,19.102996],[-104.345497,19.103038],[-104.345472,19.10308],[-104.345434,19.103123],[-104.345388,19.103137],[-104.345344,19.103179],[-104.345287,19.103136],[-104.345255,19.10316],[-104.345257,19.10319],[-104.345217,19.103223],[-104.345144,19.103268],[-104.345078,19.103306],[-104.345003,19.103342],[-104.344927,19.103375],[-104.344859,19.103413],[-104.344811,19.103442],[-104.344733,19.103475],[-104.344585,19.103525],[-104.344489,19.103546],[-104.34433,19.103607],[-104.344247,19.103638],[-104.344179,19.103664],[-104.344114,19.10369],[-104.344071,19.103714],[-104.344023,19.103731],[-104.34398,19.103754],[-104.343947,19.103766],[-104.343917,19.103785],[-104.343834,19.103807],[-104.343768,19.103835],[-104.343721,19.103842],[-104.34368,19.103868],[-104.343572,19.103887],[-104.343454,19.103903],[-104.343355,19.103898],[-104.343308,19.103897],[-104.343256,19.103887],[-104.343211,19.103907],[-104.343153,19.103907],[-104.343132,19.103888],[-104.343113,19.103856],[-104.343126,19.103835],[-104.343159,19.103818],[-104.343214,19.10379],[-104.343192,19.103748],[-104.343163,19.103694],[-104.343176,19.103669],[-104.343159,19.103645],[-104.343117,19.103613],[-104.343074,19.103583],[-104.343037,19.103532],[-104.342994,19.103442],[-104.342931,19.103361],[-104.342867,19.103267],[-104.342797,19.103162],[-104.342741,19.103089],[-104.342683,19.103011],[-104.342623,19.102975],[-104.342582,19.102924],[-104.342535,19.102886],[-104.342455,19.102863],[-104.342394,19.102858],[-104.342355,19.102848],[-104.342299,19.102864],[-104.342249,19.102894],[-104.342203,19.102918],[-104.342174,19.102925],[-104.342147,19.10294],[-104.342127,19.102968],[-104.342118,19.103022],[-104.342106,19.103049],[-104.342072,19.103069],[-104.342049,19.103098],[-104.342032,19.103142],[-104.342012,19.103174],[-104.341981,19.103214],[-104.341966,19.103238],[-104.341971,19.103265],[-104.341952,19.103305],[-104.341913,19.103296],[-104.341883,19.103296],[-104.341895,19.103313],[-104.341928,19.103329],[-104.34194,19.103353],[-104.341947,19.103373],[-104.341929,19.103381],[-104.341906,19.103392],[-104.341902,19.103408],[-104.341924,19.103415],[-104.341963,19.103422],[-104.34199,19.103436],[-104.342003,19.103464],[-104.341806,19.103554],[-104.341787,19.103517],[-104.341772,19.103485],[-104.341732,19.103478],[-104.341709,19.103485],[-104.341678,19.103505],[-104.341632,19.103517],[-104.341592,19.103514],[-104.341552,19.103509],[-104.341518,19.103495],[-104.341481,19.103463],[-104.341438,19.10342],[-104.341411,19.103391],[-104.341368,19.103348],[-104.341343,19.103304],[-104.341345,19.103243],[-104.341397,19.103237],[-104.341405,19.103228],[-104.341416,19.103197],[-104.341373,19.103201],[-104.341342,19.103192],[-104.341317,19.103174],[-104.341285,19.103163],[-104.341236,19.103146],[-104.341196,19.103144],[-104.341162,19.103164],[-104.341132,19.103194],[-104.34109,19.103196],[-104.341085,19.103183],[-104.341067,19.103169],[-104.341044,19.103138],[-104.341025,19.103123],[-104.340998,19.103128],[-104.340973,19.103155],[-104.340954,19.103177],[-104.340924,19.103184],[-104.340913,19.103157],[-104.340899,19.103166],[-104.340903,19.103188],[-104.340894,19.103199],[-104.3409,19.103228],[-104.340947,19.103228],[-104.340919,19.103263],[-104.34091,19.103294],[-104.340904,19.103308],[-104.340887,19.103304],[-104.340861,19.103314],[-104.34084,19.10333],[-104.340837,19.103361],[-104.340847,19.103382],[-104.340876,19.103394],[-104.340897,19.103394],[-104.340913,19.10339],[-104.340949,19.103416],[-104.340949,19.103434],[-104.34089,19.10346],[-104.340892,19.103479],[-104.340867,19.103484],[-104.340858,19.103461],[-104.340796,19.103462],[-104.340794,19.10345],[-104.34078,19.103436],[-104.340752,19.103452],[-104.340748,19.10348],[-104.340742,19.10349],[-104.340701,19.103488],[-104.340704,19.103509],[-104.340695,19.103524],[-104.340687,19.10355],[-104.34071,19.10357],[-104.340729,19.103588],[-104.340751,19.103606],[-104.340775,19.103616],[-104.340787,19.103635],[-104.340803,19.103652],[-104.340793,19.103674],[-104.340821,19.103709],[-104.340982,19.103768],[-104.341002,19.103925],[-104.340973,19.103972],[-104.340942,19.104043],[-104.34093,19.104136],[-104.340927,19.104222],[-104.340886,19.104367],[-104.340859,19.104573],[-104.340832,19.104765],[-104.340798,19.104868],[-104.340747,19.104912],[-104.340687,19.10495],[-104.34067,19.105033],[-104.340637,19.105077],[-104.340613,19.105121],[-104.340675,19.10521],[-104.340689,19.105315],[-104.340782,19.10533],[-104.340905,19.10533],[-104.340943,19.105381],[-104.340985,19.105564],[-104.341018,19.105783],[-104.340975,19.106009],[-104.340925,19.106112],[-104.340553,19.107065],[-104.340299,19.107753],[-104.340191,19.108026],[-104.339934,19.108679],[-104.339715,19.109247],[-104.339404,19.110062],[-104.339224,19.110566],[-104.339168,19.110687],[-104.339035,19.111006],[-104.338953,19.111222],[-104.338864,19.111346],[-104.33878,19.111431],[-104.338623,19.111284],[-104.338482,19.111151],[-104.338206,19.110888],[-104.337773,19.110465],[-104.337402,19.110811],[-104.337023,19.111137],[-104.336677,19.111447],[-104.336266,19.111799],[-104.335928,19.112104],[-104.335332,19.11263],[-104.334898,19.113013],[-104.334837,19.113087],[-104.334662,19.113402],[-104.334498,19.113631],[-104.334382,19.113762],[-104.334141,19.114036],[-104.333975,19.114232],[-104.333922,19.11432],[-104.333878,19.114437],[-104.333815,19.11465],[-104.333728,19.11489],[-104.333623,19.11513],[-104.33347,19.115258],[-104.33322,19.11542],[-104.333056,19.11552],[-104.33294,19.115593],[-104.332872,19.115646],[-104.332813,19.11574],[-104.33274,19.115896],[-104.332527,19.116391],[-104.332413,19.116531],[-104.332047,19.116965],[-104.331653,19.117442],[-104.331499,19.117544],[-104.330864,19.118343],[-104.330539,19.118602],[-104.330357,19.118762],[-104.329936,19.119038],[-104.329865,19.1191],[-104.329418,19.119476],[-104.328858,19.119947],[-104.328578,19.120174],[-104.328477,19.120255],[-104.328014,19.120624],[-104.327553,19.120991],[-104.327356,19.121148],[-104.327116,19.121342],[-104.326377,19.121938],[-104.325662,19.12272],[-104.324927,19.123528],[-104.323987,19.12456],[-104.323244,19.125391],[-104.322948,19.125714],[-104.322886,19.125676],[-104.322786,19.12579],[-104.322718,19.125901],[-104.322691,19.126023],[-104.322663,19.126053],[-104.322296,19.126447],[-104.322203,19.126377],[-104.321936,19.126625],[-104.32165,19.126923],[-104.321392,19.127209],[-104.321218,19.127411],[-104.321102,19.127454],[-104.320943,19.127465],[-104.320787,19.127546],[-104.320626,19.127632],[-104.320542,19.127705],[-104.320529,19.127899],[-104.321009,19.128138],[-104.320903,19.128209],[-104.32062,19.128398],[-104.320217,19.128639],[-104.320039,19.128796],[-104.319942,19.12899],[-104.319788,19.129109],[-104.319645,19.129449],[-104.319575,19.129679],[-104.319518,19.130031],[-104.319382,19.130479],[-104.319247,19.130874],[-104.318818,19.132674],[-104.318418,19.133613],[-104.318232,19.133903],[-104.317257,19.13507],[-104.316246,19.136241],[-104.316003,19.136517],[-104.315702,19.137027],[-104.315529,19.137399],[-104.315264,19.137904],[-104.315129,19.138125],[-104.314873,19.13842],[-104.314532,19.138711],[-104.314161,19.138983],[-104.313726,19.139148],[-104.313409,19.139158],[-104.313107,19.139153],[-104.31195,19.139014],[-104.31155,19.138989],[-104.311206,19.138957],[-104.310594,19.138926],[-104.309983,19.138887],[-104.308861,19.138871],[-104.308698,19.13888],[-104.308712,19.139224],[-104.308747,19.139492],[-104.30884,19.140015],[-104.309023,19.140855],[-104.30924,19.141851],[-104.309366,19.142471],[-104.309422,19.142755],[-104.309454,19.142874],[-104.309292,19.14285],[-104.309113,19.142826],[-104.308814,19.142808],[-104.308524,19.142816],[-104.308205,19.142814],[-104.307775,19.142806],[-104.307384,19.142812],[-104.307218,19.142827],[-104.307058,19.14285],[-104.30665,19.142917],[-104.306515,19.142938],[-104.306279,19.14298],[-104.306364,19.143222],[-104.306457,19.143545],[-104.306555,19.143853],[-104.306764,19.144512],[-104.306973,19.145178],[-104.307132,19.145689],[-104.306595,19.145798],[-104.306647,19.14596],[-104.306702,19.146136],[-104.306779,19.146425],[-104.306827,19.146632],[-104.306845,19.146743],[-104.306855,19.146883],[-104.306868,19.146992],[-104.306899,19.147095],[-104.306924,19.147179],[-104.306939,19.14725],[-104.306955,19.147355],[-104.306961,19.147443],[-104.306962,19.147497],[-104.30694,19.147582],[-104.306896,19.14767],[-104.306808,19.147837],[-104.306732,19.147983],[-104.306641,19.148174],[-104.306581,19.148285],[-104.30651,19.148422],[-104.30645,19.148556],[-104.306394,19.148677],[-104.30637,19.14873],[-104.306335,19.148787],[-104.306308,19.148822],[-104.306258,19.148879],[-104.306192,19.148955],[-104.306096,19.149046],[-104.306033,19.149117],[-104.305896,19.149322],[-104.305797,19.149493],[-104.305726,19.149652],[-104.305697,19.149734],[-104.305683,19.149794],[-104.305678,19.14983],[-104.305671,19.149949],[-104.305658,19.150077],[-104.305642,19.150212],[-104.305617,19.150395],[-104.305592,19.150557],[-104.305577,19.150696],[-104.305566,19.150758],[-104.30555,19.150946],[-104.305546,19.151009],[-104.305538,19.151069],[-104.305511,19.151106],[-104.305448,19.151193],[-104.305328,19.151394],[-104.305249,19.151581],[-104.305219,19.151652],[-104.305182,19.151741],[-104.305156,19.1518],[-104.30514,19.151851],[-104.305131,19.151897],[-104.305129,19.151944],[-104.305129,19.151994],[-104.305119,19.152047],[-104.305098,19.152105],[-104.305063,19.152167],[-104.305012,19.152238],[-104.305565,19.152264],[-104.31027,19.152525]]]}},{"type":"Feature","properties":{"distrito_l":8},"geometry":{"type":"Polygon","coordinates":[[[-103.746619,19.263193],[-103.747324,19.263505],[-103.748036,19.26382],[-103.748742,19.264132],[-103.74943,19.264436],[-103.749452,19.264446],[-103.750117,19.26474],[-103.75155,19.265373],[-103.752681,19.265917],[-103.753648,19.266382],[-103.753818,19.266101],[-103.753843,19.266066],[-103.753952,19.265975],[-103.754003,19.265935],[-103.754249,19.265815],[-103.754464,19.265733],[-103.754619,19.265668],[-103.754721,19.265599],[-103.754789,19.26556],[-103.755101,19.265323],[-103.755465,19.265067],[-103.755636,19.264945],[-103.755871,19.264794],[-103.756138,19.264954],[-103.755208,19.266169],[-103.755386,19.26627],[-103.756623,19.267062],[-103.757624,19.267675],[-103.75773,19.267722],[-103.757754,19.267679],[-103.758358,19.268068],[-103.758949,19.268446],[-103.758917,19.268557],[-103.759207,19.268748],[-103.759544,19.268955],[-103.760642,19.269625],[-103.761028,19.269831],[-103.76131,19.269965],[-103.761729,19.270146],[-103.761791,19.270113],[-103.76188,19.269975],[-103.762138,19.270096],[-103.762633,19.270389],[-103.762702,19.270233],[-103.762835,19.270287],[-103.763601,19.270583],[-103.764392,19.270991],[-103.765478,19.271482],[-103.766666,19.272107],[-103.76719,19.272357],[-103.767839,19.272723],[-103.768369,19.272966],[-103.76868,19.273126],[-103.769802,19.271422],[-103.770062,19.271046],[-103.770234,19.271107],[-103.770331,19.271164],[-103.770529,19.271281],[-103.771896,19.272071],[-103.772391,19.272355],[-103.773051,19.272742],[-103.773296,19.272877],[-103.773309,19.272854],[-103.773543,19.272491],[-103.773886,19.271909],[-103.774119,19.27157],[-103.774325,19.271255],[-103.774527,19.270886],[-103.774689,19.270584],[-103.774899,19.270248],[-103.775108,19.269909],[-103.775309,19.269583],[-103.775512,19.269237],[-103.775734,19.268912],[-103.775918,19.268619],[-103.776002,19.268431],[-103.77706,19.268962],[-103.777542,19.269222],[-103.778231,19.269596],[-103.779359,19.270292],[-103.780183,19.2708],[-103.780415,19.270888],[-103.780667,19.271],[-103.780769,19.271036],[-103.781053,19.270218],[-103.78135,19.269434],[-103.781806,19.268156],[-103.782214,19.267026],[-103.779616,19.266226],[-103.779662,19.266076],[-103.77977,19.265714],[-103.779835,19.265493],[-103.778592,19.265116],[-103.777291,19.264744],[-103.77725,19.264733],[-103.777073,19.264686],[-103.778441,19.260829],[-103.778386,19.260691],[-103.777895,19.260543],[-103.777309,19.260352],[-103.777338,19.260259],[-103.776712,19.260058],[-103.775594,19.259705],[-103.774605,19.259401],[-103.774577,19.259479],[-103.774407,19.259416],[-103.774381,19.259339],[-103.773756,19.258867],[-103.773337,19.258439],[-103.772806,19.258022],[-103.772082,19.257465],[-103.771915,19.257445],[-103.771876,19.257784],[-103.771865,19.257844],[-103.771836,19.258007],[-103.771787,19.258174],[-103.771596,19.258103],[-103.77155,19.258348],[-103.771249,19.258358],[-103.770354,19.257906],[-103.769231,19.257393],[-103.768087,19.256861],[-103.768141,19.256742],[-103.76614,19.255952],[-103.764302,19.255229],[-103.763561,19.2549],[-103.76341,19.254857],[-103.762775,19.254558],[-103.762583,19.254467],[-103.761203,19.253728],[-103.762137,19.251634],[-103.762529,19.250761],[-103.762668,19.250407],[-103.762715,19.250278],[-103.762731,19.2502],[-103.762744,19.250068],[-103.762731,19.249886],[-103.762699,19.249748],[-103.762646,19.249629],[-103.762566,19.249494],[-103.762276,19.249166],[-103.762224,19.249088],[-103.762152,19.248989],[-103.762063,19.248885],[-103.761981,19.248791],[-103.761899,19.248679],[-103.761816,19.248577],[-103.76172,19.248505],[-103.761666,19.248439],[-103.761599,19.248364],[-103.761492,19.248182],[-103.761473,19.24815],[-103.761387,19.248128],[-103.76138,19.248105],[-103.761372,19.248082],[-103.761445,19.248019],[-103.7615,19.247908],[-103.761552,19.247811],[-103.761605,19.247713],[-103.761594,19.247612],[-103.761529,19.24749],[-103.761421,19.247298],[-103.761392,19.247218],[-103.761378,19.247172],[-103.76136,19.247117],[-103.761349,19.247068],[-103.761375,19.246985],[-103.761405,19.246905],[-103.761479,19.246825],[-103.761513,19.246787],[-103.761619,19.246729],[-103.761763,19.246677],[-103.761817,19.246573],[-103.761834,19.246477],[-103.761693,19.246426],[-103.760584,19.246032],[-103.759374,19.245621],[-103.759526,19.24523],[-103.75969,19.244813],[-103.758971,19.244549],[-103.759005,19.244516],[-103.759119,19.244192],[-103.759153,19.244097],[-103.759266,19.243781],[-103.75928,19.243742],[-103.75931,19.243752],[-103.759339,19.243762],[-103.760007,19.244003],[-103.760162,19.243608],[-103.760321,19.243201],[-103.760506,19.24273],[-103.760579,19.242544],[-103.760658,19.242341],[-103.760805,19.241967],[-103.760885,19.241762],[-103.760904,19.2417],[-103.760933,19.241607],[-103.760774,19.24168],[-103.760054,19.241991],[-103.759889,19.242044],[-103.759617,19.242132],[-103.759352,19.242169],[-103.758872,19.242237],[-103.758341,19.242247],[-103.757963,19.24224],[-103.75742,19.242152],[-103.756951,19.242052],[-103.756507,19.241989],[-103.756215,19.241937],[-103.756094,19.241916],[-103.755916,19.241902],[-103.755774,19.241892],[-103.755738,19.241889],[-103.755445,19.2419],[-103.755226,19.241908],[-103.753883,19.241971],[-103.753407,19.241987],[-103.752786,19.242008],[-103.752558,19.242016],[-103.75201,19.242034],[-103.751957,19.242036],[-103.751912,19.242037],[-103.749938,19.242082],[-103.748717,19.24211],[-103.748573,19.242098],[-103.748563,19.242144],[-103.748399,19.242954],[-103.748361,19.243146],[-103.748213,19.243893],[-103.748067,19.244339],[-103.747977,19.244867],[-103.747233,19.246643],[-103.747054,19.247073],[-103.746876,19.247496],[-103.746686,19.247951],[-103.746555,19.248299],[-103.74637,19.248789],[-103.746144,19.249394],[-103.745835,19.250238],[-103.745494,19.251311],[-103.745091,19.252607],[-103.745027,19.252813],[-103.744963,19.253018],[-103.744687,19.253907],[-103.74456,19.254316],[-103.744123,19.255619],[-103.743896,19.256295],[-103.743755,19.256715],[-103.743611,19.257135],[-103.743473,19.25754],[-103.743447,19.257614],[-103.743415,19.257686],[-103.743292,19.257962],[-103.743119,19.258348],[-103.74293,19.25877],[-103.742774,19.25904],[-103.74237,19.259824],[-103.741732,19.261061],[-103.742491,19.261392],[-103.74321,19.261706],[-103.744035,19.262066],[-103.745201,19.262575],[-103.745901,19.26288],[-103.746619,19.263193]]]}},{"type":"Feature","properties":{"distrito_l":6},"geometry":{"type":"Polygon","coordinates":[[[-103.700028,19.251998],[-103.699508,19.252325],[-103.699404,19.252386],[-103.698417,19.252959],[-103.697537,19.253469],[-103.696363,19.254151],[-103.695573,19.254609],[-103.694847,19.255031],[-103.694513,19.255254],[-103.693657,19.255859],[-103.692378,19.256763],[-103.692227,19.25688],[-103.691594,19.257376],[-103.691106,19.257713],[-103.68967,19.258708],[-103.689578,19.258865],[-103.689567,19.25896],[-103.689515,19.259004],[-103.689423,19.259052],[-103.689178,19.259028],[-103.687833,19.259916],[-103.687044,19.260458],[-103.685967,19.261176],[-103.685098,19.261777],[-103.684396,19.262299],[-103.684027,19.262604],[-103.683645,19.262935],[-103.683064,19.263461],[-103.682435,19.264158],[-103.682364,19.264108],[-103.68215,19.263958],[-103.68203,19.263874],[-103.682998,19.260961],[-103.682843,19.260901],[-103.682713,19.260616],[-103.682105,19.260426],[-103.681805,19.260333],[-103.681503,19.26024],[-103.681032,19.260093],[-103.681063,19.260039],[-103.682262,19.257955],[-103.682334,19.257829],[-103.683096,19.256503],[-103.683143,19.256377],[-103.683175,19.256291],[-103.683543,19.255107],[-103.684065,19.253807],[-103.68459,19.253004],[-103.684603,19.252987],[-103.68488,19.252568],[-103.685092,19.252246],[-103.685279,19.251963],[-103.685487,19.251648],[-103.685707,19.251315],[-103.685929,19.25098],[-103.685997,19.250877],[-103.686132,19.250672],[-103.686397,19.250271],[-103.685638,19.249923],[-103.683582,19.248977],[-103.681848,19.248181],[-103.681073,19.247826],[-103.680907,19.247752],[-103.678425,19.246651],[-103.678233,19.246566],[-103.677903,19.246925],[-103.67786,19.2469],[-103.676067,19.245886],[-103.675465,19.241344],[-103.675465,19.241221],[-103.675439,19.241023],[-103.671128,19.238293],[-103.671032,19.238232],[-103.664552,19.234129],[-103.659638,19.231016],[-103.657598,19.229516],[-103.654985,19.227578],[-103.654724,19.227385],[-103.6543,19.227072],[-103.652329,19.225615],[-103.651997,19.225369],[-103.651438,19.224956],[-103.650506,19.224267],[-103.649893,19.223814],[-103.64948,19.223509],[-103.647967,19.222393],[-103.642586,19.221898],[-103.625532,19.220328],[-103.624474,19.22023],[-103.623652,19.220154],[-103.601476,19.218087],[-103.59592,19.217597],[-103.568806,19.215174],[-103.564416,19.214782],[-103.560708,19.21445],[-103.55907,19.214304],[-103.551597,19.213635],[-103.540578,19.212648],[-103.540554,19.212646],[-103.52436,19.211205],[-103.521588,19.210948],[-103.521069,19.2109],[-103.513672,19.210236],[-103.51377,19.211727],[-103.512834,19.212211],[-103.511436,19.212441],[-103.51061,19.213423],[-103.510944,19.214669],[-103.511979,19.215592],[-103.513596,19.216524],[-103.513337,19.218755],[-103.512158,19.220063],[-103.510397,19.221446],[-103.50933,19.223087],[-103.508034,19.224477],[-103.506022,19.227346],[-103.506912,19.230667],[-103.506302,19.232976],[-103.506032,19.236117],[-103.508446,19.238466],[-103.509565,19.242039],[-103.50907,19.244515],[-103.507655,19.246068],[-103.507867,19.247808],[-103.507264,19.249538],[-103.506187,19.252006],[-103.505929,19.254154],[-103.506598,19.25648],[-103.507389,19.258393],[-103.507007,19.261119],[-103.506746,19.263432],[-103.507068,19.265671],[-103.507755,19.26659],[-103.508894,19.268591],[-103.507819,19.270893],[-103.507087,19.273697],[-103.50691,19.278659],[-103.506977,19.279183],[-103.507441,19.282804],[-103.507226,19.29091],[-103.508927,19.294573],[-103.506934,19.295788],[-103.506937,19.296314],[-103.50624,19.29706],[-103.505776,19.297765],[-103.505312,19.298718],[-103.504905,19.298802],[-103.504265,19.298597],[-103.503451,19.2986],[-103.502405,19.29881],[-103.50194,19.298894],[-103.501302,19.300468],[-103.501245,19.301378],[-103.501188,19.302536],[-103.501015,19.303571],[-103.50055,19.30382],[-103.50026,19.304028],[-103.500318,19.304607],[-103.50061,19.305226],[-103.501134,19.306465],[-103.50096,19.307169],[-103.499799,19.308331],[-103.497707,19.309082],[-103.496602,19.309085],[-103.495498,19.309751],[-103.494743,19.310001],[-103.494161,19.309383],[-103.493346,19.307772],[-103.493055,19.307856],[-103.492358,19.308644],[-103.491952,19.309431],[-103.491487,19.310136],[-103.491081,19.310964],[-103.490675,19.311586],[-103.490385,19.311959],[-103.49027,19.313324],[-103.490678,19.314481],[-103.49126,19.315471],[-103.49254,19.316832],[-103.494111,19.317902],[-103.49539,19.318146],[-103.496902,19.31872],[-103.496787,19.319713],[-103.495741,19.320668],[-103.494987,19.321952],[-103.494173,19.322245],[-103.493185,19.322496],[-103.492662,19.32258],[-103.492139,19.322623],[-103.491615,19.32279],[-103.491093,19.323578],[-103.490571,19.324613],[-103.490048,19.325814],[-103.489468,19.326313],[-103.488828,19.326108],[-103.488014,19.3264],[-103.487607,19.326691],[-103.487608,19.327849],[-103.487842,19.32942],[-103.488309,19.331196],[-103.488543,19.332312],[-103.488456,19.33254],[-103.488369,19.332768],[-103.487615,19.334921],[-103.487093,19.336866],[-103.48692,19.338645],[-103.488294,19.339655],[-103.488979,19.340159],[-103.490289,19.341123],[-103.490295,19.341537],[-103.490243,19.341951],[-103.490654,19.342194],[-103.491539,19.34305],[-103.491658,19.343214],[-103.492244,19.343496],[-103.492894,19.344149],[-103.492785,19.344647],[-103.492673,19.344938],[-103.492626,19.345725],[-103.492629,19.345891],[-103.49275,19.34622],[-103.493451,19.346459],[-103.4938,19.346412],[-103.495202,19.346806],[-103.495674,19.347213],[-103.49614,19.347289],[-103.497011,19.347153],[-103.497475,19.347063],[-103.497768,19.347183],[-103.497996,19.34689],[-103.498268,19.345603],[-103.499014,19.344889],[-103.499774,19.345126],[-103.500881,19.345235],[-103.501232,19.345395],[-103.501767,19.346133],[-103.50299,19.346198],[-103.503517,19.34648],[-103.504111,19.347258],[-103.504824,19.348283],[-103.505295,19.348607],[-103.505412,19.348688],[-103.505999,19.349052],[-103.50635,19.349171],[-103.507058,19.349782],[-103.507819,19.350144],[-103.508336,19.349681],[-103.508852,19.349135],[-103.509393,19.350328],[-103.509928,19.351065],[-103.510927,19.351755],[-103.511159,19.35171],[-103.512326,19.351942],[-103.51361,19.352171],[-103.514482,19.352159],[-103.514893,19.35236],[-103.515073,19.35273],[-103.515026,19.353517],[-103.515096,19.354261],[-103.516153,19.354908],[-103.516852,19.354981],[-103.517836,19.354594],[-103.518357,19.354421],[-103.518766,19.354581],[-103.518423,19.355],[-103.517611,19.355177],[-103.517275,19.35601],[-103.517746,19.356375],[-103.518618,19.356363],[-103.519491,19.35635],[-103.520481,19.356419],[-103.520433,19.357082],[-103.520611,19.357327],[-103.521545,19.357521],[-103.521661,19.357498],[-103.521777,19.357476],[-103.5223,19.357427],[-103.522303,19.357593],[-103.522482,19.35788],[-103.522572,19.358106],[-103.522663,19.358333],[-103.522733,19.359118],[-103.523323,19.359689],[-103.52409,19.360382],[-103.524093,19.360589],[-103.52434,19.361537],[-103.52452,19.361907],[-103.524884,19.362895],[-103.524835,19.363475],[-103.524729,19.36418],[-103.524789,19.364304],[-103.524745,19.365215],[-103.524462,19.365757],[-103.524529,19.366336],[-103.525414,19.367192],[-103.525477,19.367481],[-103.525319,19.368601],[-103.526309,19.368669],[-103.526657,19.368582],[-103.526831,19.368496],[-103.526782,19.369159],[-103.526443,19.369826],[-103.52669,19.370775],[-103.526992,19.371516],[-103.527461,19.371716],[-103.527467,19.37213],[-103.52776,19.37225],[-103.527826,19.372787],[-103.528592,19.373438],[-103.529128,19.374217],[-103.529661,19.37483],[-103.530082,19.375734],[-103.530261,19.376022],[-103.530447,19.376805],[-103.53115,19.377085],[-103.531442,19.377163],[-103.531567,19.377741],[-103.532154,19.378064],[-103.532509,19.378473],[-103.532924,19.378963],[-103.533507,19.379079],[-103.533631,19.379574],[-103.53387,19.379984],[-103.534564,19.379685],[-103.534694,19.380552],[-103.535572,19.380912],[-103.536096,19.380946],[-103.536328,19.380901],[-103.536979,19.381595],[-103.537163,19.382213],[-103.537357,19.383494],[-103.537655,19.383986],[-103.537658,19.384152],[-103.537317,19.384695],[-103.537319,19.384881],[-103.537322,19.385067],[-103.537502,19.385396],[-103.5381,19.386463],[-103.538399,19.386997],[-103.538582,19.387532],[-103.538468,19.3877],[-103.538442,19.387928],[-103.538416,19.388156],[-103.538767,19.388233],[-103.539467,19.388389],[-103.540286,19.388625],[-103.540823,19.389487],[-103.540772,19.389984],[-103.540831,19.390066],[-103.540922,19.390054],[-103.54118,19.39002],[-103.541991,19.389836],[-103.543249,19.391673],[-103.543541,19.392179],[-103.543542,19.392262],[-103.543669,19.392964],[-103.543672,19.393171],[-103.543793,19.393459],[-103.544204,19.393742],[-103.544798,19.39452],[-103.546675,19.395445],[-103.547206,19.395934],[-103.54774,19.39663],[-103.54803,19.396584],[-103.548438,19.396578],[-103.548619,19.39699],[-103.548625,19.397445],[-103.548919,19.397606],[-103.549391,19.398013],[-103.549981,19.398543],[-103.550339,19.399117],[-103.550628,19.39903],[-103.551676,19.399056],[-103.551913,19.399301],[-103.552387,19.399832],[-103.552447,19.399955],[-103.552573,19.400616],[-103.552462,19.400949],[-103.552524,19.401237],[-103.552583,19.401237],[-103.55334,19.401267],[-103.553926,19.401548],[-103.554456,19.401954],[-103.55484,19.402896],[-103.554852,19.402924],[-103.554903,19.403049],[-103.555061,19.403436],[-103.555007,19.403768],[-103.554904,19.404597],[-103.555605,19.404794],[-103.555827,19.404902],[-103.555957,19.404954],[-103.556315,19.40557],[-103.556378,19.4059],[-103.556618,19.406311],[-103.556914,19.406679],[-103.557556,19.406752],[-103.558492,19.407111],[-103.559077,19.407309],[-103.559269,19.408424],[-103.559462,19.408384],[-103.559907,19.408291],[-103.560256,19.408286],[-103.560343,19.408243],[-103.56043,19.4082],[-103.561182,19.407941],[-103.562052,19.407721],[-103.562632,19.407547],[-103.563856,19.407695],[-103.563974,19.407776],[-103.565016,19.407388],[-103.565357,19.406886],[-103.565756,19.406301],[-103.56599,19.40638],[-103.566751,19.4067],[-103.567212,19.406404],[-103.568264,19.406678],[-103.568846,19.406628],[-103.569311,19.406621],[-103.569428,19.406661],[-103.569844,19.407234],[-103.570433,19.40764],[-103.57061,19.407803],[-103.571437,19.408618],[-103.571613,19.408699],[-103.572558,19.409595],[-103.573504,19.410534],[-103.573428,19.411601],[-103.574635,19.41191],[-103.574689,19.411924],[-103.57487,19.412335],[-103.57517,19.41291],[-103.575189,19.414151],[-103.575314,19.414729],[-103.575435,19.415017],[-103.575674,19.415428],[-103.576314,19.415418],[-103.576544,19.415249],[-103.577368,19.415817],[-103.577612,19.416558],[-103.577445,19.417016],[-103.577051,19.417932],[-103.576605,19.419181],[-103.576494,19.419555],[-103.576563,19.420299],[-103.576576,19.421085],[-103.576704,19.42187],[-103.577002,19.422321],[-103.577358,19.422771],[-103.577712,19.423097],[-103.578246,19.423751],[-103.57841,19.423864],[-103.578776,19.424116],[-103.578785,19.424737],[-103.579201,19.425269],[-103.579497,19.425595],[-103.579328,19.42597],[-103.578928,19.426432],[-103.578591,19.427265],[-103.578849,19.428875],[-103.579104,19.429127],[-103.579359,19.429379],[-103.579934,19.430049],[-103.579579,19.430934],[-103.579699,19.431181],[-103.580002,19.431963],[-103.580541,19.432907],[-103.58085,19.434103],[-103.580854,19.434392],[-103.580803,19.434848],[-103.580811,19.435345],[-103.581233,19.436332],[-103.582464,19.436852],[-103.583166,19.437049],[-103.583748,19.437082],[-103.583924,19.437162],[-103.584576,19.437897],[-103.584988,19.438181],[-103.586219,19.438742],[-103.58657,19.438861],[-103.587106,19.43964],[-103.58711,19.439888],[-103.58689,19.440719],[-103.586902,19.441547],[-103.586848,19.441796],[-103.586691,19.442916],[-103.587283,19.44357],[-103.587462,19.443857],[-103.587466,19.444146],[-103.587938,19.444512],[-103.588758,19.444872],[-103.589114,19.445281],[-103.589471,19.445773],[-103.589949,19.446593],[-103.590954,19.447572],[-103.591547,19.448267],[-103.591902,19.448634],[-103.592318,19.449208],[-103.592857,19.450152],[-103.593036,19.450439],[-103.593578,19.45159],[-103.594114,19.45241],[-103.594939,19.453018],[-103.595174,19.453181],[-103.596119,19.454036],[-103.596528,19.454154],[-103.597056,19.454395],[-103.597414,19.454969],[-103.597359,19.455176],[-103.597362,19.455342],[-103.597776,19.455791],[-103.59795,19.455706],[-103.598295,19.455452],[-103.598479,19.456071],[-103.598539,19.456152],[-103.598566,19.456204],[-103.599258,19.457508],[-103.599733,19.45808],[-103.600206,19.45857],[-103.60057,19.459517],[-103.600862,19.459554],[-103.601213,19.459631],[-103.60111,19.460502],[-103.601119,19.461123],[-103.601716,19.462066],[-103.602134,19.462722],[-103.602958,19.463331],[-103.603665,19.463858],[-103.60455,19.46459],[-103.604784,19.46467],[-103.605834,19.464778],[-103.606246,19.465062],[-103.606898,19.465839],[-103.607779,19.466281],[-103.608484,19.466726],[-103.608667,19.46722],[-103.608625,19.468297],[-103.608873,19.469245],[-103.609585,19.470145],[-103.610109,19.470137],[-103.610167,19.470116],[-103.610225,19.470094],[-103.611622,19.470074],[-103.612327,19.470477],[-103.612801,19.470967],[-103.613217,19.471499],[-103.613688,19.471864],[-103.614226,19.472767],[-103.614232,19.473139],[-103.614588,19.473548],[-103.615233,19.473869],[-103.615414,19.474239],[-103.615777,19.475103],[-103.615788,19.475807],[-103.616654,19.475338],[-103.616434,19.476211],[-103.616044,19.477334],[-103.615649,19.478127],[-103.615657,19.478665],[-103.61551,19.479378],[-103.615495,19.479454],[-103.615441,19.479744],[-103.615155,19.48008],[-103.614931,19.480663],[-103.614304,19.4815],[-103.614136,19.481958],[-103.613912,19.482499],[-103.613244,19.484496],[-103.613024,19.485368],[-103.613105,19.486816],[-103.613413,19.487929],[-103.613534,19.488217],[-103.613483,19.488632],[-103.613961,19.489452],[-103.614201,19.489904],[-103.614911,19.490597],[-103.615448,19.491417],[-103.615926,19.492197],[-103.615928,19.492362],[-103.615474,19.493114],[-103.615196,19.493946],[-103.615152,19.494857],[-103.615311,19.497628],[-103.615501,19.498578],[-103.615638,19.499942],[-103.616181,19.501134],[-103.616373,19.502249],[-103.616264,19.502706],[-103.616163,19.503701],[-103.616017,19.505565],[-103.61598,19.506973],[-103.615935,19.507802],[-103.616359,19.50883],[-103.631368,19.502049],[-103.632414,19.501262],[-103.633169,19.500682],[-103.633808,19.500268],[-103.634388,19.499688],[-103.635493,19.499149],[-103.636539,19.498652],[-103.637294,19.498279],[-103.637933,19.497699],[-103.638572,19.497119],[-103.639094,19.496664],[-103.63985,19.496249],[-103.640315,19.496],[-103.640896,19.495586],[-103.641651,19.494882],[-103.64194,19.494179],[-103.642346,19.493517],[-103.642927,19.49302],[-103.643566,19.492688],[-103.644262,19.49186],[-103.645017,19.491156],[-103.646238,19.490658],[-103.646993,19.490492],[-103.647865,19.490119],[-103.648505,19.48987],[-103.648615,19.489806],[-103.649376,19.489372],[-103.650247,19.488709],[-103.650712,19.488171],[-103.651176,19.48784],[-103.652164,19.487301],[-103.653152,19.486721],[-103.654546,19.486057],[-103.655535,19.485849],[-103.656058,19.48589],[-103.656583,19.486137],[-103.657281,19.486509],[-103.657863,19.486508],[-103.65891,19.486382],[-103.659724,19.486216],[-103.660654,19.48576],[-103.661757,19.485055],[-103.662686,19.484103],[-103.662859,19.483317],[-103.663031,19.482117],[-103.663029,19.481538],[-103.662853,19.480587],[-103.662792,19.479512],[-103.662791,19.478974],[-103.663023,19.478436],[-103.663369,19.477195],[-103.663309,19.476368],[-103.663307,19.475458],[-103.663131,19.474879],[-103.662199,19.474343],[-103.661849,19.473889],[-103.661499,19.473145],[-103.660858,19.472608],[-103.659867,19.47174],[-103.659342,19.470873],[-103.658933,19.470087],[-103.659106,19.46955],[-103.659628,19.46868],[-103.659277,19.467978],[-103.662986,19.467342],[-103.66351,19.467266],[-103.664269,19.467029],[-103.664912,19.466831],[-103.665438,19.46659],[-103.666022,19.466433],[-103.66649,19.466233],[-103.666783,19.466072],[-103.667135,19.465828],[-103.667431,19.465502],[-103.667728,19.465093],[-103.667907,19.464765],[-103.668089,19.464272],[-103.668096,19.463817],[-103.668102,19.463446],[-103.667994,19.462907],[-103.667883,19.462575],[-103.667655,19.462283],[-103.667426,19.462073],[-103.667195,19.461987],[-103.666789,19.461899],[-103.6665,19.461813],[-103.666271,19.461603],[-103.665927,19.461309],[-103.665757,19.461018],[-103.665529,19.460725],[-103.665361,19.460351],[-103.665135,19.459935],[-103.665083,19.459563],[-103.665031,19.459149],[-103.66504,19.458571],[-103.664988,19.458157],[-103.664935,19.457826],[-103.665058,19.457414],[-103.665123,19.456961],[-103.665246,19.456549],[-103.665366,19.456303],[-103.665602,19.456017],[-103.665897,19.455773],[-103.666074,19.455569],[-103.66625,19.455447],[-103.666427,19.455285],[-103.666955,19.454961],[-103.667249,19.454759],[-103.667772,19.454766],[-103.66812,19.454812],[-103.668525,19.4549],[-103.668871,19.45507],[-103.669158,19.45528],[-103.669387,19.45549],[-103.669618,19.455576],[-103.66985,19.45562],[-103.669968,19.455539],[-103.670091,19.455086],[-103.66992,19.454878],[-103.669636,19.454461],[-103.669467,19.454087],[-103.669587,19.453882],[-103.669878,19.453803],[-103.670228,19.453766],[-103.670577,19.45373],[-103.67087,19.453568],[-103.671163,19.453407],[-103.671456,19.453205],[-103.671463,19.45275],[-103.671294,19.452418],[-103.671123,19.452209],[-103.670837,19.451957],[-103.670607,19.451789],[-103.67032,19.451578],[-103.670036,19.45112],[-103.669867,19.450787],[-103.66964,19.450454],[-103.669528,19.450163],[-103.669126,19.449868],[-103.669014,19.449577],[-103.668904,19.449204],[-103.668792,19.448914],[-103.668625,19.448416],[-103.668578,19.447713],[-103.668527,19.447257],[-103.668482,19.446431],[-103.668491,19.445852],[-103.668382,19.445355],[-103.668273,19.444899],[-103.668107,19.444401],[-103.667884,19.443737],[-103.667778,19.443116],[-103.667671,19.442495],[-103.667616,19.442329],[-103.667563,19.441957],[-103.667747,19.441339],[-103.667927,19.44097],[-103.668226,19.440437],[-103.668467,19.439862],[-103.668593,19.439244],[-103.668663,19.438501],[-103.66873,19.437883],[-103.668391,19.4373],[-103.667881,19.436467],[-103.667542,19.435842],[-103.662602,19.432181],[-103.639355,19.428331],[-103.639638,19.427338],[-103.639574,19.426512],[-103.639569,19.425727],[-103.639683,19.425437],[-103.639738,19.425106],[-103.639853,19.424899],[-103.63991,19.424733],[-103.640023,19.42436],[-103.640253,19.424028],[-103.64054,19.423655],[-103.640712,19.423365],[-103.640768,19.422992],[-103.640937,19.422372],[-103.641108,19.421916],[-103.641453,19.421501],[-103.641741,19.421127],[-103.64197,19.420795],[-103.642373,19.42038],[-103.642545,19.420007],[-103.6426,19.419635],[-103.642594,19.418767],[-103.64259,19.418147],[-103.642643,19.417486],[-103.642581,19.416949],[-103.642578,19.416536],[-103.642692,19.416163],[-103.642747,19.41575],[-103.642744,19.415336],[-103.64268,19.415136],[-103.642625,19.414965],[-103.642565,19.414594],[-103.642562,19.414181],[-103.642618,19.413891],[-103.642616,19.41356],[-103.642737,19.413342],[-103.642845,19.413146],[-103.643248,19.412772],[-103.643479,19.412564],[-103.643883,19.412355],[-103.644344,19.411939],[-103.644575,19.411772],[-103.644921,19.411481],[-103.645094,19.411356],[-103.645216,19.41118],[-103.648333,19.410097],[-103.648402,19.409946],[-103.648447,19.409848],[-103.648561,19.409517],[-103.648617,19.409186],[-103.648615,19.408897],[-103.648612,19.408566],[-103.648611,19.408442],[-103.648725,19.408152],[-103.648898,19.407945],[-103.648837,19.407573],[-103.648778,19.407449],[-103.648719,19.407243],[-103.648659,19.406996],[-103.6486,19.406789],[-103.648598,19.4065],[-103.648654,19.406211],[-103.648768,19.405921],[-103.649114,19.405671],[-103.649287,19.405587],[-103.649343,19.405339],[-103.649342,19.405173],[-103.649281,19.404761],[-103.64957,19.404594],[-103.649743,19.404469],[-103.649917,19.404385],[-103.650206,19.404218],[-103.650552,19.40405],[-103.650899,19.403924],[-103.651015,19.403841],[-103.651362,19.403798],[-103.65171,19.403672],[-103.652057,19.403587],[-103.652462,19.40346],[-103.652635,19.403335],[-103.653156,19.403167],[-103.653329,19.403001],[-103.653444,19.402876],[-103.653558,19.402669],[-103.653557,19.402462],[-103.653672,19.402337],[-103.653729,19.402213],[-103.653786,19.402048],[-103.653784,19.4018],[-103.653781,19.401428],[-103.653721,19.401056],[-103.65372,19.400891],[-103.653658,19.400437],[-103.653599,19.400189],[-103.653655,19.3999],[-103.653595,19.399693],[-103.653535,19.399322],[-103.653475,19.399033],[-103.653473,19.398827],[-103.653354,19.398455],[-103.653468,19.398165],[-103.65341,19.398042],[-103.653176,19.397754],[-103.653115,19.397383],[-103.652881,19.397053],[-103.652705,19.396848],[-103.652587,19.396518],[-103.652568,19.396376],[-103.652526,19.396064],[-103.652409,19.395899],[-103.652233,19.395611],[-103.652115,19.395405],[-103.652057,19.395323],[-103.651938,19.394993],[-103.651936,19.394704],[-103.651935,19.394539],[-103.651991,19.39429],[-103.652047,19.394001],[-103.652046,19.393794],[-103.652159,19.393463],[-103.652274,19.393256],[-103.652388,19.393048],[-103.652675,19.392633],[-103.652791,19.392509],[-103.652905,19.392343],[-103.652904,19.392178],[-103.652902,19.391847],[-103.653133,19.39168],[-103.653364,19.391638],[-103.65348,19.391596],[-103.653595,19.391471],[-103.653766,19.391098],[-103.653937,19.390684],[-103.654167,19.390393],[-103.654281,19.390062],[-103.654565,19.389234],[-103.654677,19.388737],[-103.654791,19.388406],[-103.654787,19.387786],[-103.65455,19.387168],[-103.654606,19.386878],[-103.654661,19.386465],[-103.654773,19.385803],[-103.654834,19.385461],[-103.654884,19.385182],[-103.655113,19.384768],[-103.655227,19.384437],[-103.657541,19.384203],[-103.660107,19.383738],[-103.663612,19.382706],[-103.659436,19.381023],[-103.659955,19.380648],[-103.660186,19.380522],[-103.660359,19.380397],[-103.660474,19.38019],[-103.66053,19.380024],[-103.660588,19.379983],[-103.66047,19.379694],[-103.660643,19.379528],[-103.66064,19.379156],[-103.660523,19.378991],[-103.66052,19.378578],[-103.660576,19.37833],[-103.660689,19.377916],[-103.660569,19.377256],[-103.660565,19.376801],[-103.660678,19.376263],[-103.660558,19.375727],[-103.660438,19.375149],[-103.660435,19.374736],[-103.66049,19.374405],[-103.660486,19.373744],[-103.660438,19.373515],[-103.660306,19.372877],[-103.660416,19.372133],[-103.660353,19.371472],[-103.660002,19.370937],[-103.659593,19.370485],[-103.659358,19.370156],[-103.659065,19.369662],[-103.658873,19.36943],[-103.658656,19.369169],[-103.658769,19.368838],[-103.658825,19.368548],[-103.658591,19.368219],[-103.658473,19.36793],[-103.658295,19.367394],[-103.658179,19.366967],[-103.658116,19.366734],[-103.658172,19.366362],[-103.658167,19.36566],[-103.658105,19.365164],[-103.657927,19.364504],[-103.657631,19.36368],[-103.657567,19.362854],[-103.657913,19.362645],[-103.657787,19.361199],[-103.657841,19.360621],[-103.658071,19.36033],[-103.658242,19.359998],[-103.658415,19.359791],[-103.65847,19.359418],[-103.6587,19.359045],[-103.658988,19.358837],[-103.659161,19.358712],[-103.65945,19.358545],[-103.659796,19.358295],[-103.660143,19.358169],[-103.660491,19.358208],[-103.660491,19.35829],[-103.660781,19.358206],[-103.660954,19.358081],[-103.661127,19.357915],[-103.661242,19.357873],[-103.661416,19.35783],[-103.661589,19.357705],[-103.661588,19.35754],[-103.661645,19.357374],[-103.661644,19.357292],[-103.661701,19.357167],[-103.661932,19.357042],[-103.662106,19.357],[-103.662279,19.356957],[-103.662453,19.356915],[-103.662393,19.356667],[-103.662334,19.356461],[-103.662275,19.356379],[-103.662447,19.35613],[-103.66262,19.355922],[-103.662735,19.355797],[-103.66285,19.355632],[-103.662965,19.355548],[-103.66308,19.355382],[-103.663078,19.355176],[-103.663135,19.35501],[-103.663423,19.354802],[-103.663596,19.354677],[-103.663711,19.354469],[-103.663826,19.354303],[-103.663651,19.354222],[-103.663708,19.354056],[-103.664112,19.353806],[-103.664342,19.353515],[-103.66463,19.353265],[-103.664917,19.352933],[-103.665148,19.352725],[-103.665436,19.352475],[-103.66584,19.352225],[-103.665955,19.352059],[-103.666069,19.351769],[-103.66624,19.351437],[-103.666355,19.35123],[-103.666411,19.351064],[-103.666352,19.350858],[-103.666349,19.350445],[-103.666405,19.350197],[-103.666517,19.349659],[-103.666455,19.349081],[-103.666391,19.348172],[-103.666443,19.347428],[-103.666556,19.346932],[-103.666435,19.346312],[-103.666318,19.346065],[-103.66614,19.345529],[-103.665902,19.344663],[-103.665781,19.343961],[-103.665833,19.343093],[-103.665888,19.34268],[-103.666058,19.342224],[-103.666172,19.341852],[-103.666402,19.341685],[-103.666518,19.341601],[-103.66698,19.341433],[-103.667327,19.341266],[-103.667499,19.341058],[-103.667555,19.340727],[-103.667611,19.340438],[-103.667783,19.34023],[-103.667898,19.340147],[-103.668245,19.340021],[-103.668592,19.339853],[-103.669228,19.339643],[-103.669691,19.339557],[-103.670038,19.33939],[-103.670441,19.339057],[-103.670613,19.338766],[-103.670841,19.338228],[-103.671012,19.337814],[-103.671144,19.337547],[-103.671298,19.337233],[-103.671469,19.33686],[-103.671583,19.336612],[-103.671721,19.336496],[-103.672966,19.335446],[-103.673193,19.334784],[-103.673249,19.334453],[-103.673421,19.334204],[-103.67359,19.333542],[-103.673934,19.333044],[-103.674222,19.332711],[-103.674682,19.332295],[-103.675199,19.33159],[-103.675544,19.331174],[-103.675772,19.330677],[-103.675945,19.330469],[-103.676002,19.330428],[-103.676405,19.329971],[-103.676577,19.329804],[-103.676981,19.329471],[-103.677153,19.329222],[-103.677185,19.329153],[-103.677324,19.328849],[-103.677438,19.328559],[-103.677493,19.328104],[-103.677665,19.327855],[-103.677836,19.327524],[-103.678007,19.327151],[-103.678237,19.32686],[-103.678525,19.326528],[-103.678869,19.326112],[-103.679215,19.32578],[-103.679502,19.325406],[-103.679848,19.325115],[-103.680135,19.324782],[-103.68048,19.324408],[-103.680593,19.324036],[-103.680764,19.323539],[-103.680842,19.323482],[-103.680937,19.323414],[-103.681513,19.322997],[-103.681918,19.322829],[-103.682494,19.322412],[-103.682552,19.322329],[-103.683068,19.321582],[-103.683412,19.321043],[-103.683754,19.320297],[-103.683925,19.319883],[-103.684211,19.319302],[-103.684552,19.318391],[-103.68478,19.317811],[-103.685065,19.317148],[-103.68655,19.314247],[-103.687185,19.313871],[-103.687704,19.313496],[-103.688165,19.313121],[-103.688338,19.312996],[-103.688684,19.312746],[-103.689203,19.312412],[-103.689723,19.312078],[-103.690126,19.311828],[-103.690498,19.311673],[-103.690531,19.31166],[-103.691052,19.311615],[-103.691226,19.311573],[-103.691399,19.311448],[-103.691746,19.311321],[-103.692091,19.31103],[-103.692495,19.31078],[-103.693014,19.310322],[-103.693704,19.309615],[-103.694049,19.3092],[-103.694509,19.308701],[-103.694797,19.308451],[-103.695199,19.307952],[-103.695486,19.307662],[-103.695774,19.30737],[-103.69612,19.307162],[-103.696582,19.306869],[-103.697044,19.306619],[-103.69762,19.306119],[-103.697962,19.305415],[-103.69819,19.304917],[-103.69842,19.304585],[-103.698765,19.304252],[-103.699109,19.303754],[-103.699393,19.302968],[-103.699506,19.302595],[-103.699547,19.302542],[-103.699793,19.302221],[-103.700022,19.301848],[-103.700137,19.301723],[-103.700482,19.301308],[-103.700826,19.300727],[-103.701227,19.300187],[-103.701801,19.299357],[-103.702146,19.298983],[-103.702491,19.29865],[-103.702894,19.298276],[-103.703297,19.297943],[-103.703642,19.29761],[-103.704277,19.297193],[-103.704796,19.296859],[-103.705546,19.296358],[-103.705985,19.29606],[-103.706468,19.295733],[-103.707218,19.295232],[-103.707427,19.295131],[-103.707459,19.295115],[-103.707494,19.295099],[-103.707701,19.294998],[-103.707738,19.294981],[-103.708001,19.294933],[-103.708207,19.294895],[-103.708546,19.294604],[-103.708777,19.294395],[-103.70895,19.29427],[-103.709007,19.294187],[-103.709467,19.293689],[-103.709809,19.292943],[-103.710323,19.291906],[-103.7107,19.29098],[-103.710778,19.290788],[-103.711007,19.290414],[-103.711348,19.289503],[-103.711379,19.288492],[-103.711298,19.288233],[-103.711145,19.288003],[-103.711073,19.287822],[-103.711116,19.287612],[-103.711146,19.287402],[-103.711211,19.287216],[-103.711447,19.287022],[-103.711625,19.286888],[-103.711775,19.286757],[-103.711756,19.286612],[-103.71167,19.286413],[-103.711667,19.285974],[-103.711637,19.285469],[-103.711607,19.285177],[-103.711659,19.284988],[-103.71193,19.284836],[-103.71206,19.284738],[-103.712128,19.284552],[-103.712232,19.284255],[-103.712297,19.283988],[-103.712463,19.283794],[-103.712643,19.283613],[-103.712738,19.283519],[-103.71283,19.283477],[-103.712925,19.283451],[-103.713043,19.283416],[-103.713127,19.283352],[-103.713464,19.282595],[-103.713516,19.282412],[-103.713599,19.28231],[-103.713701,19.282251],[-103.713835,19.282185],[-103.713953,19.282081],[-103.714203,19.282029],[-103.714448,19.281925],[-103.714601,19.28183],[-103.714761,19.281603],[-103.714787,19.281446],[-103.714785,19.281368],[-103.714912,19.2809],[-103.71499,19.280675],[-103.715054,19.280585],[-103.715098,19.280522],[-103.715125,19.280405],[-103.715119,19.280306],[-103.71508,19.280146],[-103.714946,19.279809],[-103.714887,19.279661],[-103.714836,19.2796],[-103.714708,19.279455],[-103.714693,19.279377],[-103.714696,19.279299],[-103.71472,19.279142],[-103.714717,19.279022],[-103.714766,19.278914],[-103.714764,19.278746],[-103.714787,19.278623],[-103.714839,19.278524],[-103.714847,19.278256],[-103.714924,19.278088],[-103.714958,19.277788],[-103.714935,19.277523],[-103.714866,19.277408],[-103.714816,19.277348],[-103.714842,19.277258],[-103.714868,19.277168],[-103.714913,19.27706],[-103.714928,19.276813],[-103.714911,19.276579],[-103.714987,19.276483],[-103.715052,19.276303],[-103.715086,19.276027],[-103.715207,19.275979],[-103.715228,19.275721],[-103.715263,19.27567],[-103.715355,19.275639],[-103.715416,19.275569],[-103.715511,19.275485],[-103.715607,19.275384],[-103.715599,19.275278],[-103.715584,19.275146],[-103.715648,19.275026],[-103.715853,19.274766],[-103.715877,19.274735],[-103.715893,19.274714],[-103.715967,19.274619],[-103.716005,19.27457],[-103.716089,19.274461],[-103.716278,19.274198],[-103.716549,19.273935],[-103.716823,19.273781],[-103.717592,19.273473],[-103.717867,19.27349],[-103.718054,19.273434],[-103.718277,19.273283],[-103.718381,19.273075],[-103.718661,19.272798],[-103.719043,19.272346],[-103.719107,19.272013],[-103.719095,19.271908],[-103.719217,19.271734],[-103.71931,19.271645],[-103.719435,19.27145],[-103.719598,19.271151],[-103.719735,19.271058],[-103.719897,19.270993],[-103.71996,19.270894],[-103.719969,19.270874],[-103.720054,19.27082],[-103.720071,19.27072],[-103.720087,19.270622],[-103.720188,19.270397],[-103.720282,19.269986],[-103.72034,19.269833],[-103.720417,19.269776],[-103.720461,19.269578],[-103.720451,19.269411],[-103.720433,19.26931],[-103.720337,19.269159],[-103.720287,19.269056],[-103.720267,19.268917],[-103.720313,19.268835],[-103.720425,19.268777],[-103.720568,19.268645],[-103.720597,19.268504],[-103.720533,19.268305],[-103.720561,19.268183],[-103.720657,19.267996],[-103.720811,19.267835],[-103.720927,19.267628],[-103.721144,19.267444],[-103.721188,19.267243],[-103.721214,19.266982],[-103.721199,19.266728],[-103.72119,19.266574],[-103.720982,19.265947],[-103.720956,19.265739],[-103.721041,19.265568],[-103.72116,19.26541],[-103.721174,19.265385],[-103.721265,19.265212],[-103.721171,19.264996],[-103.721228,19.264757],[-103.721442,19.263885],[-103.72211,19.262159],[-103.722667,19.260905],[-103.722779,19.260597],[-103.721184,19.259406],[-103.720846,19.259142],[-103.719121,19.257831],[-103.718435,19.25731],[-103.718375,19.257265],[-103.716952,19.256183],[-103.716412,19.255783],[-103.715815,19.25534],[-103.714781,19.254573],[-103.714158,19.254111],[-103.71345,19.253586],[-103.71255,19.252918],[-103.712103,19.253443],[-103.711625,19.253999],[-103.711217,19.254477],[-103.710818,19.254944],[-103.710414,19.255416],[-103.710035,19.25586],[-103.709637,19.256326],[-103.709323,19.256693],[-103.709015,19.257053],[-103.708826,19.257274],[-103.708589,19.257551],[-103.707896,19.258362],[-103.707839,19.258428],[-103.707429,19.258907],[-103.707118,19.259271],[-103.707027,19.259378],[-103.706651,19.259818],[-103.706274,19.260259],[-103.705942,19.260656],[-103.705589,19.261078],[-103.705441,19.261255],[-103.704575,19.26229],[-103.703749,19.263315],[-103.70296,19.264292],[-103.700804,19.266964],[-103.700722,19.26708],[-103.698208,19.265838],[-103.697253,19.265377],[-103.696935,19.265185],[-103.696723,19.265044],[-103.695969,19.264417],[-103.69447,19.263172],[-103.69397,19.262756],[-103.694296,19.262519],[-103.69444,19.262401],[-103.694593,19.262222],[-103.694735,19.262047],[-103.694883,19.261823],[-103.694907,19.261689],[-103.694903,19.261505],[-103.694911,19.261431],[-103.694977,19.261331],[-103.695076,19.261265],[-103.695233,19.261199],[-103.695465,19.261064],[-103.695701,19.260894],[-103.695876,19.260709],[-103.695966,19.260501],[-103.696154,19.260218],[-103.696317,19.260045],[-103.696494,19.25997],[-103.696655,19.259956],[-103.696765,19.260007],[-103.696885,19.260078],[-103.697016,19.26015],[-103.697219,19.260212],[-103.697322,19.260212],[-103.697423,19.260177],[-103.697474,19.260075],[-103.697496,19.259919],[-103.697457,19.259792],[-103.697418,19.259603],[-103.697492,19.259429],[-103.69767,19.259208],[-103.697757,19.259027],[-103.697903,19.258732],[-103.698052,19.258341],[-103.698174,19.258146],[-103.698374,19.258028],[-103.698546,19.257924],[-103.698726,19.257793],[-103.699025,19.257597],[-103.69936,19.257194],[-103.699556,19.256861],[-103.699656,19.256546],[-103.699665,19.256492],[-103.699714,19.2562],[-103.699724,19.255881],[-103.699752,19.255527],[-103.699815,19.255404],[-103.699803,19.255333],[-103.699746,19.255294],[-103.699719,19.255254],[-103.699722,19.255186],[-103.699769,19.255026],[-103.699796,19.254838],[-103.699812,19.254758],[-103.699889,19.254743],[-103.700041,19.254673],[-103.700186,19.254523],[-103.70035,19.25451],[-103.700533,19.254382],[-103.700538,19.254175],[-103.700552,19.253951],[-103.700532,19.253624],[-103.700538,19.253317],[-103.700493,19.253167],[-103.700495,19.253033],[-103.700586,19.252921],[-103.700806,19.252728],[-103.700604,19.252504],[-103.700574,19.252458],[-103.700443,19.252287],[-103.700417,19.252259],[-103.700426,19.252201],[-103.700424,19.252142],[-103.700215,19.251881],[-103.700028,19.251998]]]}},{"type":"Feature","properties":{"distrito_l":10},"geometry":{"type":"Polygon","coordinates":[[[-103.91015,18.917111],[-103.90843,18.916312],[-103.907543,18.916263],[-103.907359,18.916582],[-103.907202,18.916867],[-103.907184,18.916882],[-103.907163,18.916887],[-103.90714,18.916887],[-103.907095,18.916876],[-103.907039,18.916852],[-103.90698,18.916836],[-103.906897,18.916822],[-103.906813,18.916822],[-103.906681,18.91683],[-103.906601,18.91683],[-103.906519,18.916834],[-103.906472,18.916833],[-103.906194,18.916825],[-103.905892,18.916813],[-103.905867,18.916812],[-103.905842,18.916812],[-103.905818,18.916812],[-103.905797,18.916813],[-103.905777,18.916813],[-103.905755,18.916812],[-103.905733,18.916813],[-103.90571,18.916812],[-103.905687,18.916812],[-103.905663,18.916812],[-103.905638,18.91681],[-103.905613,18.91681],[-103.905587,18.916808],[-103.905557,18.916808],[-103.905525,18.916807],[-103.905492,18.916805],[-103.905282,18.916803],[-103.90516,18.916805],[-103.905013,18.916799],[-103.904933,18.9168],[-103.904687,18.91678],[-103.904547,18.916773],[-103.904216,18.916767],[-103.903963,18.916759],[-103.903751,18.916755],[-103.903511,18.916749],[-103.903322,18.916737],[-103.902506,18.916721],[-103.901639,18.916697],[-103.899287,18.916628],[-103.899041,18.916644],[-103.898884,18.916638],[-103.898688,18.916631],[-103.898549,18.916621],[-103.89813,18.916612],[-103.897663,18.916596],[-103.897101,18.91659],[-103.896608,18.916585],[-103.896232,18.916574],[-103.896048,18.916557],[-103.895839,18.916554],[-103.894505,18.916516],[-103.89362,18.9165],[-103.89362,18.916525],[-103.893618,18.916583],[-103.89353,18.919944],[-103.89353,18.920008],[-103.892915,18.920013],[-103.892801,18.920011],[-103.892355,18.920006],[-103.891909,18.920007],[-103.89145,18.919999],[-103.891383,18.919998],[-103.89097,18.919987],[-103.890848,18.91999],[-103.890365,18.919978],[-103.890302,18.919978],[-103.88995,18.919967],[-103.889798,18.919967],[-103.889442,18.919966],[-103.888885,18.919952],[-103.888637,18.919948],[-103.888152,18.919926],[-103.887833,18.919917],[-103.887179,18.919879],[-103.88709,18.919878],[-103.88614,18.919848],[-103.885722,18.919829],[-103.885234,18.91982],[-103.884705,18.919805],[-103.884699,18.919492],[-103.884736,18.918444],[-103.884739,18.917416],[-103.884745,18.916402],[-103.884759,18.916271],[-103.884745,18.915889],[-103.88475,18.915056],[-103.884727,18.914318],[-103.883956,18.914203],[-103.883156,18.914087],[-103.883183,18.913108],[-103.883206,18.912119],[-103.883213,18.911039],[-103.883268,18.909894],[-103.882415,18.910125],[-103.881292,18.910464],[-103.880264,18.910761],[-103.879351,18.911014],[-103.879222,18.91105],[-103.878858,18.911075],[-103.878556,18.911049],[-103.878192,18.91101],[-103.87823,18.910027],[-103.877134,18.909877],[-103.875984,18.909728],[-103.874304,18.909503],[-103.873477,18.909404],[-103.872761,18.909306],[-103.872762,18.90935],[-103.872742,18.909719],[-103.872733,18.910051],[-103.872728,18.910115],[-103.872726,18.910192],[-103.872704,18.910706],[-103.872698,18.910774],[-103.872672,18.91149],[-103.872665,18.911638],[-103.872611,18.912484],[-103.871047,18.912231],[-103.870873,18.912193],[-103.870154,18.912058],[-103.869969,18.912034],[-103.869245,18.911936],[-103.867405,18.911638],[-103.867155,18.911599],[-103.866213,18.911453],[-103.86486,18.911329],[-103.863845,18.911224],[-103.863206,18.911138],[-103.86256,18.91106],[-103.861297,18.910882],[-103.859239,18.910624],[-103.859125,18.91061],[-103.859059,18.910602],[-103.859059,18.910635],[-103.859058,18.910729],[-103.859058,18.910807],[-103.859057,18.911043],[-103.859056,18.911125],[-103.859055,18.9119],[-103.859054,18.911981],[-103.859052,18.912492],[-103.859051,18.912752],[-103.859047,18.912825],[-103.859047,18.913319],[-103.859047,18.91335],[-103.859111,18.913368],[-103.859892,18.91347],[-103.860893,18.913619],[-103.862151,18.913787],[-103.862091,18.91416],[-103.862041,18.914492],[-103.86294,18.914582],[-103.863701,18.914669],[-103.864737,18.914752],[-103.86472,18.915218],[-103.866165,18.91541],[-103.866162,18.915948],[-103.866157,18.916397],[-103.866158,18.916644],[-103.866157,18.916844],[-103.866145,18.917345],[-103.867204,18.917573],[-103.868357,18.917821],[-103.869058,18.917969],[-103.870619,18.918302],[-103.872346,18.918664],[-103.872297,18.919681],[-103.872187,18.919934],[-103.872116,18.920095],[-103.872062,18.92022],[-103.87201,18.920337],[-103.871866,18.92066],[-103.871769,18.920875],[-103.871614,18.921217],[-103.871411,18.92166],[-103.871352,18.921789],[-103.870975,18.922551],[-103.870567,18.923506],[-103.870265,18.92424],[-103.869816,18.925389],[-103.869637,18.925804],[-103.869571,18.926011],[-103.869214,18.927022],[-103.869147,18.927212],[-103.869135,18.927242],[-103.869123,18.927273],[-103.869102,18.927337],[-103.869078,18.927398],[-103.869064,18.927436],[-103.869055,18.92746],[-103.869032,18.927522],[-103.869008,18.927583],[-103.868985,18.927645],[-103.868973,18.927676],[-103.868962,18.927707],[-103.868938,18.927767],[-103.868917,18.927823],[-103.868906,18.927852],[-103.868895,18.92788],[-103.868873,18.927935],[-103.868852,18.927992],[-103.86883,18.92805],[-103.868825,18.928068],[-103.868812,18.928113],[-103.868795,18.928177],[-103.868782,18.928237],[-103.868767,18.928302],[-103.868752,18.928368],[-103.868738,18.928437],[-103.868725,18.928507],[-103.86871,18.928578],[-103.868697,18.92865],[-103.868689,18.928686],[-103.868682,18.928722],[-103.868668,18.928793],[-103.868646,18.928916],[-103.868562,18.929377],[-103.868507,18.929683],[-103.868493,18.929753],[-103.868482,18.929825],[-103.86847,18.929897],[-103.868457,18.929968],[-103.868443,18.930038],[-103.86843,18.93011],[-103.868417,18.93018],[-103.868403,18.93025],[-103.868392,18.93032],[-103.86838,18.93039],[-103.868367,18.930462],[-103.868363,18.930488],[-103.867603,18.934017],[-103.867575,18.934097],[-103.866966,18.935848],[-103.86887,18.936194],[-103.868459,18.938802],[-103.868671,18.940582],[-103.866773,18.940784],[-103.867155,18.94124],[-103.867553,18.941719],[-103.87945,18.956078],[-103.880624,18.955181],[-103.886306,18.950843],[-103.886586,18.949442],[-103.886715,18.948815],[-103.88631,18.948565],[-103.887592,18.945173],[-103.888146,18.944772],[-103.888225,18.944467],[-103.888442,18.94384],[-103.888513,18.943834],[-103.888613,18.943827],[-103.888758,18.9438],[-103.888798,18.943787],[-103.888852,18.943767],[-103.888903,18.943745],[-103.888971,18.94371],[-103.889028,18.943681],[-103.88908,18.943648],[-103.889125,18.943619],[-103.889171,18.94358],[-103.889217,18.943542],[-103.889279,18.943483],[-103.88938,18.943381],[-103.889484,18.943281],[-103.889598,18.94318],[-103.889706,18.943083],[-103.889809,18.942983],[-103.889911,18.942878],[-103.890014,18.942777],[-103.890118,18.942675],[-103.890225,18.942574],[-103.890337,18.942473],[-103.890446,18.942372],[-103.890558,18.94227],[-103.890664,18.942167],[-103.890768,18.942066],[-103.890867,18.941967],[-103.890964,18.941866],[-103.891062,18.941764],[-103.891161,18.941666],[-103.891266,18.941573],[-103.891376,18.941487],[-103.891494,18.941408],[-103.89162,18.941335],[-103.891755,18.941265],[-103.891891,18.941204],[-103.891976,18.941172],[-103.892673,18.940902],[-103.893378,18.940642],[-103.893788,18.940486],[-103.894195,18.940326],[-103.894364,18.940262],[-103.894405,18.940254],[-103.894424,18.940247],[-103.89444,18.940233],[-103.894451,18.940214],[-103.894457,18.940186],[-103.89446,18.940149],[-103.894468,18.940095],[-103.89449,18.940035],[-103.894514,18.939994],[-103.894543,18.939961],[-103.894574,18.939944],[-103.894608,18.939928],[-103.894658,18.939918],[-103.894703,18.939915],[-103.894758,18.939928],[-103.894813,18.939955],[-103.894859,18.939989],[-103.894909,18.940024],[-103.895,18.940024],[-103.895052,18.940025],[-103.8951,18.940026],[-103.895153,18.940025],[-103.895208,18.940021],[-103.895284,18.940014],[-103.895373,18.940001],[-103.895488,18.939987],[-103.895587,18.939976],[-103.895667,18.939964],[-103.895766,18.939948],[-103.895882,18.93993],[-103.895988,18.939913],[-103.896113,18.939893],[-103.896236,18.939872],[-103.896346,18.939852],[-103.896425,18.939839],[-103.896508,18.939825],[-103.8967,18.939787],[-103.896845,18.939765],[-103.896993,18.939743],[-103.897143,18.93972],[-103.897293,18.9397],[-103.897442,18.939677],[-103.897592,18.939657],[-103.89774,18.939637],[-103.897887,18.939613],[-103.898032,18.939592],[-103.898178,18.939567],[-103.898325,18.939537],[-103.898468,18.939502],[-103.898616,18.939457],[-103.898747,18.939408],[-103.898882,18.939353],[-103.899013,18.93929],[-103.899143,18.939215],[-103.899265,18.939135],[-103.899382,18.939048],[-103.899497,18.938952],[-103.899602,18.938853],[-103.899702,18.938747],[-103.899795,18.93863],[-103.899882,18.938507],[-103.899955,18.938378],[-103.900015,18.938242],[-103.90006,18.9381],[-103.900095,18.937955],[-103.900122,18.93781],[-103.900145,18.937663],[-103.900163,18.937515],[-103.900177,18.937365],[-103.900187,18.937215],[-103.900195,18.937065],[-103.900203,18.936913],[-103.900212,18.936763],[-103.900223,18.936613],[-103.900233,18.936462],[-103.900243,18.936312],[-103.900253,18.936162],[-103.900265,18.936012],[-103.900273,18.93586],[-103.900282,18.93571],[-103.900292,18.93556],[-103.9003,18.93541],[-103.90031,18.935262],[-103.900318,18.93511],[-103.900327,18.934958],[-103.900335,18.934807],[-103.900345,18.934653],[-103.900355,18.9345],[-103.900363,18.934348],[-103.900372,18.934195],[-103.900382,18.934043],[-103.90039,18.93389],[-103.900398,18.933735],[-103.900407,18.933582],[-103.900413,18.933427],[-103.900422,18.933272],[-103.900432,18.933117],[-103.90044,18.932965],[-103.90045,18.932813],[-103.90046,18.932662],[-103.90047,18.932512],[-103.90048,18.932362],[-103.900488,18.932213],[-103.900498,18.932062],[-103.900507,18.931913],[-103.900515,18.931765],[-103.900525,18.931615],[-103.900533,18.931468],[-103.900543,18.931322],[-103.900552,18.931175],[-103.900562,18.931025],[-103.900568,18.93088],[-103.900577,18.930737],[-103.900585,18.930592],[-103.900592,18.930448],[-103.900598,18.930307],[-103.900607,18.930165],[-103.900612,18.930049],[-103.900613,18.930025],[-103.900622,18.929882],[-103.900632,18.92974],[-103.90064,18.929598],[-103.900653,18.929455],[-103.900665,18.929312],[-103.900678,18.92917],[-103.900695,18.929027],[-103.900717,18.928887],[-103.900742,18.928743],[-103.900768,18.928602],[-103.900778,18.928555],[-103.900798,18.928463],[-103.900832,18.928325],[-103.90087,18.928185],[-103.90091,18.928048],[-103.900952,18.927913],[-103.900983,18.927815],[-103.900995,18.927778],[-103.901043,18.927642],[-103.901095,18.927505],[-103.90115,18.927372],[-103.901207,18.92724],[-103.901263,18.92711],[-103.901323,18.926978],[-103.901388,18.926848],[-103.90146,18.926722],[-103.901533,18.926593],[-103.901608,18.926465],[-103.901682,18.926337],[-103.901755,18.926208],[-103.901828,18.92608],[-103.9019,18.925953],[-103.901915,18.925927],[-103.901973,18.925823],[-103.902006,18.925766],[-103.902047,18.925695],[-103.902118,18.925567],[-103.902192,18.92544],[-103.902237,18.925361],[-103.902263,18.925315],[-103.902338,18.925187],[-103.90241,18.925058],[-103.902485,18.924928],[-103.902558,18.9248],[-103.902632,18.924672],[-103.902705,18.924545],[-103.902777,18.924415],[-103.90284,18.924305],[-103.90285,18.924287],[-103.902874,18.924245],[-103.902888,18.924219],[-103.902923,18.924158],[-103.902998,18.92403],[-103.90307,18.923902],[-103.903142,18.923772],[-103.903215,18.923642],[-103.903288,18.92351],[-103.903358,18.923382],[-103.903432,18.923255],[-103.90349,18.923155],[-103.903507,18.923127],[-103.903582,18.922997],[-103.903657,18.922865],[-103.90373,18.922735],[-103.903803,18.922605],[-103.903877,18.922477],[-103.903952,18.922347],[-103.904027,18.922217],[-103.904103,18.922087],[-103.904178,18.921955],[-103.904253,18.921828],[-103.904327,18.9217],[-103.904402,18.921573],[-103.904472,18.921445],[-103.904543,18.921318],[-103.904613,18.921188],[-103.904687,18.921058],[-103.905852,18.920985],[-103.912047,18.920555],[-103.91239,18.918152],[-103.912056,18.917997],[-103.91015,18.917111]]]}},{"type":"Feature","properties":{"distrito_l":5},"geometry":{"type":"Polygon","coordinates":[[[-103.807175,19.077433],[-103.807147,19.112665],[-103.808135,19.113151],[-103.809126,19.114048],[-103.81041,19.115313],[-103.811346,19.11654],[-103.812108,19.117603],[-103.813273,19.118499],[-103.814383,19.119765],[-103.814971,19.120912],[-103.815089,19.121199],[-103.804882,19.133143],[-103.801624,19.136955],[-103.801575,19.137012],[-103.798614,19.140477],[-103.79843,19.140686],[-103.798005,19.141188],[-103.797959,19.141242],[-103.797804,19.141424],[-103.797511,19.141767],[-103.795863,19.143694],[-103.795682,19.143907],[-103.793638,19.146297],[-103.793578,19.146367],[-103.793488,19.146473],[-103.784662,19.156795],[-103.784459,19.157033],[-103.784401,19.157101],[-103.784332,19.157182],[-103.781245,19.160793],[-103.780904,19.177878],[-103.780889,19.17864],[-103.780851,19.180545],[-103.780182,19.202143],[-103.780165,19.202997],[-103.780117,19.203909],[-103.78008,19.204599],[-103.780015,19.205961],[-103.779972,19.206646],[-103.779945,19.206847],[-103.778252,19.219419],[-103.778875,19.221716],[-103.779294,19.224307],[-103.779481,19.226236],[-103.779309,19.227303],[-103.779205,19.227806],[-103.779073,19.228283],[-103.778977,19.228873],[-103.778929,19.229228],[-103.778872,19.229857],[-103.778859,19.230001],[-103.778773,19.230521],[-103.778744,19.230777],[-103.778806,19.230978],[-103.778892,19.23116],[-103.778992,19.231434],[-103.779022,19.231463],[-103.779693,19.231863],[-103.780264,19.232121],[-103.780663,19.232302],[-103.780729,19.232331],[-103.780593,19.232744],[-103.780368,19.233424],[-103.779814,19.23343],[-103.77887,19.233439],[-103.778874,19.233563],[-103.778931,19.235095],[-103.778971,19.235132],[-103.779009,19.235172],[-103.779011,19.235244],[-103.778968,19.235328],[-103.778894,19.235385],[-103.778822,19.23542],[-103.777395,19.23592],[-103.776786,19.236134],[-103.775652,19.236504],[-103.775359,19.2366],[-103.775273,19.236635],[-103.775273,19.236635],[-103.774923,19.236778],[-103.774923,19.236778],[-103.774334,19.236942],[-103.773345,19.237224],[-103.772187,19.237554],[-103.77193,19.23762],[-103.771884,19.237633],[-103.771815,19.237654],[-103.771868,19.23781],[-103.771827,19.237822],[-103.771386,19.237949],[-103.771024,19.238016],[-103.77102,19.238017],[-103.770441,19.238079],[-103.770257,19.238106],[-103.769814,19.238163],[-103.769576,19.238191],[-103.769349,19.238204],[-103.769108,19.238219],[-103.769034,19.238225],[-103.768839,19.238243],[-103.768196,19.238323],[-103.768056,19.238375],[-103.768016,19.238389],[-103.767954,19.238412],[-103.767904,19.238431],[-103.767892,19.238435],[-103.767776,19.238477],[-103.767703,19.238515],[-103.767696,19.238519],[-103.767643,19.238518],[-103.767381,19.238557],[-103.767209,19.238674],[-103.766993,19.238784],[-103.766937,19.238823],[-103.766586,19.239067],[-103.766134,19.23928],[-103.765642,19.239485],[-103.765255,19.239649],[-103.764816,19.239852],[-103.764724,19.239895],[-103.764415,19.240024],[-103.764184,19.240107],[-103.763669,19.240294],[-103.763572,19.240332],[-103.7631,19.240522],[-103.76278,19.24065],[-103.762735,19.240667],[-103.762079,19.240942],[-103.761821,19.241088],[-103.761267,19.241397],[-103.760933,19.241607],[-103.760904,19.2417],[-103.760885,19.241762],[-103.760805,19.241967],[-103.760658,19.242341],[-103.760579,19.242544],[-103.760506,19.24273],[-103.760321,19.243201],[-103.760162,19.243608],[-103.760007,19.244003],[-103.759339,19.243762],[-103.75931,19.243752],[-103.75928,19.243742],[-103.759266,19.243781],[-103.759153,19.244097],[-103.759119,19.244192],[-103.759005,19.244516],[-103.758971,19.244549],[-103.75969,19.244813],[-103.759526,19.24523],[-103.759374,19.245621],[-103.760584,19.246032],[-103.761693,19.246426],[-103.761834,19.246477],[-103.761817,19.246573],[-103.761763,19.246677],[-103.761619,19.246729],[-103.761513,19.246787],[-103.761479,19.246825],[-103.761405,19.246905],[-103.761375,19.246985],[-103.761349,19.247068],[-103.76136,19.247117],[-103.761378,19.247172],[-103.761392,19.247218],[-103.761421,19.247298],[-103.761529,19.24749],[-103.761594,19.247612],[-103.761605,19.247713],[-103.761552,19.247811],[-103.7615,19.247908],[-103.761445,19.248019],[-103.761372,19.248082],[-103.76138,19.248105],[-103.761387,19.248128],[-103.761473,19.24815],[-103.761492,19.248182],[-103.761599,19.248364],[-103.761666,19.248439],[-103.76172,19.248505],[-103.761816,19.248577],[-103.761899,19.248679],[-103.761981,19.248791],[-103.762063,19.248885],[-103.762152,19.248989],[-103.762224,19.249088],[-103.762276,19.249166],[-103.762566,19.249494],[-103.762646,19.249629],[-103.762699,19.249748],[-103.762731,19.249886],[-103.762744,19.250068],[-103.762731,19.2502],[-103.762715,19.250278],[-103.762668,19.250407],[-103.762529,19.250761],[-103.762137,19.251634],[-103.761203,19.253728],[-103.762583,19.254467],[-103.762775,19.254558],[-103.76341,19.254857],[-103.763561,19.2549],[-103.764302,19.255229],[-103.76614,19.255952],[-103.768141,19.256742],[-103.768087,19.256861],[-103.769231,19.257393],[-103.770354,19.257906],[-103.771249,19.258358],[-103.77155,19.258348],[-103.771596,19.258103],[-103.771787,19.258174],[-103.771836,19.258007],[-103.771865,19.257844],[-103.771876,19.257784],[-103.771915,19.257445],[-103.772082,19.257465],[-103.772806,19.258022],[-103.773337,19.258439],[-103.773756,19.258867],[-103.774381,19.259339],[-103.774407,19.259416],[-103.774577,19.259479],[-103.774605,19.259401],[-103.775594,19.259705],[-103.776712,19.260058],[-103.777338,19.260259],[-103.777309,19.260352],[-103.777895,19.260543],[-103.778386,19.260691],[-103.778441,19.260829],[-103.777073,19.264686],[-103.77725,19.264733],[-103.777291,19.264744],[-103.778592,19.265116],[-103.779835,19.265493],[-103.77977,19.265714],[-103.779662,19.266076],[-103.779616,19.266226],[-103.782214,19.267026],[-103.781806,19.268156],[-103.78135,19.269434],[-103.781053,19.270218],[-103.780769,19.271036],[-103.780667,19.271],[-103.780415,19.270888],[-103.780183,19.2708],[-103.779359,19.270292],[-103.778231,19.269596],[-103.777542,19.269222],[-103.77706,19.268962],[-103.776002,19.268431],[-103.775918,19.268619],[-103.775734,19.268912],[-103.775512,19.269237],[-103.775309,19.269583],[-103.775108,19.269909],[-103.774899,19.270248],[-103.774689,19.270584],[-103.774527,19.270886],[-103.774325,19.271255],[-103.774119,19.27157],[-103.773886,19.271909],[-103.773543,19.272491],[-103.773309,19.272854],[-103.773296,19.272877],[-103.773051,19.272742],[-103.772391,19.272355],[-103.771896,19.272071],[-103.770529,19.271281],[-103.770331,19.271164],[-103.770234,19.271107],[-103.770062,19.271046],[-103.769802,19.271422],[-103.76868,19.273126],[-103.768369,19.272966],[-103.767839,19.272723],[-103.76719,19.272357],[-103.766666,19.272107],[-103.765478,19.271482],[-103.764392,19.270991],[-103.763601,19.270583],[-103.762835,19.270287],[-103.762702,19.270233],[-103.762633,19.270389],[-103.762138,19.270096],[-103.76188,19.269975],[-103.761791,19.270113],[-103.761729,19.270146],[-103.76131,19.269965],[-103.761028,19.269831],[-103.760642,19.269625],[-103.759544,19.268955],[-103.759207,19.268748],[-103.758917,19.268557],[-103.758949,19.268446],[-103.758358,19.268068],[-103.757754,19.267679],[-103.75773,19.267722],[-103.757624,19.267675],[-103.756623,19.267062],[-103.755386,19.26627],[-103.755208,19.266169],[-103.756138,19.264954],[-103.755871,19.264794],[-103.755636,19.264945],[-103.755465,19.265067],[-103.755101,19.265323],[-103.754789,19.26556],[-103.754721,19.265599],[-103.754619,19.265668],[-103.754464,19.265733],[-103.754249,19.265815],[-103.754003,19.265935],[-103.753952,19.265975],[-103.753843,19.266066],[-103.753818,19.266101],[-103.753648,19.266382],[-103.752681,19.265917],[-103.75155,19.265373],[-103.750117,19.26474],[-103.749452,19.264446],[-103.74943,19.264436],[-103.748742,19.264132],[-103.748036,19.26382],[-103.747324,19.263505],[-103.746619,19.263193],[-103.746244,19.263954],[-103.745887,19.264681],[-103.745699,19.265003],[-103.745526,19.2653],[-103.745343,19.265614],[-103.74516,19.265927],[-103.74498,19.266237],[-103.744829,19.266494],[-103.744607,19.266876],[-103.744494,19.267069],[-103.744321,19.267367],[-103.744184,19.267602],[-103.745515,19.26833],[-103.74521,19.268878],[-103.744868,19.269492],[-103.746006,19.270164],[-103.746152,19.27025],[-103.746386,19.270386],[-103.746795,19.270629],[-103.74735,19.270959],[-103.748094,19.271396],[-103.748163,19.271437],[-103.748602,19.271696],[-103.749112,19.271997],[-103.749499,19.272225],[-103.75018,19.272668],[-103.75065,19.272938],[-103.751579,19.273311],[-103.751877,19.273426],[-103.751958,19.273457],[-103.752098,19.27351],[-103.752243,19.273565],[-103.752327,19.273596],[-103.752373,19.273613],[-103.752492,19.273653],[-103.752618,19.273693],[-103.752728,19.273735],[-103.752882,19.27379],[-103.752973,19.273823],[-103.753072,19.273862],[-103.753177,19.273898],[-103.753282,19.273935],[-103.75339,19.273975],[-103.753498,19.274017],[-103.753612,19.274057],[-103.753733,19.2741],[-103.753853,19.274142],[-103.753977,19.274187],[-103.754103,19.274233],[-103.754233,19.274282],[-103.754365,19.274332],[-103.754497,19.274382],[-103.754628,19.274428],[-103.754758,19.274477],[-103.754893,19.274527],[-103.755027,19.274577],[-103.755158,19.274625],[-103.755287,19.274673],[-103.755417,19.274722],[-103.755545,19.274768],[-103.75567,19.274815],[-103.755792,19.274862],[-103.75591,19.274905],[-103.756025,19.27495],[-103.756143,19.274992],[-103.756255,19.275032],[-103.756357,19.27507],[-103.756523,19.275133],[-103.756587,19.275156],[-103.75665,19.275178],[-103.75677,19.275223],[-103.75688,19.275262],[-103.757002,19.275308],[-103.757152,19.275365],[-103.757333,19.275435],[-103.75743,19.27547],[-103.757535,19.27551],[-103.758313,19.275735],[-103.75848,19.275797],[-103.758645,19.275858],[-103.759135,19.27604],[-103.759297,19.276098],[-103.759457,19.276157],[-103.75962,19.27622],[-103.759942,19.276343],[-103.7601,19.276405],[-103.760255,19.276467],[-103.760341,19.276499],[-103.760517,19.276555],[-103.760519,19.27678],[-103.760559,19.276831],[-103.760678,19.276899],[-103.760824,19.277173],[-103.761016,19.277622],[-103.761049,19.277763],[-103.761095,19.277889],[-103.761139,19.277959],[-103.761138,19.278071],[-103.761123,19.278285],[-103.761104,19.278407],[-103.76108,19.278535],[-103.761061,19.278675],[-103.761035,19.279156],[-103.761023,19.27933],[-103.761086,19.279484],[-103.76106,19.279657],[-103.761024,19.27981],[-103.760943,19.279994],[-103.760817,19.280244],[-103.760569,19.280544],[-103.760501,19.280651],[-103.760478,19.280739],[-103.760457,19.28092],[-103.760399,19.281057],[-103.760334,19.281228],[-103.760227,19.281378],[-103.760081,19.281532],[-103.759944,19.281659],[-103.759804,19.281847],[-103.759688,19.282039],[-103.759607,19.28223],[-103.759572,19.282342],[-103.759537,19.2826],[-103.759604,19.28276],[-103.759618,19.282934],[-103.759603,19.283064],[-103.759515,19.28327],[-103.759414,19.283339],[-103.759347,19.283532],[-103.75932,19.283752],[-103.759294,19.283912],[-103.759214,19.284082],[-103.759108,19.284233],[-103.759015,19.284366],[-103.758935,19.284443],[-103.758846,19.284498],[-103.75872,19.284593],[-103.758671,19.284648],[-103.758594,19.284705],[-103.758587,19.284776],[-103.758559,19.284844],[-103.758575,19.285082],[-103.758599,19.2853],[-103.758637,19.285453],[-103.758723,19.285676],[-103.758746,19.285721],[-103.758891,19.285708],[-103.758961,19.285941],[-103.759031,19.28622],[-103.759375,19.286304],[-103.760346,19.28659],[-103.761915,19.287064],[-103.76189,19.287108],[-103.764644,19.287998],[-103.764811,19.288105],[-103.764984,19.288231],[-103.765012,19.288375],[-103.76504,19.28852],[-103.764981,19.288726],[-103.764944,19.288839],[-103.764236,19.289993],[-103.764289,19.290095],[-103.765145,19.290296],[-103.765607,19.290589],[-103.766028,19.290837],[-103.766174,19.290945],[-103.76624,19.291379],[-103.766926,19.291939],[-103.770424,19.286541],[-103.770528,19.286693],[-103.771057,19.287125],[-103.772439,19.288253],[-103.77422,19.289694],[-103.77462,19.28904],[-103.77507,19.288204],[-103.776848,19.289217],[-103.776496,19.289775],[-103.776268,19.290216],[-103.775831,19.290958],[-103.775369,19.290599],[-103.771435,19.294738],[-103.767257,19.299132],[-103.76357,19.297424],[-103.762351,19.299339],[-103.769066,19.302516],[-103.769692,19.302812],[-103.769844,19.302884],[-103.771852,19.303833],[-103.772408,19.304096],[-103.772674,19.304222],[-103.778088,19.306782],[-103.778746,19.307093],[-103.78133,19.308315],[-103.787137,19.311061],[-103.788838,19.311865],[-103.789336,19.312105],[-103.790256,19.312549],[-103.793514,19.314121],[-103.798067,19.316321],[-103.809697,19.321937],[-103.810265,19.322212],[-103.81424,19.324428],[-103.814409,19.324522],[-103.814815,19.324748],[-103.816417,19.325517],[-103.81689,19.325744],[-103.820428,19.327441],[-103.831115,19.332569],[-103.831309,19.332663],[-103.856738,19.344859],[-103.872554,19.35613],[-103.900663,19.37614],[-103.939973,19.36151],[-103.940643,19.361261],[-103.963124,19.352889],[-103.965807,19.351889],[-103.966473,19.351641],[-103.973921,19.348866],[-103.974816,19.348533],[-103.978722,19.347078],[-103.991673,19.342252],[-104.010774,19.335181],[-104.027304,19.329059],[-104.028157,19.316029],[-104.02994,19.288745],[-104.03174,19.254295],[-104.031831,19.252555],[-104.066757,19.236633],[-104.06071,19.207264],[-104.060032,19.20397],[-104.057728,19.192778],[-104.058658,19.187331],[-104.061926,19.168195],[-104.066646,19.14055],[-104.067131,19.137705],[-104.067817,19.133689],[-104.056016,19.131306],[-104.020803,19.124189],[-104.020293,19.124084],[-103.97989,19.115912],[-103.944203,19.108683],[-103.935055,19.117352],[-103.934979,19.117423],[-103.934213,19.11815],[-103.916978,19.133437],[-103.907024,19.134098],[-103.890556,19.135174],[-103.887533,19.135372],[-103.88661,19.134497],[-103.886292,19.133615],[-103.88604,19.132759],[-103.885758,19.131519],[-103.8853,19.1304],[-103.884867,19.129472],[-103.884506,19.127912],[-103.884195,19.125446],[-103.883608,19.124505],[-103.883838,19.123069],[-103.883938,19.122445],[-103.884562,19.120959],[-103.884783,19.119641],[-103.88454,19.118367],[-103.884413,19.117093],[-103.884694,19.116062],[-103.884982,19.115895],[-103.885707,19.114842],[-103.885954,19.114483],[-103.885874,19.11348],[-103.885834,19.112984],[-103.8858,19.112555],[-103.885695,19.111241],[-103.886211,19.110702],[-103.887016,19.110037],[-103.887438,19.109815],[-103.888054,19.109493],[-103.888802,19.108993],[-103.89237,19.106536],[-103.894273,19.105656],[-103.895882,19.104244],[-103.897088,19.103164],[-103.897835,19.100598],[-103.897432,19.100336],[-103.896855,19.099795],[-103.896454,19.099007],[-103.895995,19.098302],[-103.895653,19.097981],[-103.895419,19.097761],[-103.89531,19.096687],[-103.89526,19.095282],[-103.895128,19.093396],[-103.894428,19.093784],[-103.890371,19.096036],[-103.888468,19.097087],[-103.888345,19.097155],[-103.884053,19.099527],[-103.883941,19.099589],[-103.881973,19.100677],[-103.858045,19.113898],[-103.859112,19.096923],[-103.860016,19.082551],[-103.860111,19.08105],[-103.860698,19.071714],[-103.862333,19.045698],[-103.859128,19.044818],[-103.844874,19.040905],[-103.843483,19.040906],[-103.821092,19.041091],[-103.807203,19.040922],[-103.807175,19.077433]]]}},{"type":"Feature","properties":{"distrito_l":1},"geometry":{"type":"Polygon","coordinates":[[[-103.729409,19.229961],[-103.729404,19.229848],[-103.729397,19.229727],[-103.729484,19.229425],[-103.72953,19.229266],[-103.729554,19.229183],[-103.729564,19.22915],[-103.729892,19.228018],[-103.729964,19.22777],[-103.730008,19.227617],[-103.730094,19.22743],[-103.730277,19.227033],[-103.730303,19.226976],[-103.730802,19.226145],[-103.731411,19.225251],[-103.731756,19.224685],[-103.732019,19.224304],[-103.732219,19.223995],[-103.732355,19.22377],[-103.732434,19.22364],[-103.732474,19.223575],[-103.732533,19.223483],[-103.732625,19.223339],[-103.73273,19.223176],[-103.732852,19.222985],[-103.732936,19.222853],[-103.733039,19.222693],[-103.733125,19.222559],[-103.73325,19.222363],[-103.733736,19.221604],[-103.733875,19.221387],[-103.733973,19.221241],[-103.734057,19.22114],[-103.734135,19.221051],[-103.734167,19.220997],[-103.734181,19.220974],[-103.734535,19.220385],[-103.73457,19.220265],[-103.734589,19.220238],[-103.734629,19.220178],[-103.734641,19.220151],[-103.734653,19.220116],[-103.73466,19.220061],[-103.734893,19.219846],[-103.737629,19.215576],[-103.73778,19.215342],[-103.737924,19.21513],[-103.738069,19.214918],[-103.737832,19.215198],[-103.737679,19.215293],[-103.737444,19.2154],[-103.737197,19.215464],[-103.736996,19.215477],[-103.736862,19.215486],[-103.735883,19.215365],[-103.733558,19.215013],[-103.732341,19.214892],[-103.732256,19.214883],[-103.732138,19.214887],[-103.731915,19.214893],[-103.731847,19.2149],[-103.730692,19.215012],[-103.730622,19.215019],[-103.730234,19.215001],[-103.730003,19.21499],[-103.729491,19.214912],[-103.729009,19.214779],[-103.728982,19.214766],[-103.728573,19.214561],[-103.72842,19.214484],[-103.728063,19.214167],[-103.727804,19.213938],[-103.727338,19.213531],[-103.726903,19.213257],[-103.726569,19.21307],[-103.726227,19.212933],[-103.725803,19.212819],[-103.72557,19.212791],[-103.725338,19.212764],[-103.724859,19.21277],[-103.724734,19.212771],[-103.724238,19.212775],[-103.723521,19.21282],[-103.72261,19.212878],[-103.722253,19.2129],[-103.721884,19.212923],[-103.721512,19.212947],[-103.72113,19.212967],[-103.720609,19.212995],[-103.720112,19.213104],[-103.719876,19.213191],[-103.719646,19.213301],[-103.719429,19.213457],[-103.719222,19.213632],[-103.718954,19.213913],[-103.717783,19.215398],[-103.717758,19.21543],[-103.717677,19.215531],[-103.717527,19.215723],[-103.716929,19.216482],[-103.715761,19.217963],[-103.715521,19.217799],[-103.71515,19.217543],[-103.714569,19.216533],[-103.714454,19.215902],[-103.713676,19.216505],[-103.713263,19.215767],[-103.711463,19.216627],[-103.710989,19.216853],[-103.710285,19.217209],[-103.709237,19.21821],[-103.708899,19.218529],[-103.708786,19.218676],[-103.708354,19.219237],[-103.707435,19.221446],[-103.706417,19.221091],[-103.705325,19.22071],[-103.704202,19.220318],[-103.702993,19.219897],[-103.702949,19.219881],[-103.702498,19.22025],[-103.702231,19.220591],[-103.701943,19.221232],[-103.701494,19.221829],[-103.701327,19.222014],[-103.701226,19.222081],[-103.701138,19.222134],[-103.700983,19.222374],[-103.700926,19.222477],[-103.700751,19.22247],[-103.700683,19.222452],[-103.700611,19.222407],[-103.700446,19.222382],[-103.700242,19.22241],[-103.700079,19.222433],[-103.700032,19.222501],[-103.699962,19.222637],[-103.699927,19.222761],[-103.699866,19.222885],[-103.699787,19.223057],[-103.699755,19.223146],[-103.699701,19.223285],[-103.699652,19.223326],[-103.699603,19.223368],[-103.69954,19.223406],[-103.69944,19.223441],[-103.699308,19.22355],[-103.699239,19.22362],[-103.699169,19.223688],[-103.699075,19.223741],[-103.69895,19.223767],[-103.698837,19.223802],[-103.698767,19.223828],[-103.698691,19.223854],[-103.698626,19.223877],[-103.698555,19.223896],[-103.698456,19.223931],[-103.698238,19.223857],[-103.698102,19.223897],[-103.697696,19.22465],[-103.69764,19.224793],[-103.697628,19.225056],[-103.697701,19.225065],[-103.697743,19.225071],[-103.697856,19.225174],[-103.697943,19.225295],[-103.697945,19.225347],[-103.697941,19.225503],[-103.69795,19.225675],[-103.697936,19.225806],[-103.69791,19.225892],[-103.697872,19.22599],[-103.697675,19.226321],[-103.6975,19.226663],[-103.697322,19.227017],[-103.697293,19.227043],[-103.697165,19.227181],[-103.697062,19.227381],[-103.697045,19.227435],[-103.697014,19.227538],[-103.697003,19.227667],[-103.696995,19.227826],[-103.696994,19.227966],[-103.697016,19.228115],[-103.697031,19.228166],[-103.697113,19.228434],[-103.697122,19.22859],[-103.697128,19.228695],[-103.697034,19.228829],[-103.69702,19.228848],[-103.697042,19.229492],[-103.697036,19.22993],[-103.69703,19.230377],[-103.697025,19.230787],[-103.697087,19.230812],[-103.697148,19.230837],[-103.697169,19.230891],[-103.697184,19.231194],[-103.697186,19.231279],[-103.697159,19.231623],[-103.697157,19.231649],[-103.697066,19.232071],[-103.696975,19.232488],[-103.696913,19.232775],[-103.696772,19.233197],[-103.696634,19.233612],[-103.696454,19.234151],[-103.696299,19.234617],[-103.696129,19.235127],[-103.695822,19.236046],[-103.698017,19.236066],[-103.697918,19.236188],[-103.697318,19.236926],[-103.696815,19.237543],[-103.696799,19.237563],[-103.696286,19.238193],[-103.695828,19.238757],[-103.695538,19.239112],[-103.695403,19.239278],[-103.695245,19.239473],[-103.695132,19.239612],[-103.694976,19.239803],[-103.694897,19.2399],[-103.694623,19.240237],[-103.695368,19.240285],[-103.695401,19.240287],[-103.695509,19.240292],[-103.695706,19.240372],[-103.696197,19.240728],[-103.696927,19.241256],[-103.697153,19.24142],[-103.697479,19.241656],[-103.697643,19.241775],[-103.697989,19.242025],[-103.698366,19.242297],[-103.698429,19.242343],[-103.698935,19.24271],[-103.698709,19.243073],[-103.698683,19.243114],[-103.698138,19.243991],[-103.698055,19.244124],[-103.697573,19.244885],[-103.696931,19.245899],[-103.696898,19.24595],[-103.696881,19.245976],[-103.696745,19.246192],[-103.696327,19.246852],[-103.696146,19.247137],[-103.695834,19.247629],[-103.695242,19.248563],[-103.695059,19.248853],[-103.695718,19.249336],[-103.69609,19.249608],[-103.696769,19.250106],[-103.697462,19.250606],[-103.698292,19.251056],[-103.699079,19.251483],[-103.700028,19.251998],[-103.700215,19.251881],[-103.700424,19.252142],[-103.700426,19.252201],[-103.700417,19.252259],[-103.700443,19.252287],[-103.700574,19.252458],[-103.700604,19.252504],[-103.700806,19.252728],[-103.700586,19.252921],[-103.700495,19.253033],[-103.700493,19.253167],[-103.700538,19.253317],[-103.700532,19.253624],[-103.700552,19.253951],[-103.700538,19.254175],[-103.700533,19.254382],[-103.70035,19.25451],[-103.700186,19.254523],[-103.700041,19.254673],[-103.699889,19.254743],[-103.699812,19.254758],[-103.699796,19.254838],[-103.699769,19.255026],[-103.699722,19.255186],[-103.699719,19.255254],[-103.699746,19.255294],[-103.699803,19.255333],[-103.699815,19.255404],[-103.699752,19.255527],[-103.699724,19.255881],[-103.699714,19.2562],[-103.699665,19.256492],[-103.699656,19.256546],[-103.699556,19.256861],[-103.69936,19.257194],[-103.699025,19.257597],[-103.698726,19.257793],[-103.698546,19.257924],[-103.698374,19.258028],[-103.698174,19.258146],[-103.698052,19.258341],[-103.697903,19.258732],[-103.697757,19.259027],[-103.69767,19.259208],[-103.697492,19.259429],[-103.697418,19.259603],[-103.697457,19.259792],[-103.697496,19.259919],[-103.697474,19.260075],[-103.697423,19.260177],[-103.697322,19.260212],[-103.697219,19.260212],[-103.697016,19.26015],[-103.696885,19.260078],[-103.696765,19.260007],[-103.696655,19.259956],[-103.696494,19.25997],[-103.696317,19.260045],[-103.696154,19.260218],[-103.695966,19.260501],[-103.695876,19.260709],[-103.695701,19.260894],[-103.695465,19.261064],[-103.695233,19.261199],[-103.695076,19.261265],[-103.694977,19.261331],[-103.694911,19.261431],[-103.694903,19.261505],[-103.694907,19.261689],[-103.694883,19.261823],[-103.694735,19.262047],[-103.694593,19.262222],[-103.69444,19.262401],[-103.694296,19.262519],[-103.69397,19.262756],[-103.69447,19.263172],[-103.695969,19.264417],[-103.696723,19.265044],[-103.696935,19.265185],[-103.697253,19.265377],[-103.698208,19.265838],[-103.700722,19.26708],[-103.700804,19.266964],[-103.70296,19.264292],[-103.703749,19.263315],[-103.704575,19.26229],[-103.705441,19.261255],[-103.705589,19.261078],[-103.705942,19.260656],[-103.706274,19.260259],[-103.706651,19.259818],[-103.707027,19.259378],[-103.707118,19.259271],[-103.707429,19.258907],[-103.707839,19.258428],[-103.707896,19.258362],[-103.708589,19.257551],[-103.708826,19.257274],[-103.709015,19.257053],[-103.709323,19.256693],[-103.709637,19.256326],[-103.710035,19.25586],[-103.710414,19.255416],[-103.710818,19.254944],[-103.711217,19.254477],[-103.711625,19.253999],[-103.712103,19.253443],[-103.71255,19.252918],[-103.712921,19.25248],[-103.713274,19.252063],[-103.713629,19.251643],[-103.713962,19.25125],[-103.714359,19.250781],[-103.714735,19.250336],[-103.715018,19.250001],[-103.715341,19.24962],[-103.715736,19.249156],[-103.716138,19.248683],[-103.716829,19.24787],[-103.717258,19.247284],[-103.717285,19.247248],[-103.717874,19.246444],[-103.718487,19.245607],[-103.719031,19.244864],[-103.719391,19.244381],[-103.719801,19.243829],[-103.720259,19.243146],[-103.721682,19.242899],[-103.721888,19.24278],[-103.723362,19.242129],[-103.723478,19.242078],[-103.723968,19.241495],[-103.724488,19.240877],[-103.723606,19.240233],[-103.723908,19.239827],[-103.724588,19.238916],[-103.724565,19.238772],[-103.724972,19.23823],[-103.725228,19.237848],[-103.725551,19.237365],[-103.726405,19.236088],[-103.725519,19.235722],[-103.726679,19.234118],[-103.727462,19.233036],[-103.728072,19.232192],[-103.728979,19.230937],[-103.729381,19.230381],[-103.729409,19.229961]]]}}]}